lat,lon,CurbRamp,NoSidewalk,Obstacle,NoCurbRamp,SurfaceProblem,Crosswalk,Signal,Other
41.82371902,-87.62046814,1.0,0.0,0.0,0.0,0.0,0.0,0.0,0.0
41.81319046,-87.62149811,1.0,0.0,0.0,0.0,0.0,0.0,0.0,0.0
41.81484985,-87.62059784,1.0,0.0,0.0,0.0,0.0,0.0,0.0,0.0
41.81113815,-87.6164093,1.0,0.0,0.0,0.0,0.0,0.0,0.0,0.0
41.81469727,-87.6211853,1.0,0.0,0.0,0.0,0.0,0.0,0.0,0.0
41.81115341,-87.61631775,1.0,0.0,0.0,0.0,0.0,0.0,0.0,0.0
41.82020569,-87.61336517,1.0,0.0,0.0,0.0,0.0,0.0,0.0,0.0
41.82020569,-87.6135025,1.0,0.0,0.0,0.0,0.0,0.0,0.0,0.0
41.8148613,-87.61965942,1.0,0.0,0.0,0.0,0.0,0.0,0.0,0.0
41.81126404,-87.61642456,1.0,0.0,0.0,0.0,0.0,0.0,0.0,0.0
41.81485748,-87.61985016,1.0,0.0,0.0,0.0,0.0,0.0,0.0,0.0
41.81124878,-87.61630249,1.0,0.0,0.0,0.0,0.0,0.0,0.0,0.0
41.81483078,-87.61989594,1.0,0.0,0.0,0.0,0.0,0.0,0.0,0.0
41.81126404,-87.61633301,1.0,0.0,0.0,0.0,0.0,0.0,0.0,0.0
41.81481171,-87.6211853,1.0,0.0,0.0,0.0,0.0,0.0,0.0,0.0
41.81035995,-87.61628723,1.0,0.0,0.0,0.0,0.0,0.0,0.0,0.0
41.81840515,-87.62129211,2.0,0.0,0.0,0.0,0.0,0.0,0.0,0.0
41.81843185,-87.6216507,2.0,0.0,0.0,0.0,0.0,0.0,0.0,0.0
41.81847,-87.62134552,3.0,0.0,0.0,0.0,0.0,0.0,0.0,0.0
41.82256317,-87.61726379,1.0,0.0,0.0,0.0,0.0,0.0,0.0,0.0
41.82211304,-87.61784363,2.0,0.0,0.0,0.0,0.0,0.0,0.0,0.0
41.82253265,-87.61708069,1.0,0.0,0.0,0.0,0.0,0.0,0.0,0.0
41.82275772,-87.61716461,1.0,0.0,0.0,0.0,0.0,0.0,0.0,0.0
41.82275772,-87.61707306,1.0,0.0,0.0,0.0,0.0,0.0,0.0,0.0
41.82255173,-87.61685181,1.0,0.0,0.0,0.0,0.0,0.0,0.0,0.0
41.82273483,-87.61685181,1.0,0.0,0.0,0.0,0.0,0.0,0.0,0.0
41.82375336,-87.61710358,1.0,0.0,0.0,0.0,0.0,0.0,0.0,0.0
41.82377243,-87.61692047,1.0,0.0,0.0,0.0,0.0,0.0,0.0,0.0
41.82375717,-87.61682892,1.0,0.0,0.0,0.0,0.0,0.0,0.0,0.0
41.8237648,-87.61678314,1.0,0.0,0.0,0.0,0.0,0.0,0.0,0.0
41.82374954,-87.61688232,2.0,0.0,0.0,0.0,0.0,0.0,0.0,0.0
41.82014465,-87.61700439,1.0,0.0,0.0,0.0,0.0,0.0,0.0,0.0
41.82014847,-87.61710358,1.0,0.0,0.0,0.0,0.0,0.0,0.0,0.0
41.82017899,-87.61725616,1.0,0.0,0.0,0.0,0.0,0.0,0.0,0.0
41.8202095,-87.61717224,1.0,0.0,0.0,0.0,0.0,0.0,0.0,0.0
41.8201561,-87.61719513,1.0,0.0,0.0,0.0,0.0,0.0,0.0,0.0
41.82031631,-87.61700439,1.0,0.0,0.0,0.0,0.0,0.0,0.0,0.0
41.82031631,-87.61711121,1.0,0.0,0.0,0.0,0.0,0.0,0.0,0.0
41.82029724,-87.61720276,1.0,0.0,0.0,0.0,0.0,0.0,0.0,0.0
41.82014847,-87.61788177,2.0,0.0,0.0,0.0,0.0,0.0,0.0,0.0
41.82029724,-87.6178894,1.0,0.0,0.0,0.0,0.0,0.0,0.0,0.0
41.82017136,-87.6167984,1.0,0.0,0.0,0.0,0.0,0.0,0.0,0.0
41.82031631,-87.6167984,1.0,0.0,0.0,0.0,0.0,0.0,0.0,0.0
41.81822968,-87.62459564,2.0,0.0,0.0,0.0,0.0,0.0,0.0,0.0
41.81641769,-87.6264267,1.0,0.0,0.0,0.0,0.0,0.0,0.0,0.0
41.81838608,-87.62451172,2.0,0.0,0.0,0.0,0.0,0.0,0.0,0.0
41.81840515,-87.62462616,2.0,0.0,0.0,0.0,0.0,0.0,0.0,0.0
41.81829071,-87.62289429,2.0,0.0,0.0,0.0,0.0,0.0,0.0,0.0
41.81843185,-87.62295532,1.0,0.0,0.0,0.0,0.0,0.0,0.0,0.0
41.81840515,-87.62290192,1.0,0.0,0.0,0.0,0.0,0.0,0.0,0.0
41.81644821,-87.62310028,1.0,0.0,0.0,0.0,0.0,0.0,0.0,0.0
41.81649399,-87.6231842,1.0,0.0,0.0,0.0,0.0,0.0,0.0,0.0
41.81661987,-87.62310791,1.0,0.0,0.0,0.0,0.0,0.0,0.0,0.0
41.81663132,-87.62317657,1.0,0.0,0.0,0.0,0.0,0.0,0.0,0.0
41.81658173,-87.62456512,1.0,0.0,0.0,0.0,0.0,0.0,0.0,0.0
41.81660843,-87.62319183,1.0,0.0,0.0,0.0,0.0,0.0,0.0,0.0
41.81648254,-87.62287903,1.0,0.0,0.0,0.0,0.0,0.0,0.0,0.0
41.81661987,-87.62294769,1.0,0.0,0.0,0.0,0.0,0.0,0.0,0.0
41.81663513,-87.62136841,1.0,0.0,0.0,0.0,0.0,0.0,0.0,0.0
41.81712341,-87.62162018,1.0,0.0,0.0,0.0,0.0,0.0,0.0,0.0
41.81660461,-87.62284851,1.0,0.0,0.0,0.0,0.0,0.0,0.0,0.0
41.82203674,-87.61730957,1.0,0.0,0.0,0.0,0.0,0.0,0.0,0.0
41.82210159,-87.61730957,1.0,0.0,0.0,0.0,0.0,0.0,0.0,0.0
41.82256317,-87.61716461,1.0,0.0,0.0,0.0,0.0,0.0,0.0,0.0
41.8221283,-87.61790466,2.0,0.0,0.0,0.0,0.0,0.0,0.0,0.0
41.82374954,-87.61736298,1.0,0.0,0.0,0.0,0.0,0.0,0.0,0.0
41.82372665,-87.61908722,1.0,0.0,0.0,0.0,0.0,0.0,0.0,0.0
41.82348633,-87.6186676,3.0,0.0,0.0,0.0,0.0,0.0,0.0,0.0
41.8237381,-87.61732483,2.0,0.0,0.0,0.0,0.0,0.0,0.0,0.0
41.82373428,-87.61930847,1.0,0.0,0.0,0.0,0.0,0.0,0.0,0.0
41.82342911,-87.61840057,1.0,0.0,0.0,0.0,0.0,0.0,0.0,0.0
41.82372284,-87.61791992,1.0,0.0,0.0,0.0,0.0,0.0,0.0,0.0
41.82349396,-87.6184082,1.0,0.0,0.0,0.0,0.0,0.0,0.0,0.0
41.82377243,-87.6173172,1.0,0.0,0.0,0.0,0.0,0.0,0.0,0.0
41.82373047,-87.61845398,1.0,0.0,0.0,0.0,0.0,0.0,0.0,0.0
41.8237381,-87.61797333,1.0,0.0,0.0,0.0,0.0,0.0,0.0,0.0
41.82372665,-87.61863708,1.0,0.0,0.0,0.0,0.0,0.0,0.0,0.0
41.82276535,-87.61724091,1.0,0.0,0.0,0.0,0.0,0.0,0.0,0.0
41.82208633,-87.61916351,3.0,0.0,0.0,0.0,0.0,0.0,0.0,0.0
41.82203293,-87.61836243,2.0,0.0,0.0,0.0,0.0,0.0,0.0,0.0
41.82209015,-87.61837006,1.0,0.0,0.0,0.0,0.0,0.0,0.0,0.0
41.82210541,-87.61841583,2.0,0.0,0.0,0.0,0.0,0.0,0.0,0.0
41.8220253,-87.61862946,1.0,0.0,0.0,0.0,0.0,0.0,0.0,0.0
41.82208252,-87.61862946,1.0,0.0,0.0,0.0,0.0,0.0,0.0,0.0
41.82209778,-87.61857605,1.0,0.0,0.0,0.0,0.0,0.0,0.0,0.0
41.82207489,-87.62011719,1.0,0.0,0.0,0.0,0.0,0.0,0.0,0.0
41.82201004,-87.62012482,1.0,0.0,0.0,0.0,0.0,0.0,0.0,0.0
41.82201385,-87.61975861,2.0,0.0,0.0,0.0,0.0,0.0,0.0,0.0
41.8237114,-87.61987305,1.0,0.0,0.0,0.0,0.0,0.0,0.0,0.0
41.82207108,-87.61976624,2.0,0.0,0.0,0.0,0.0,0.0,0.0,0.0
41.82029343,-87.61724091,1.0,0.0,0.0,0.0,0.0,0.0,0.0,0.0
41.82032013,-87.61668396,1.0,0.0,0.0,0.0,0.0,0.0,0.0,0.0
41.82030106,-87.61652374,1.0,0.0,0.0,0.0,0.0,0.0,0.0,0.0
41.8203392,-87.61657715,1.0,0.0,0.0,0.0,0.0,0.0,0.0,0.0
41.82015228,-87.61671448,1.0,0.0,0.0,0.0,0.0,0.0,0.0,0.0
41.82017899,-87.61659241,1.0,0.0,0.0,0.0,0.0,0.0,0.0,0.0
41.82018661,-87.61654663,1.0,0.0,0.0,0.0,0.0,0.0,0.0,0.0
41.82016373,-87.61833954,1.0,0.0,0.0,0.0,0.0,0.0,0.0,0.0
41.82014084,-87.61837006,2.0,0.0,0.0,0.0,0.0,0.0,0.0,0.0
41.82027817,-87.61836243,1.0,0.0,0.0,0.0,0.0,0.0,0.0,0.0
41.82028961,-87.61832428,1.0,0.0,0.0,0.0,0.0,0.0,0.0,0.0
41.8202858,-87.61851501,2.0,0.0,0.0,0.0,0.0,0.0,0.0,0.0
41.82026672,-87.61855316,2.0,0.0,0.0,0.0,0.0,0.0,0.0,0.0
41.82014084,-87.61901855,4.0,0.0,0.0,0.0,0.0,0.0,0.0,0.0
41.82016754,-87.61969757,1.0,0.0,0.0,0.0,0.0,0.0,0.0,0.0
41.82014847,-87.61854553,2.0,0.0,0.0,0.0,0.0,0.0,0.0,0.0
41.82015991,-87.6185379,1.0,0.0,0.0,0.0,0.0,0.0,0.0,0.0
41.81945419,-87.61347198,1.0,0.0,0.0,0.0,0.0,0.0,0.0,0.0
41.82037735,-87.61424255,2.0,0.0,0.0,0.0,0.0,0.0,0.0,0.0
41.81948471,-87.61351013,1.0,0.0,0.0,0.0,0.0,0.0,0.0,0.0
41.82035828,-87.61413574,1.0,0.0,0.0,0.0,0.0,0.0,0.0,0.0
41.81946945,-87.61370087,1.0,0.0,0.0,0.0,0.0,0.0,0.0,0.0
41.82017899,-87.61427307,1.0,0.0,0.0,0.0,0.0,0.0,0.0,0.0
41.81950378,-87.61363983,1.0,0.0,0.0,0.0,0.0,0.0,0.0,0.0
41.82017899,-87.61420441,1.0,0.0,0.0,0.0,0.0,0.0,0.0,0.0
41.82034302,-87.61351776,1.0,0.0,0.0,0.0,0.0,0.0,0.0,0.0
41.82037354,-87.61347198,1.0,0.0,0.0,0.0,0.0,0.0,0.0,0.0
41.82037354,-87.61333466,1.0,0.0,0.0,0.0,0.0,0.0,0.0,0.0
41.8203392,-87.61330414,1.0,0.0,0.0,0.0,0.0,0.0,0.0,0.0
41.82024384,-87.61332703,1.0,0.0,0.0,0.0,0.0,0.0,0.0,0.0
41.82024002,-87.61354065,1.0,0.0,0.0,0.0,0.0,0.0,0.0,0.0
41.82198715,-87.62173462,1.0,0.0,0.0,0.0,0.0,0.0,0.0,0.0
41.82205963,-87.62174225,2.0,0.0,0.0,0.0,0.0,0.0,0.0,0.0
41.82203674,-87.62163544,2.0,0.0,0.0,0.0,0.0,0.0,0.0,0.0
41.82205582,-87.62168884,3.0,0.0,0.0,0.0,0.0,0.0,0.0,0.0
41.82199097,-87.62137604,1.0,0.0,0.0,0.0,0.0,0.0,0.0,0.0
41.82204056,-87.62138367,2.0,0.0,0.0,0.0,0.0,0.0,0.0,0.0
41.822052,-87.62145996,2.0,0.0,0.0,0.0,0.0,0.0,0.0,0.0
41.82197189,-87.62298584,3.0,0.0,0.0,0.0,0.0,0.0,0.0,0.0
41.82203674,-87.62300873,2.0,0.0,0.0,0.0,0.0,0.0,0.0,0.0
41.82204437,-87.62329865,1.0,0.0,0.0,0.0,0.0,0.0,0.0,0.0
41.82197189,-87.62336731,2.0,0.0,0.0,0.0,0.0,0.0,0.0,0.0
41.82201767,-87.62335205,1.0,0.0,0.0,0.0,0.0,0.0,0.0,0.0
41.81665802,-87.61843872,1.0,0.0,0.0,0.0,0.0,0.0,0.0,0.0
41.81671143,-87.61894226,2.0,0.0,0.0,0.0,0.0,0.0,0.0,0.0
41.81653976,-87.61699677,1.0,0.0,0.0,0.0,0.0,0.0,0.0,0.0
41.81669617,-87.61832428,1.0,0.0,0.0,0.0,0.0,0.0,0.0,0.0
41.81697083,-87.61849213,3.0,0.0,0.0,0.0,0.0,0.0,0.0,0.0
41.81669617,-87.61710358,1.0,0.0,0.0,0.0,0.0,0.0,0.0,0.0
41.81700897,-87.61824799,1.0,0.0,0.0,0.0,0.0,0.0,0.0,0.0
41.8167038,-87.61713409,1.0,0.0,0.0,0.0,0.0,0.0,0.0,0.0
41.81665802,-87.61823273,1.0,0.0,0.0,0.0,0.0,0.0,0.0,0.0
41.81669235,-87.61829376,1.0,0.0,0.0,0.0,0.0,0.0,0.0,0.0
41.81654358,-87.61828613,1.0,0.0,0.0,0.0,0.0,0.0,0.0,0.0
41.81028366,-87.61628723,1.0,0.0,0.0,0.0,0.0,0.0,0.0,0.0
41.81668091,-87.61833954,1.0,0.0,0.0,0.0,0.0,0.0,0.0,0.0
41.81657791,-87.61825562,1.0,0.0,0.0,0.0,0.0,0.0,0.0,0.0
41.81654739,-87.61714935,2.0,0.0,0.0,0.0,0.0,0.0,0.0,0.0
41.81667709,-87.61847687,1.0,0.0,0.0,0.0,0.0,0.0,0.0,0.0
41.81669998,-87.6184082,1.0,0.0,0.0,0.0,0.0,0.0,0.0,0.0
41.81654358,-87.61840057,1.0,0.0,0.0,0.0,0.0,0.0,0.0,0.0
41.81655884,-87.61844635,1.0,0.0,0.0,0.0,0.0,0.0,0.0,0.0
41.81650162,-87.6197052,1.0,0.0,0.0,0.0,0.0,0.0,0.0,0.0
41.81654358,-87.61962891,1.0,0.0,0.0,0.0,0.0,0.0,0.0,0.0
41.81665039,-87.61962891,1.0,0.0,0.0,0.0,0.0,0.0,0.0,0.0
41.81667709,-87.6197052,1.0,0.0,0.0,0.0,0.0,0.0,0.0,0.0
41.81655121,-87.61992645,1.0,0.0,0.0,0.0,0.0,0.0,0.0,0.0
41.81650925,-87.62128448,1.0,0.0,0.0,0.0,0.0,0.0,0.0,0.0
41.81651306,-87.61987305,1.0,0.0,0.0,0.0,0.0,0.0,0.0,0.0
41.81666946,-87.61988831,1.0,0.0,0.0,0.0,0.0,0.0,0.0,0.0
41.81663132,-87.61994934,1.0,0.0,0.0,0.0,0.0,0.0,0.0,0.0
41.81651688,-87.62135315,1.0,0.0,0.0,0.0,0.0,0.0,0.0,0.0
41.81846619,-87.61828613,1.0,0.0,0.0,0.0,0.0,0.0,0.0,0.0
41.81849289,-87.61832428,1.0,0.0,0.0,0.0,0.0,0.0,0.0,0.0
41.81851578,-87.61780548,2.0,0.0,0.0,0.0,0.0,0.0,0.0,0.0
41.81835938,-87.61828613,1.0,0.0,0.0,0.0,0.0,0.0,0.0,0.0
41.8184967,-87.61849213,1.0,0.0,0.0,0.0,0.0,0.0,0.0,0.0
41.81848145,-87.61852264,1.0,0.0,0.0,0.0,0.0,0.0,0.0,0.0
41.81835175,-87.61849213,1.0,0.0,0.0,0.0,0.0,0.0,0.0,0.0
41.81835938,-87.61852264,1.0,0.0,0.0,0.0,0.0,0.0,0.0,0.0
41.81649399,-87.62124634,1.0,0.0,0.0,0.0,0.0,0.0,0.0,0.0
41.81647873,-87.62133026,1.0,0.0,0.0,0.0,0.0,0.0,0.0,0.0
41.81664276,-87.62132263,1.0,0.0,0.0,0.0,0.0,0.0,0.0,0.0
41.81664658,-87.62124634,1.0,0.0,0.0,0.0,0.0,0.0,0.0,0.0
41.81647873,-87.62150574,1.0,0.0,0.0,0.0,0.0,0.0,0.0,0.0
41.81663513,-87.6215744,1.0,0.0,0.0,0.0,0.0,0.0,0.0,0.0
41.81663895,-87.62152863,1.0,0.0,0.0,0.0,0.0,0.0,0.0,0.0
41.81484604,-87.62123871,1.0,0.0,0.0,0.0,0.0,0.0,0.0,0.0
41.81111908,-87.62624359,1.0,0.0,0.0,0.0,0.0,0.0,0.0,0.0
41.81466293,-87.62283325,1.0,0.0,0.0,0.0,0.0,0.0,0.0,0.0
41.81481934,-87.62126923,1.0,0.0,0.0,0.0,0.0,0.0,0.0,0.0
41.81481934,-87.62286377,1.0,0.0,0.0,0.0,0.0,0.0,0.0,0.0
41.81479263,-87.62122345,1.0,0.0,0.0,0.0,0.0,0.0,0.0,0.0
41.81099701,-87.62598419,1.0,0.0,0.0,0.0,0.0,0.0,0.0,0.0
41.81464005,-87.62287903,1.0,0.0,0.0,0.0,0.0,0.0,0.0,0.0
41.81468582,-87.62122345,1.0,0.0,0.0,0.0,0.0,0.0,0.0,0.0
41.81111526,-87.62600708,1.0,0.0,0.0,0.0,0.0,0.0,0.0,0.0
41.81466675,-87.62148285,1.0,0.0,0.0,0.0,0.0,0.0,0.0,0.0
41.81309891,-87.62633514,1.0,0.0,0.0,0.0,0.0,0.0,0.0,0.0
41.81478882,-87.62281799,1.0,0.0,0.0,0.0,0.0,0.0,0.0,0.0
41.81470871,-87.62149811,1.0,0.0,0.0,0.0,0.0,0.0,0.0,0.0
41.81299591,-87.62634277,1.0,0.0,0.0,0.0,0.0,0.0,0.0,0.0
41.81469345,-87.62154388,1.0,0.0,0.0,0.0,0.0,0.0,0.0,0.0
41.81314087,-87.62631226,1.0,0.0,0.0,0.0,0.0,0.0,0.0,0.0
41.81481934,-87.62146759,3.0,0.0,0.0,0.0,0.0,0.0,0.0,0.0
41.81109619,-87.62596893,1.0,0.0,0.0,0.0,0.0,0.0,0.0,0.0
41.81480408,-87.62151337,1.0,0.0,0.0,0.0,0.0,0.0,0.0,0.0
41.81213379,-87.62627411,3.0,0.0,0.0,0.0,0.0,0.0,0.0,0.0
41.81322098,-87.6214447,2.0,0.0,0.0,0.0,0.0,0.0,0.0,0.0
41.81468964,-87.62052917,2.0,0.0,0.0,0.0,0.0,0.0,0.0,0.0
41.81111908,-87.61653137,1.0,0.0,0.0,0.0,0.0,0.0,0.0,0.0
41.8147049,-87.61964417,3.0,0.0,0.0,0.0,0.0,0.0,0.0,0.0
41.81112289,-87.61695099,1.0,0.0,0.0,0.0,0.0,0.0,0.0,0.0
41.81472397,-87.6195755,2.0,0.0,0.0,0.0,0.0,0.0,0.0,0.0
41.81126785,-87.61671448,1.0,0.0,0.0,0.0,0.0,0.0,0.0,0.0
41.81483459,-87.6195755,1.0,0.0,0.0,0.0,0.0,0.0,0.0,0.0
41.8112793,-87.616539,1.0,0.0,0.0,0.0,0.0,0.0,0.0,0.0
41.81469727,-87.61985779,1.0,0.0,0.0,0.0,0.0,0.0,0.0,0.0
41.81111908,-87.61685944,1.0,0.0,0.0,0.0,0.0,0.0,0.0,0.0
41.81472778,-87.61990356,2.0,0.0,0.0,0.0,0.0,0.0,0.0,0.0
41.81114197,-87.61671448,1.0,0.0,0.0,0.0,0.0,0.0,0.0,0.0
41.81287384,-87.62119293,2.0,0.0,0.0,0.0,0.0,0.0,0.0,0.0
41.81124496,-87.61698151,1.0,0.0,0.0,0.0,0.0,0.0,0.0,0.0
41.81288147,-87.62113953,2.0,0.0,0.0,0.0,0.0,0.0,0.0,0.0
41.81127548,-87.61695862,1.0,0.0,0.0,0.0,0.0,0.0,0.0,0.0
41.81299973,-87.62112427,1.0,0.0,0.0,0.0,0.0,0.0,0.0,0.0
41.81115341,-87.61698151,1.0,0.0,0.0,0.0,0.0,0.0,0.0,0.0
41.81288147,-87.62145233,4.0,0.0,0.0,0.0,0.0,0.0,0.0,0.0
41.81299591,-87.62115479,2.0,0.0,0.0,0.0,0.0,0.0,0.0,0.0
41.8112793,-87.61685181,1.0,0.0,0.0,0.0,0.0,0.0,0.0,0.0
41.82378006,-87.61444855,2.0,0.0,0.0,0.0,0.0,0.0,0.0,0.0
41.82277298,-87.61459351,3.0,0.0,0.0,0.0,0.0,0.0,0.0,0.0
41.82379532,-87.61274719,1.0,0.0,0.0,0.0,0.0,0.0,0.0,0.0
41.8228035,-87.61294556,1.0,0.0,0.0,0.0,0.0,0.0,0.0,0.0
41.82277679,-87.61299133,1.0,0.0,0.0,0.0,0.0,0.0,0.0,0.0
41.82277298,-87.61275482,1.0,0.0,0.0,0.0,0.0,0.0,0.0,0.0
41.82279587,-87.61277771,1.0,0.0,0.0,0.0,0.0,0.0,0.0,0.0
41.82258987,-87.61279297,2.0,0.0,0.0,0.0,0.0,0.0,0.0,0.0
41.82149124,-87.61302185,1.0,0.0,0.0,0.0,0.0,0.0,0.0,0.0
41.82258606,-87.61287689,1.0,0.0,0.0,0.0,0.0,0.0,0.0,0.0
41.82256317,-87.61284637,1.0,0.0,0.0,0.0,0.0,0.0,0.0,0.0
41.82258987,-87.61302948,1.0,0.0,0.0,0.0,0.0,0.0,0.0,0.0
41.82256699,-87.61300659,1.0,0.0,0.0,0.0,0.0,0.0,0.0,0.0
41.82258224,-87.61660767,1.0,0.0,0.0,0.0,0.0,0.0,0.0,0.0
41.82275009,-87.61665344,1.0,0.0,0.0,0.0,0.0,0.0,0.0,0.0
41.8227272,-87.61662292,1.0,0.0,0.0,0.0,0.0,0.0,0.0,0.0
41.82263565,-87.60969543,2.0,0.0,0.0,0.0,0.0,0.0,0.0,0.0
41.82261658,-87.60972595,1.0,0.0,0.0,0.0,0.0,0.0,0.0,0.0
41.82262421,-87.60990143,1.0,0.0,0.0,0.0,0.0,0.0,0.0,0.0
41.82260895,-87.60987854,1.0,0.0,0.0,0.0,0.0,0.0,0.0,0.0
41.82279587,-87.60990143,1.0,0.0,0.0,0.0,0.0,0.0,0.0,0.0
41.82282639,-87.60987091,1.0,0.0,0.0,0.0,0.0,0.0,0.0,0.0
41.82279968,-87.60969543,2.0,0.0,0.0,0.0,0.0,0.0,0.0,0.0
41.82282257,-87.60974121,2.0,0.0,0.0,0.0,0.0,0.0,0.0,0.0
41.81834793,-87.61831665,1.0,0.0,0.0,0.0,0.0,0.0,0.0,0.0
41.81834412,-87.61780548,3.0,0.0,0.0,0.0,0.0,0.0,0.0,0.0
41.81837082,-87.61717224,1.0,0.0,0.0,0.0,0.0,0.0,0.0,0.0
41.81835175,-87.61773682,2.0,0.0,0.0,0.0,0.0,0.0,0.0,0.0
41.81849289,-87.6171875,1.0,0.0,0.0,0.0,0.0,0.0,0.0,0.0
41.81851196,-87.61773682,2.0,0.0,0.0,0.0,0.0,0.0,0.0,0.0
41.82365417,-87.62469482,2.0,0.0,0.0,0.0,0.0,0.0,0.0,0.0
41.82281494,-87.62490082,2.0,0.0,0.0,0.0,0.0,0.0,0.0,0.0
41.82201385,-87.6246109,3.0,0.0,0.0,0.0,0.0,0.0,0.0,0.0
41.82275391,-87.62493134,2.0,0.0,0.0,0.0,0.0,0.0,0.0,0.0
41.82195282,-87.62466431,2.0,0.0,0.0,0.0,0.0,0.0,0.0,0.0
41.82194138,-87.62490082,2.0,0.0,0.0,0.0,0.0,0.0,0.0,0.0
41.82200241,-87.62490845,2.0,0.0,0.0,0.0,0.0,0.0,0.0,0.0
41.8236618,-87.62471771,2.0,0.0,0.0,0.0,0.0,0.0,0.0,0.0
41.82364273,-87.62495422,1.0,0.0,0.0,0.0,0.0,0.0,0.0,0.0
41.82365799,-87.62497711,2.0,0.0,0.0,0.0,0.0,0.0,0.0,0.0
41.82363892,-87.62660217,1.0,0.0,0.0,0.0,0.0,0.0,0.0,0.0
41.82364655,-87.62749481,4.0,0.0,0.0,0.0,0.0,0.0,0.0,0.0
41.82183456,-87.62845612,2.0,0.0,0.0,0.0,0.0,0.0,0.0,0.0
41.822258,-87.62844849,4.0,0.0,0.0,0.0,0.0,0.0,0.0,0.0
41.82175827,-87.62848663,2.0,0.0,0.0,0.0,0.0,0.0,0.0,0.0
41.82242584,-87.62849426,3.0,0.0,0.0,0.0,0.0,0.0,0.0,0.0
41.82176971,-87.62843323,1.0,0.0,0.0,0.0,0.0,0.0,0.0,0.0
41.82236862,-87.62847137,4.0,0.0,0.0,0.0,0.0,0.0,0.0,0.0
41.8236084,-87.62849426,3.0,0.0,0.0,0.0,0.0,0.0,0.0,0.0
41.82360458,-87.62869263,3.0,0.0,0.0,0.0,0.0,0.0,0.0,0.0
41.82174683,-87.62745667,1.0,0.0,0.0,0.0,0.0,0.0,0.0,0.0
41.82178116,-87.62702942,1.0,0.0,0.0,0.0,0.0,0.0,0.0,0.0
41.8217659,-87.62761688,2.0,0.0,0.0,0.0,0.0,0.0,0.0,0.0
41.82185364,-87.62763977,1.0,0.0,0.0,0.0,0.0,0.0,0.0,0.0
41.82185745,-87.6276474,1.0,0.0,0.0,0.0,0.0,0.0,0.0,0.0
41.82363129,-87.62767792,2.0,0.0,0.0,0.0,0.0,0.0,0.0,0.0
41.82176971,-87.62743378,1.0,0.0,0.0,0.0,0.0,0.0,0.0,0.0
41.82184219,-87.62741852,2.0,0.0,0.0,0.0,0.0,0.0,0.0,0.0
41.82362747,-87.62748718,3.0,0.0,0.0,0.0,0.0,0.0,0.0,0.0
41.82187653,-87.62749481,1.0,0.0,0.0,0.0,0.0,0.0,0.0,0.0
41.82177734,-87.62627411,2.0,0.0,0.0,0.0,0.0,0.0,0.0,0.0
41.82197571,-87.62622833,4.0,0.0,0.0,0.0,0.0,0.0,0.0,0.0
41.82192612,-87.62623596,2.0,0.0,0.0,0.0,0.0,0.0,0.0,0.0
41.82184219,-87.62657928,2.0,0.0,0.0,0.0,0.0,0.0,0.0,0.0
41.82180023,-87.62657928,1.0,0.0,0.0,0.0,0.0,0.0,0.0,0.0
41.8217659,-87.62653351,2.0,0.0,0.0,0.0,0.0,0.0,0.0,0.0
41.82015991,-87.62647247,2.0,0.0,0.0,0.0,0.0,0.0,0.0,0.0
41.82081223,-87.62737274,1.0,0.0,0.0,0.0,0.0,0.0,0.0,0.0
41.82001114,-87.6264801,2.0,0.0,0.0,0.0,0.0,0.0,0.0,0.0
41.8208847,-87.62738037,3.0,0.0,0.0,0.0,0.0,0.0,0.0,0.0
41.82175827,-87.628685,1.0,0.0,0.0,0.0,0.0,0.0,0.0,0.0
41.82088089,-87.62762451,3.0,0.0,0.0,0.0,0.0,0.0,0.0,0.0
41.82035065,-87.62839508,1.0,0.0,0.0,0.0,0.0,0.0,0.0,0.0
41.82081223,-87.62763214,3.0,0.0,0.0,0.0,0.0,0.0,0.0,0.0
41.82037354,-87.62757874,2.0,0.0,0.0,0.0,0.0,0.0,0.0,0.0
41.82052231,-87.62742615,1.0,0.0,0.0,0.0,0.0,0.0,0.0,0.0
41.82053757,-87.62757111,2.0,0.0,0.0,0.0,0.0,0.0,0.0,0.0
41.82050705,-87.62757874,2.0,0.0,0.0,0.0,0.0,0.0,0.0,0.0
41.82049561,-87.62862396,1.0,0.0,0.0,0.0,0.0,0.0,0.0,0.0
41.82051468,-87.62845612,2.0,0.0,0.0,0.0,0.0,0.0,0.0,0.0
41.82048035,-87.62843323,2.0,0.0,0.0,0.0,0.0,0.0,0.0,0.0
41.82373428,-87.61719513,1.0,0.0,0.0,0.0,0.0,0.0,0.0,0.0
41.82197571,-87.62463379,2.0,0.0,0.0,0.0,0.0,0.0,0.0,0.0
41.8236618,-87.62307739,2.0,0.0,0.0,0.0,0.0,0.0,0.0,0.0
41.82366943,-87.62303925,1.0,0.0,0.0,0.0,0.0,0.0,0.0,0.0
41.82368088,-87.6230545,1.0,0.0,0.0,0.0,0.0,0.0,0.0,0.0
41.82366943,-87.62329865,2.0,0.0,0.0,0.0,0.0,0.0,0.0,0.0
41.82368469,-87.62147522,2.0,0.0,0.0,0.0,0.0,0.0,0.0,0.0
41.82368469,-87.62173462,2.0,0.0,0.0,0.0,0.0,0.0,0.0,0.0
41.82362747,-87.62630463,2.0,0.0,0.0,0.0,0.0,0.0,0.0,0.0
41.82362366,-87.62754822,1.0,0.0,0.0,0.0,0.0,0.0,0.0,0.0
41.82364273,-87.62626648,1.0,0.0,0.0,0.0,0.0,0.0,0.0,0.0
41.82362366,-87.62658691,1.0,0.0,0.0,0.0,0.0,0.0,0.0,0.0
41.82363892,-87.62752533,4.0,0.0,0.0,0.0,0.0,0.0,0.0,0.0
41.82361984,-87.62766266,2.0,0.0,0.0,0.0,0.0,0.0,0.0,0.0
41.82361221,-87.62751007,3.0,0.0,0.0,0.0,0.0,0.0,0.0,0.0
41.82027054,-87.62164307,1.0,0.0,0.0,0.0,0.0,0.0,0.0,0.0
41.82020569,-87.62295532,1.0,0.0,0.0,0.0,0.0,0.0,0.0,0.0
41.82026291,-87.62160492,1.0,0.0,0.0,0.0,0.0,0.0,0.0,0.0
41.82024765,-87.6230011,1.0,0.0,0.0,0.0,0.0,0.0,0.0,0.0
41.82022858,-87.62161255,1.0,0.0,0.0,0.0,0.0,0.0,0.0,0.0
41.82009506,-87.62295532,1.0,0.0,0.0,0.0,0.0,0.0,0.0,0.0
41.82022476,-87.62158203,1.0,0.0,0.0,0.0,0.0,0.0,0.0,0.0
41.82006836,-87.6230011,1.0,0.0,0.0,0.0,0.0,0.0,0.0,0.0
41.82020569,-87.6248703,1.0,0.0,0.0,0.0,0.0,0.0,0.0,0.0
41.8201828,-87.62458038,1.0,0.0,0.0,0.0,0.0,0.0,0.0,0.0
41.82020569,-87.62462616,3.0,0.0,0.0,0.0,0.0,0.0,0.0,0.0
41.81826782,-87.62451935,3.0,0.0,0.0,0.0,0.0,0.0,0.0,0.0
41.81641388,-87.62638092,1.0,0.0,0.0,0.0,0.0,0.0,0.0,0.0
41.81827927,-87.62485504,1.0,0.0,0.0,0.0,0.0,0.0,0.0,0.0
41.81641388,-87.62612152,1.0,0.0,0.0,0.0,0.0,0.0,0.0,0.0
41.81823349,-87.62481689,3.0,0.0,0.0,0.0,0.0,0.0,0.0,0.0
41.81839752,-87.62481689,2.0,0.0,0.0,0.0,0.0,0.0,0.0,0.0
41.81837463,-87.62484741,1.0,0.0,0.0,0.0,0.0,0.0,0.0,0.0
41.81655884,-87.62638855,1.0,0.0,0.0,0.0,0.0,0.0,0.0,0.0
41.818367,-87.6264267,1.0,0.0,0.0,0.0,0.0,0.0,0.0,0.0
41.81657028,-87.62614441,1.0,0.0,0.0,0.0,0.0,0.0,0.0,0.0
41.81822968,-87.62615967,1.0,0.0,0.0,0.0,0.0,0.0,0.0,0.0
41.81655502,-87.62611389,1.0,0.0,0.0,0.0,0.0,0.0,0.0,0.0
41.81836319,-87.62615204,1.0,0.0,0.0,0.0,0.0,0.0,0.0,0.0
41.81654358,-87.62641907,1.0,0.0,0.0,0.0,0.0,0.0,0.0,0.0
41.81840897,-87.62621307,1.0,0.0,0.0,0.0,0.0,0.0,0.0,0.0
41.8167305,-87.61698151,1.0,0.0,0.0,0.0,0.0,0.0,0.0,0.0
41.81747818,-87.61646271,1.0,0.0,0.0,0.0,0.0,0.0,0.0,0.0
41.81760788,-87.61646271,1.0,0.0,0.0,0.0,0.0,0.0,0.0,0.0
41.81832886,-87.61966705,1.0,0.0,0.0,0.0,0.0,0.0,0.0,0.0
41.81830978,-87.61974335,1.0,0.0,0.0,0.0,0.0,0.0,0.0,0.0
41.81845856,-87.61968231,2.0,0.0,0.0,0.0,0.0,0.0,0.0,0.0
41.81846237,-87.61850739,2.0,0.0,0.0,0.0,0.0,0.0,0.0,0.0
41.81848907,-87.61973572,3.0,0.0,0.0,0.0,0.0,0.0,0.0,0.0
41.81846619,-87.62003326,3.0,0.0,0.0,0.0,0.0,0.0,0.0,0.0
41.81849289,-87.61994934,2.0,0.0,0.0,0.0,0.0,0.0,0.0,0.0
41.81833649,-87.62001801,1.0,0.0,0.0,0.0,0.0,0.0,0.0,0.0
41.81830978,-87.61994934,1.0,0.0,0.0,0.0,0.0,0.0,0.0,0.0
41.82016373,-87.62137604,1.0,0.0,0.0,0.0,0.0,0.0,0.0,0.0
41.82009125,-87.62064362,2.0,0.0,0.0,0.0,0.0,0.0,0.0,0.0
41.82015228,-87.62140656,1.0,0.0,0.0,0.0,0.0,0.0,0.0,0.0
41.82010269,-87.62000275,1.0,0.0,0.0,0.0,0.0,0.0,0.0,0.0
41.82025528,-87.6213913,1.0,0.0,0.0,0.0,0.0,0.0,0.0,0.0
41.82014465,-87.62006378,1.0,0.0,0.0,0.0,0.0,0.0,0.0,0.0
41.82028198,-87.6213913,1.0,0.0,0.0,0.0,0.0,0.0,0.0,0.0
41.82026291,-87.62000275,2.0,0.0,0.0,0.0,0.0,0.0,0.0,0.0
41.82023621,-87.62138367,2.0,0.0,0.0,0.0,0.0,0.0,0.0,0.0
41.82024384,-87.62005615,1.0,0.0,0.0,0.0,0.0,0.0,0.0,0.0
41.82022476,-87.62142944,1.0,0.0,0.0,0.0,0.0,0.0,0.0,0.0
41.82012939,-87.61976624,1.0,0.0,0.0,0.0,0.0,0.0,0.0,0.0
41.82027817,-87.62142181,2.0,0.0,0.0,0.0,0.0,0.0,0.0,0.0
41.82026672,-87.61977386,2.0,0.0,0.0,0.0,0.0,0.0,0.0,0.0
41.82015991,-87.62159729,1.0,0.0,0.0,0.0,0.0,0.0,0.0,0.0
41.82011032,-87.62168884,3.0,0.0,0.0,0.0,0.0,0.0,0.0,0.0
41.82010269,-87.62163544,2.0,0.0,0.0,0.0,0.0,0.0,0.0,0.0
41.82023239,-87.62167358,1.0,0.0,0.0,0.0,0.0,0.0,0.0,0.0
41.82024384,-87.62162781,1.0,0.0,0.0,0.0,0.0,0.0,0.0,0.0
41.82022858,-87.62133789,1.0,0.0,0.0,0.0,0.0,0.0,0.0,0.0
41.82010269,-87.62137604,1.0,0.0,0.0,0.0,0.0,0.0,0.0,0.0
41.82011795,-87.62133026,1.0,0.0,0.0,0.0,0.0,0.0,0.0,0.0
41.81835175,-87.61673737,1.0,0.0,0.0,0.0,0.0,0.0,0.0,0.0
41.81836319,-87.61663055,1.0,0.0,0.0,0.0,0.0,0.0,0.0,0.0
41.81852722,-87.61673737,1.0,0.0,0.0,0.0,0.0,0.0,0.0,0.0
41.81853485,-87.61664581,1.0,0.0,0.0,0.0,0.0,0.0,0.0,0.0
41.81838608,-87.61650848,1.0,0.0,0.0,0.0,0.0,0.0,0.0,0.0
41.81837845,-87.61649323,2.0,0.0,0.0,0.0,0.0,0.0,0.0,0.0
41.81843185,-87.61592865,4.0,0.0,0.0,0.0,0.0,0.0,0.0,0.0
41.81850433,-87.61649323,1.0,0.0,0.0,0.0,0.0,0.0,0.0,0.0
41.81853867,-87.61652374,1.0,0.0,0.0,0.0,0.0,0.0,0.0,0.0
41.81851578,-87.6170578,1.0,0.0,0.0,0.0,0.0,0.0,0.0,0.0
41.81853867,-87.61695099,1.0,0.0,0.0,0.0,0.0,0.0,0.0,0.0
41.8183403,-87.61695099,1.0,0.0,0.0,0.0,0.0,0.0,0.0,0.0
41.8183403,-87.61704254,1.0,0.0,0.0,0.0,0.0,0.0,0.0,0.0
41.81851959,-87.61716461,1.0,0.0,0.0,0.0,0.0,0.0,0.0,0.0
41.81941605,-87.61651611,1.0,0.0,0.0,0.0,0.0,0.0,0.0,0.0
41.81926346,-87.61650848,1.0,0.0,0.0,0.0,0.0,0.0,0.0,0.0
41.81932068,-87.61346436,1.0,0.0,0.0,0.0,0.0,0.0,0.0,0.0
41.81928253,-87.61352539,1.0,0.0,0.0,0.0,0.0,0.0,0.0,0.0
41.81927872,-87.61369324,1.0,0.0,0.0,0.0,0.0,0.0,0.0,0.0
41.81932068,-87.61371613,1.0,0.0,0.0,0.0,0.0,0.0,0.0,0.0
41.81838608,-87.61373138,1.0,0.0,0.0,0.0,0.0,0.0,0.0,0.0
41.81673431,-87.60803223,1.0,0.0,0.0,0.0,0.0,0.0,0.0,0.0
41.8184166,-87.61367798,1.0,0.0,0.0,0.0,0.0,0.0,0.0,0.0
41.81838989,-87.61385345,1.0,0.0,0.0,0.0,0.0,0.0,0.0,0.0
41.81842041,-87.61449432,4.0,0.0,0.0,0.0,0.0,0.0,0.0,0.0
41.81842422,-87.61387634,1.0,0.0,0.0,0.0,0.0,0.0,0.0,0.0
41.81859207,-87.61369324,3.0,0.0,0.0,0.0,0.0,0.0,0.0,0.0
41.8185463,-87.61364746,3.0,0.0,0.0,0.0,0.0,0.0,0.0,0.0
41.81857681,-87.61381531,1.0,0.0,0.0,0.0,0.0,0.0,0.0,0.0
41.81855011,-87.61385345,3.0,0.0,0.0,0.0,0.0,0.0,0.0,0.0
41.8237114,-87.62010193,1.0,0.0,0.0,0.0,0.0,0.0,0.0,0.0
41.82373428,-87.6198349,2.0,0.0,0.0,0.0,0.0,0.0,0.0,0.0
41.82374191,-87.61712646,2.0,0.0,0.0,0.0,0.0,0.0,0.0,0.0
41.82376862,-87.61668396,2.0,0.0,0.0,0.0,0.0,0.0,0.0,0.0
41.82376099,-87.61666107,2.0,0.0,0.0,0.0,0.0,0.0,0.0,0.0
41.82381058,-87.61275482,1.0,0.0,0.0,0.0,0.0,0.0,0.0,0.0
41.81827545,-87.6215744,1.0,0.0,0.0,0.0,0.0,0.0,0.0,0.0
41.81830215,-87.62165833,1.0,0.0,0.0,0.0,0.0,0.0,0.0,0.0
41.81846619,-87.62158203,2.0,0.0,0.0,0.0,0.0,0.0,0.0,0.0
41.81831741,-87.62129211,1.0,0.0,0.0,0.0,0.0,0.0,0.0,0.0
41.8166275,-87.62126923,1.0,0.0,0.0,0.0,0.0,0.0,0.0,0.0
41.81828308,-87.62134552,1.0,0.0,0.0,0.0,0.0,0.0,0.0,0.0
41.8182869,-87.62325287,2.0,0.0,0.0,0.0,0.0,0.0,0.0,0.0
41.81825638,-87.62319183,2.0,0.0,0.0,0.0,0.0,0.0,0.0,0.0
41.81826019,-87.62296295,1.0,0.0,0.0,0.0,0.0,0.0,0.0,0.0
41.81649399,-87.62158203,1.0,0.0,0.0,0.0,0.0,0.0,0.0,0.0
41.81644821,-87.62481689,1.0,0.0,0.0,0.0,0.0,0.0,0.0,0.0
41.81642151,-87.62474823,2.0,0.0,0.0,0.0,0.0,0.0,0.0,0.0
41.81659317,-87.62477875,1.0,0.0,0.0,0.0,0.0,0.0,0.0,0.0
41.81658173,-87.62482452,1.0,0.0,0.0,0.0,0.0,0.0,0.0,0.0
41.81658173,-87.62449646,1.0,0.0,0.0,0.0,0.0,0.0,0.0,0.0
41.81642914,-87.62454987,1.0,0.0,0.0,0.0,0.0,0.0,0.0,0.0
41.81645966,-87.62449646,1.0,0.0,0.0,0.0,0.0,0.0,0.0,0.0
41.81644821,-87.62294006,1.0,0.0,0.0,0.0,0.0,0.0,0.0,0.0
41.81295395,-87.62630463,1.0,0.0,0.0,0.0,0.0,0.0,0.0,0.0
41.81309128,-87.62148285,3.0,0.0,0.0,0.0,0.0,0.0,0.0,0.0
41.81298065,-87.62604523,1.0,0.0,0.0,0.0,0.0,0.0,0.0,0.0
41.81481552,-87.62310028,1.0,0.0,0.0,0.0,0.0,0.0,0.0,0.0
41.81300735,-87.62601471,1.0,0.0,0.0,0.0,0.0,0.0,0.0,0.0
41.814785,-87.62316132,1.0,0.0,0.0,0.0,0.0,0.0,0.0,0.0
41.81310654,-87.62602997,1.0,0.0,0.0,0.0,0.0,0.0,0.0,0.0
41.81467056,-87.62315369,1.0,0.0,0.0,0.0,0.0,0.0,0.0,0.0
41.81312561,-87.62606812,1.0,0.0,0.0,0.0,0.0,0.0,0.0,0.0
41.81464005,-87.62309265,1.0,0.0,0.0,0.0,0.0,0.0,0.0,0.0
41.8184433,-87.62317657,2.0,0.0,0.0,0.0,0.0,0.0,0.0,0.0
41.81840897,-87.62325287,2.0,0.0,0.0,0.0,0.0,0.0,0.0,0.0
41.82137299,-87.61304474,1.0,0.0,0.0,0.0,0.0,0.0,0.0,0.0
41.82379532,-87.61258698,1.0,0.0,0.0,0.0,0.0,0.0,0.0,0.0
41.82382202,-87.61251068,1.0,0.0,0.0,0.0,0.0,0.0,0.0,0.0
41.82275009,-87.61676025,1.0,0.0,0.0,0.0,0.0,0.0,0.0,0.0
41.82254028,-87.61666107,1.0,0.0,0.0,0.0,0.0,0.0,0.0,0.0
41.82255173,-87.61675262,1.0,0.0,0.0,0.0,0.0,0.0,0.0,0.0
41.82256317,-87.61699677,1.0,0.0,0.0,0.0,0.0,0.0,0.0,0.0
41.82376099,-87.61729431,3.0,0.0,0.0,0.0,0.0,0.0,0.0,0.0
41.82104874,-87.61657715,3.0,0.0,0.0,0.0,0.0,0.0,0.0,0.0
41.82024384,-87.61972809,1.0,0.0,0.0,0.0,0.0,0.0,0.0,0.0
41.82014847,-87.61972046,1.0,0.0,0.0,0.0,0.0,0.0,0.0,0.0
41.8201561,-87.62621307,1.0,0.0,0.0,0.0,0.0,0.0,0.0,0.0
41.82017899,-87.62624359,1.0,0.0,0.0,0.0,0.0,0.0,0.0,0.0
41.82004547,-87.62617493,1.0,0.0,0.0,0.0,0.0,0.0,0.0,0.0
41.82006454,-87.62617493,1.0,0.0,0.0,0.0,0.0,0.0,0.0,0.0
41.82004166,-87.6262207,1.0,0.0,0.0,0.0,0.0,0.0,0.0,0.0
41.81928635,-87.62738037,1.0,0.0,0.0,0.0,0.0,0.0,0.0,0.0
41.8192482,-87.62755585,1.0,0.0,0.0,0.0,0.0,0.0,0.0,0.0
41.81912994,-87.62651062,1.0,0.0,0.0,0.0,0.0,0.0,0.0,0.0
41.81910324,-87.62646484,1.0,0.0,0.0,0.0,0.0,0.0,0.0,0.0
41.81927109,-87.62652588,1.0,0.0,0.0,0.0,0.0,0.0,0.0,0.0
41.8192482,-87.62857056,3.0,0.0,0.0,0.0,0.0,0.0,0.0,0.0
41.82007217,-87.62463379,2.0,0.0,0.0,0.0,0.0,0.0,0.0,0.0
41.82009125,-87.62460327,1.0,0.0,0.0,0.0,0.0,0.0,0.0,0.0
41.82019424,-87.62492371,1.0,0.0,0.0,0.0,0.0,0.0,0.0,0.0
41.82006073,-87.62484741,1.0,0.0,0.0,0.0,0.0,0.0,0.0,0.0
41.82007217,-87.62491608,2.0,0.0,0.0,0.0,0.0,0.0,0.0,0.0
41.82006836,-87.62324524,1.0,0.0,0.0,0.0,0.0,0.0,0.0,0.0
41.82009506,-87.62329102,1.0,0.0,0.0,0.0,0.0,0.0,0.0,0.0
41.82024384,-87.62324524,1.0,0.0,0.0,0.0,0.0,0.0,0.0,0.0
41.82021332,-87.62329865,1.0,0.0,0.0,0.0,0.0,0.0,0.0,0.0
41.82195663,-87.62460327,3.0,0.0,0.0,0.0,0.0,0.0,0.0,0.0
41.82369995,-87.61683655,0.0,1.0,0.0,0.0,0.0,0.0,0.0,0.0
41.82361221,-87.61689758,0.0,3.0,0.0,0.0,0.0,0.0,0.0,0.0
41.82384109,-87.61405945,0.0,4.0,0.0,0.0,0.0,0.0,0.0,0.0
41.82241821,-87.61685181,0.0,1.0,0.0,0.0,0.0,0.0,0.0,0.0
41.82207108,-87.61684418,0.0,4.0,0.0,0.0,0.0,0.0,0.0,0.0
41.82299423,-87.61685944,0.0,3.0,0.0,0.0,0.0,0.0,0.0,0.0
41.82207489,-87.61706543,0.0,4.0,0.0,0.0,0.0,0.0,0.0,0.0
41.82242966,-87.61707306,0.0,2.0,0.0,0.0,0.0,0.0,0.0,0.0
41.82177353,-87.62688446,0.0,5.0,0.0,0.0,0.0,0.0,0.0,0.0
41.82195282,-87.62615967,0.0,1.0,0.0,0.0,0.0,0.0,0.0,0.0
41.82192993,-87.62573242,0.0,5.0,0.0,0.0,0.0,0.0,0.0,0.0
41.82027817,-87.61929321,0.0,5.0,0.0,0.0,0.0,0.0,0.0,0.0
41.82027817,-87.61967468,0.0,5.0,0.0,0.0,0.0,0.0,0.0,0.0
41.82033539,-87.61704254,0.0,1.0,0.0,0.0,0.0,0.0,0.0,0.0
41.82053375,-87.61678314,0.0,1.0,0.0,0.0,0.0,0.0,0.0,0.0
41.81997299,-87.61698914,0.0,1.0,0.0,0.0,0.0,0.0,0.0,0.0
41.82011414,-87.61675262,0.0,1.0,0.0,0.0,0.0,0.0,0.0,0.0
41.82104111,-87.6160202,0.0,5.0,0.0,0.0,0.0,0.0,0.0,0.0
41.81106186,-87.61688995,0.0,5.0,0.0,0.0,0.0,0.0,0.0,0.0
41.81835556,-87.61669922,0.0,1.0,0.0,0.0,0.0,0.0,0.0,0.0
41.81874466,-87.61672211,0.0,1.0,0.0,0.0,0.0,0.0,0.0,0.0
41.81090927,-87.61671448,0.0,5.0,0.0,0.0,0.0,0.0,0.0,0.0
41.818573,-87.61695099,0.0,1.0,0.0,0.0,0.0,0.0,0.0,0.0
41.81110764,-87.61673737,0.0,5.0,0.0,0.0,0.0,0.0,0.0,0.0
41.81785965,-87.61692047,0.0,1.0,0.0,0.0,0.0,0.0,0.0,0.0
41.81109238,-87.61654663,0.0,5.0,0.0,0.0,0.0,0.0,0.0,0.0
41.81790161,-87.61671448,0.0,1.0,0.0,0.0,0.0,0.0,0.0,0.0
41.82363129,-87.62329102,0.0,2.0,0.0,0.0,0.0,0.0,0.0,0.0
41.82196426,-87.62846375,0.0,5.0,0.0,0.0,0.0,0.0,0.0,0.0
41.82187271,-87.62768555,0.0,4.0,0.0,0.0,0.0,0.0,0.0,0.0
41.82305145,-87.62866211,0.0,3.0,0.0,0.0,0.0,0.0,0.0,0.0
41.81135559,-87.62626648,0.0,4.0,0.0,0.0,0.0,0.0,0.0,0.0
41.82182312,-87.62660217,0.0,5.0,0.0,0.0,0.0,0.0,0.0,0.0
41.82170486,-87.62693787,0.0,5.0,0.0,0.0,0.0,0.0,0.0,0.0
41.82173538,-87.62705231,0.0,5.0,0.0,0.0,0.0,0.0,0.0,0.0
41.82184982,-87.62736511,0.0,1.0,0.0,0.0,0.0,0.0,0.0,0.0
41.82195282,-87.62495422,0.0,1.0,0.0,0.0,0.0,0.0,0.0,0.0
41.8209877,-87.62459564,0.0,5.0,0.0,0.0,0.0,0.0,0.0,0.0
41.82202911,-87.62340546,0.0,5.0,0.0,0.0,0.0,0.0,0.0,0.0
41.82304764,-87.61708069,0.0,3.0,0.0,0.0,0.0,0.0,0.0,0.0
41.82115555,-87.61606598,0.0,5.0,0.0,0.0,0.0,0.0,0.0,0.0
41.82202911,-87.61832428,0.0,1.0,0.0,0.0,0.0,0.0,0.0,0.0
41.82203674,-87.61863708,0.0,1.0,0.0,0.0,0.0,0.0,0.0,0.0
41.82199478,-87.61973572,0.0,1.0,0.0,0.0,0.0,0.0,0.0,0.0
41.81697464,-87.61823273,0.0,0.0,0.0,0.0,2.0,0.0,0.0,0.0
41.81651688,-87.62020111,0.0,0.0,0.0,0.0,2.0,0.0,0.0,0.0
41.81652069,-87.61899567,0.0,0.0,0.0,0.0,3.0,0.0,0.0,0.0
41.81652069,-87.62002563,0.0,0.0,0.0,0.0,2.0,0.0,0.0,0.0
41.81429291,-87.62151337,0.0,0.0,0.0,0.0,3.0,0.0,0.0,0.0
41.81195831,-87.62628174,0.0,0.0,0.0,0.0,2.0,0.0,0.0,0.0
41.81301117,-87.62142944,0.0,0.0,0.0,0.0,5.0,0.0,0.0,0.0
41.81222534,-87.62628174,0.0,0.0,0.0,0.0,1.0,0.0,0.0,0.0
41.82209778,-87.6186676,0.0,0.0,0.0,0.0,5.0,0.0,0.0,0.0
41.82270432,-87.6186142,0.0,0.0,0.0,0.0,4.0,0.0,0.0,0.0
41.82376099,-87.61569214,0.0,0.0,0.0,0.0,3.0,0.0,0.0,0.0
41.82365036,-87.61864471,0.0,0.0,0.0,0.0,4.0,0.0,0.0,0.0
41.82348251,-87.61980438,0.0,0.0,0.0,0.0,3.0,0.0,0.0,0.0
41.8237648,-87.61488342,0.0,0.0,0.0,0.0,3.0,0.0,0.0,0.0
41.82355881,-87.61864471,0.0,0.0,0.0,0.0,3.0,0.0,0.0,0.0
41.82374191,-87.61638641,0.0,0.0,0.0,0.0,4.0,0.0,0.0,0.0
41.81834793,-87.61777496,0.0,0.0,0.0,0.0,1.0,0.0,0.0,0.0
41.81814575,-87.61829376,0.0,0.0,0.0,0.0,2.0,0.0,0.0,0.0
41.82216263,-87.61315155,0.0,0.0,0.0,0.0,2.0,0.0,0.0,0.0
41.82256317,-87.6129303,0.0,0.0,0.0,0.0,3.0,0.0,0.0,0.0
41.82379913,-87.61367035,0.0,0.0,0.0,0.0,3.0,0.0,0.0,0.0
41.82281113,-87.61182404,0.0,0.0,0.0,0.0,1.0,0.0,0.0,0.0
41.82258987,-87.6128006,0.0,0.0,0.0,0.0,2.0,0.0,0.0,0.0
41.82378769,-87.61353302,0.0,0.0,0.0,0.0,2.0,0.0,0.0,0.0
41.82200241,-87.6254425,0.0,0.0,0.0,0.0,4.0,0.0,0.0,0.0
41.82199478,-87.62565613,0.0,0.0,0.0,0.0,3.0,0.0,0.0,0.0
41.82168198,-87.62621307,0.0,0.0,0.0,0.0,2.0,0.0,0.0,0.0
41.82196045,-87.62610626,0.0,0.0,0.0,0.0,4.0,0.0,0.0,0.0
41.82183456,-87.62622833,0.0,0.0,0.0,0.0,2.0,0.0,0.0,0.0
41.82196045,-87.62626648,0.0,0.0,0.0,0.0,4.0,0.0,0.0,0.0
41.82201385,-87.62464142,0.0,0.0,0.0,0.0,5.0,0.0,0.0,0.0
41.82187653,-87.62464905,0.0,0.0,0.0,0.0,5.0,0.0,0.0,0.0
41.82203293,-87.62846375,0.0,0.0,0.0,0.0,5.0,0.0,0.0,0.0
41.82302475,-87.62851715,0.0,0.0,0.0,0.0,2.0,0.0,0.0,0.0
41.82273102,-87.62871552,0.0,0.0,0.0,0.0,5.0,0.0,0.0,0.0
41.82238388,-87.62848663,0.0,0.0,0.0,0.0,4.0,0.0,0.0,0.0
41.82219315,-87.62846375,0.0,0.0,0.0,0.0,4.0,0.0,0.0,0.0
41.82377243,-87.61403656,0.0,0.0,0.0,0.0,4.0,0.0,0.0,0.0
41.82378006,-87.61418152,0.0,0.0,0.0,0.0,3.0,0.0,0.0,0.0
41.82347488,-87.62014008,0.0,0.0,0.0,0.0,2.0,0.0,0.0,0.0
41.8164711,-87.62261963,0.0,0.0,0.0,0.0,2.0,0.0,0.0,0.0
41.8158989,-87.62281799,0.0,0.0,0.0,0.0,1.0,0.0,0.0,0.0
41.81664658,-87.62478638,0.0,0.0,0.0,0.0,4.0,0.0,0.0,0.0
41.81646347,-87.62506104,0.0,0.0,0.0,0.0,1.0,0.0,0.0,0.0
41.81676102,-87.62478638,0.0,0.0,0.0,0.0,5.0,0.0,0.0,0.0
41.8169136,-87.62482452,0.0,0.0,0.0,0.0,4.0,0.0,0.0,0.0
41.81657791,-87.62529755,0.0,0.0,0.0,0.0,1.0,0.0,0.0,0.0
41.81657791,-87.62568665,0.0,0.0,0.0,0.0,1.0,0.0,0.0,0.0
41.81864548,-87.62289429,0.0,0.0,0.0,0.0,1.0,0.0,0.0,0.0
41.81660843,-87.62338257,0.0,0.0,0.0,0.0,2.0,0.0,0.0,0.0
41.81823349,-87.62360382,0.0,0.0,0.0,0.0,2.0,0.0,0.0,0.0
41.81659317,-87.6242218,0.0,0.0,0.0,0.0,1.0,0.0,0.0,0.0
41.81825256,-87.62388611,0.0,0.0,0.0,0.0,1.0,0.0,0.0,0.0
41.81658554,-87.62519073,0.0,0.0,0.0,0.0,2.0,0.0,0.0,0.0
41.81885147,-87.62484741,0.0,0.0,0.0,0.0,2.0,0.0,0.0,0.0
41.81824493,-87.62582397,0.0,0.0,0.0,0.0,5.0,0.0,0.0,0.0
41.81859589,-87.62486267,0.0,0.0,0.0,0.0,4.0,0.0,0.0,0.0
41.8165741,-87.62556458,0.0,0.0,0.0,0.0,2.0,0.0,0.0,0.0
41.81644058,-87.62402344,0.0,0.0,0.0,0.0,2.0,0.0,0.0,0.0
41.81483841,-87.62220001,0.0,0.0,0.0,0.0,1.0,0.0,0.0,0.0
41.81647491,-87.62434387,0.0,0.0,0.0,0.0,1.0,0.0,0.0,0.0
41.81466675,-87.62220001,0.0,0.0,0.0,0.0,2.0,0.0,0.0,0.0
41.81128311,-87.61651611,0.0,0.0,0.0,0.0,2.0,0.0,0.0,0.0
41.81468964,-87.62049103,0.0,0.0,0.0,0.0,3.0,0.0,0.0,0.0
41.81653214,-87.62033844,0.0,0.0,0.0,0.0,2.0,0.0,0.0,0.0
41.81520081,-87.62120056,0.0,0.0,0.0,0.0,3.0,0.0,0.0,0.0
41.81126022,-87.62625122,0.0,0.0,0.0,0.0,3.0,0.0,0.0,0.0
41.8189888,-87.6216507,0.0,0.0,0.0,0.0,1.0,0.0,0.0,0.0
41.81656647,-87.62354279,0.0,0.0,0.0,0.0,1.0,0.0,0.0,0.0
41.81826019,-87.62215424,0.0,0.0,0.0,0.0,3.0,0.0,0.0,0.0
41.81644821,-87.62561798,0.0,0.0,0.0,0.0,2.0,0.0,0.0,0.0
41.81829453,-87.62168121,0.0,0.0,0.0,0.0,5.0,0.0,0.0,0.0
41.81642532,-87.62550354,0.0,0.0,0.0,0.0,2.0,0.0,0.0,0.0
41.81826782,-87.62181091,0.0,0.0,0.0,0.0,3.0,0.0,0.0,0.0
41.81158066,-87.62625885,0.0,0.0,0.0,0.0,4.0,0.0,0.0,0.0
41.81801224,-87.62125397,0.0,0.0,0.0,0.0,2.0,0.0,0.0,0.0
41.81150818,-87.62626648,0.0,0.0,0.0,0.0,2.0,0.0,0.0,0.0
41.81829834,-87.62065125,0.0,0.0,0.0,0.0,2.0,0.0,0.0,0.0
41.81139374,-87.62625885,0.0,0.0,0.0,0.0,2.0,0.0,0.0,0.0
41.81846237,-87.62065887,0.0,0.0,0.0,0.0,2.0,0.0,0.0,0.0
41.81664658,-87.62037659,0.0,0.0,0.0,0.0,2.0,0.0,0.0,0.0
41.81697464,-87.61997986,0.0,0.0,0.0,0.0,3.0,0.0,0.0,0.0
41.81663895,-87.62083435,0.0,0.0,0.0,0.0,2.0,0.0,0.0,0.0
41.81695938,-87.62122345,0.0,0.0,0.0,0.0,5.0,0.0,0.0,0.0
41.81653595,-87.62081146,0.0,0.0,0.0,0.0,3.0,0.0,0.0,0.0
41.81647873,-87.62108612,0.0,0.0,0.0,0.0,2.0,0.0,0.0,0.0
41.81650162,-87.62075043,0.0,0.0,0.0,0.0,2.0,0.0,0.0,0.0
41.81665421,-87.62065125,0.0,0.0,0.0,0.0,2.0,0.0,0.0,0.0
41.81680298,-87.61717987,0.0,0.0,0.0,0.0,2.0,0.0,0.0,0.0
41.81755066,-87.6184845,0.0,0.0,0.0,0.0,1.0,0.0,0.0,0.0
41.81697464,-87.61849976,0.0,0.0,0.0,0.0,4.0,0.0,0.0,0.0
41.81666946,-87.61922455,0.0,0.0,0.0,0.0,1.0,0.0,0.0,0.0
41.81669998,-87.61898041,0.0,0.0,0.0,0.0,2.0,0.0,0.0,0.0
41.81966782,-87.61724091,0.0,0.0,0.0,0.0,1.0,0.0,0.0,0.0
41.81852341,-87.61965942,0.0,0.0,0.0,0.0,5.0,0.0,0.0,0.0
41.81867218,-87.61966705,0.0,0.0,0.0,0.0,5.0,0.0,0.0,0.0
41.81827164,-87.61965179,0.0,0.0,0.0,0.0,2.0,0.0,0.0,0.0
41.81926346,-87.61856842,0.0,0.0,0.0,0.0,3.0,0.0,0.0,0.0
41.8184967,-87.6190567,0.0,0.0,0.0,0.0,1.0,0.0,0.0,0.0
41.81830978,-87.61897278,0.0,0.0,0.0,0.0,2.0,0.0,0.0,0.0
41.8202858,-87.61894226,0.0,0.0,0.0,0.0,3.0,0.0,0.0,0.0
41.82034683,-87.61859131,0.0,0.0,0.0,0.0,2.0,0.0,0.0,0.0
41.82027817,-87.6193161,0.0,0.0,0.0,0.0,4.0,0.0,0.0,0.0
41.82012558,-87.61916351,0.0,0.0,0.0,0.0,4.0,0.0,0.0,0.0
41.82003021,-87.6197052,0.0,0.0,0.0,0.0,4.0,0.0,0.0,0.0
41.82031631,-87.61971283,0.0,0.0,0.0,0.0,5.0,0.0,0.0,0.0
41.82056808,-87.62006378,0.0,0.0,0.0,0.0,5.0,0.0,0.0,0.0
41.82039642,-87.62004089,0.0,0.0,0.0,0.0,5.0,0.0,0.0,0.0
41.8205719,-87.61971283,0.0,0.0,0.0,0.0,5.0,0.0,0.0,0.0
41.82025146,-87.62055206,0.0,0.0,0.0,0.0,2.0,0.0,0.0,0.0
41.82010651,-87.62076569,0.0,0.0,0.0,0.0,4.0,0.0,0.0,0.0
41.82009125,-87.6206665,0.0,0.0,0.0,0.0,2.0,0.0,0.0,0.0
41.82279205,-87.6145401,0.0,0.0,0.0,0.0,1.0,0.0,0.0,0.0
41.82379532,-87.61299133,0.0,0.0,0.0,0.0,3.0,0.0,0.0,0.0
41.82326508,-87.61291504,0.0,0.0,0.0,0.0,2.0,0.0,0.0,0.0
41.81852722,-87.61526489,0.0,0.0,0.0,0.0,3.0,0.0,0.0,0.0
41.81841278,-87.61591339,0.0,0.0,0.0,0.0,5.0,0.0,0.0,0.0
41.81851196,-87.61579895,0.0,0.0,0.0,0.0,1.0,0.0,0.0,0.0
41.81842804,-87.6145401,0.0,0.0,0.0,0.0,1.0,0.0,0.0,0.0
41.81855392,-87.61429596,0.0,0.0,0.0,0.0,3.0,0.0,0.0,0.0
41.82377243,-87.61436462,0.0,0.0,0.0,0.0,3.0,0.0,0.0,0.0
41.82209778,-87.61942291,0.0,0.0,0.0,0.0,5.0,0.0,0.0,0.0
41.82378769,-87.61391449,0.0,0.0,0.0,0.0,3.0,0.0,0.0,0.0
41.822052,-87.61976624,0.0,0.0,0.0,0.0,2.0,0.0,0.0,0.0
41.82376099,-87.61520386,0.0,0.0,0.0,0.0,2.0,0.0,0.0,0.0
41.82210922,-87.61914063,0.0,0.0,0.0,0.0,5.0,0.0,0.0,0.0
41.8237648,-87.61531067,0.0,0.0,0.0,0.0,3.0,0.0,0.0,0.0
41.82209015,-87.618927,0.0,0.0,0.0,0.0,5.0,0.0,0.0,0.0
41.82375717,-87.61650848,0.0,0.0,0.0,0.0,3.0,0.0,0.0,0.0
41.82366562,-87.61689758,0.0,0.0,0.0,0.0,2.0,0.0,0.0,0.0
41.82375717,-87.61612701,0.0,0.0,0.0,0.0,4.0,0.0,0.0,0.0
41.82209015,-87.61768341,0.0,0.0,0.0,0.0,3.0,0.0,0.0,0.0
41.82376862,-87.61598206,0.0,0.0,0.0,0.0,4.0,0.0,0.0,0.0
41.82211685,-87.61791992,0.0,0.0,0.0,0.0,4.0,0.0,0.0,0.0
41.82197571,-87.61728668,0.0,0.0,0.0,0.0,3.0,0.0,0.0,0.0
41.82212067,-87.61746979,0.0,0.0,0.0,0.0,4.0,0.0,0.0,0.0
41.82375336,-87.61625671,0.0,0.0,0.0,0.0,4.0,0.0,0.0,0.0
41.82223511,-87.62172699,0.0,0.0,0.0,0.0,2.0,0.0,0.0,0.0
41.82206345,-87.62167358,0.0,0.0,0.0,0.0,3.0,0.0,0.0,0.0
41.82334137,-87.62141418,0.0,0.0,0.0,0.0,2.0,0.0,0.0,0.0
41.82368088,-87.62242126,0.0,0.0,0.0,0.0,3.0,0.0,0.0,0.0
41.82361603,-87.6214447,0.0,0.0,0.0,0.0,1.0,0.0,0.0,0.0
41.82007217,-87.62447357,0.0,0.0,0.0,0.0,5.0,0.0,0.0,0.0
41.8202095,-87.623909,0.0,0.0,0.0,0.0,5.0,0.0,0.0,0.0
41.81606293,-87.6264267,0.0,0.0,0.0,0.0,1.0,0.0,0.0,0.0
41.82018661,-87.62561035,0.0,0.0,0.0,0.0,2.0,0.0,0.0,0.0
41.81613159,-87.62639618,0.0,0.0,0.0,0.0,1.0,0.0,0.0,0.0
41.8202095,-87.62606812,0.0,0.0,0.0,0.0,1.0,0.0,0.0,0.0
41.81644821,-87.62586975,0.0,0.0,0.0,0.0,4.0,0.0,0.0,0.0
41.82002258,-87.62608337,0.0,0.0,0.0,0.0,1.0,0.0,0.0,0.0
41.82201767,-87.62340546,0.0,0.0,0.0,0.0,4.0,0.0,0.0,0.0
41.82006836,-87.62227631,0.0,0.0,0.0,0.0,2.0,0.0,0.0,0.0
41.82006836,-87.62287903,0.0,0.0,0.0,0.0,2.0,0.0,0.0,0.0
41.82209778,-87.62845612,0.0,0.0,0.0,0.0,5.0,0.0,0.0,0.0
41.82361984,-87.62689209,0.0,0.0,0.0,0.0,2.0,0.0,0.0,0.0
41.82247543,-87.62747955,0.0,0.0,0.0,0.0,1.0,0.0,0.0,0.0
41.82365799,-87.62676239,0.0,0.0,0.0,0.0,2.0,0.0,0.0,0.0
41.8222084,-87.62653351,0.0,0.0,0.0,0.0,2.0,0.0,0.0,0.0
41.82270813,-87.62657166,0.0,0.0,0.0,0.0,3.0,0.0,0.0,0.0
41.82362747,-87.62665558,0.0,0.0,0.0,0.0,2.0,0.0,0.0,0.0
41.82362366,-87.62696075,0.0,0.0,0.0,0.0,2.0,0.0,0.0,0.0
41.82336044,-87.62870789,0.0,0.0,0.0,0.0,3.0,0.0,0.0,0.0
41.82358551,-87.62750244,0.0,0.0,0.0,0.0,2.0,0.0,0.0,0.0
41.81909561,-87.62840271,0.0,0.0,0.0,0.0,5.0,0.0,0.0,0.0
41.81940842,-87.6286087,0.0,0.0,0.0,0.0,2.0,0.0,0.0,0.0
41.81623077,-87.62643433,0.0,0.0,0.0,0.0,1.0,0.0,0.0,0.0
41.81911469,-87.62754822,0.0,0.0,0.0,0.0,5.0,0.0,0.0,0.0
41.81909943,-87.62711334,0.0,0.0,0.0,0.0,1.0,0.0,0.0,0.0
41.81657028,-87.62586212,0.0,0.0,0.0,0.0,2.0,0.0,0.0,0.0
41.8190918,-87.62773132,0.0,0.0,0.0,0.0,3.0,0.0,0.0,0.0
41.81641769,-87.62600708,0.0,0.0,0.0,0.0,4.0,0.0,0.0,0.0
41.82175827,-87.6280899,0.0,0.0,0.0,0.0,2.0,0.0,0.0,0.0
41.82163239,-87.62335968,0.0,0.0,0.0,0.0,2.0,0.0,0.0,0.0
41.82195282,-87.62299347,0.0,0.0,0.0,0.0,2.0,0.0,0.0,0.0
41.82204437,-87.62289429,0.0,0.0,0.0,0.0,3.0,0.0,0.0,0.0
41.82231522,-87.62296295,0.0,0.0,0.0,0.0,3.0,0.0,0.0,0.0
41.82204819,-87.62236023,0.0,0.0,0.0,0.0,3.0,0.0,0.0,0.0
41.82175064,-87.62461853,0.0,0.0,0.0,0.0,4.0,0.0,0.0,0.0
41.82200241,-87.62505341,0.0,0.0,0.0,0.0,2.0,0.0,0.0,0.0
41.82366562,-87.62369537,0.0,0.0,0.0,0.0,1.0,0.0,0.0,0.0
41.82328033,-87.62340546,0.0,0.0,0.0,0.0,2.0,0.0,0.0,0.0
41.82352448,-87.62140656,0.0,0.0,0.0,0.0,2.0,0.0,0.0,0.0
41.82368088,-87.62071228,0.0,0.0,0.0,0.0,1.0,0.0,0.0,0.0
41.82165909,-87.62171173,0.0,0.0,0.0,0.0,2.0,0.0,0.0,0.0
41.82206726,-87.62057495,0.0,0.0,0.0,0.0,3.0,0.0,0.0,0.0
41.82203674,-87.6203537,0.0,0.0,0.0,0.0,3.0,0.0,0.0,0.0
41.82207489,-87.62081146,0.0,0.0,0.0,0.0,4.0,0.0,0.0,0.0
41.822052,-87.6210556,0.0,0.0,0.0,0.0,4.0,0.0,0.0,0.0
41.82183075,-87.61975098,0.0,0.0,0.0,0.0,3.0,0.0,0.0,0.0
41.82204437,-87.62010193,0.0,0.0,0.0,0.0,2.0,0.0,0.0,0.0
41.82073212,-87.61971283,0.0,0.0,0.0,0.0,5.0,0.0,0.0,0.0
41.82104874,-87.61973572,0.0,0.0,0.0,0.0,2.0,0.0,0.0,0.0
41.82029724,-87.61725616,0.0,0.0,3.0,0.0,0.0,0.0,0.0,0.0
41.8204422,-87.61678314,0.0,0.0,3.0,0.0,0.0,0.0,0.0,0.0
41.82377243,-87.61540222,0.0,0.0,4.0,0.0,0.0,0.0,0.0,0.0
41.8237381,-87.61711121,0.0,0.0,3.0,0.0,0.0,0.0,0.0,0.0
41.82373047,-87.61688232,0.0,0.0,4.0,0.0,0.0,0.0,0.0,0.0
41.81646347,-87.62332153,0.0,0.0,2.0,0.0,0.0,0.0,0.0,0.0
41.81689072,-87.62315369,0.0,0.0,4.0,0.0,0.0,0.0,0.0,0.0
41.81663513,-87.62352753,0.0,0.0,2.0,0.0,0.0,0.0,0.0,0.0
41.81679535,-87.62320709,0.0,0.0,4.0,0.0,0.0,0.0,0.0,0.0
41.81644058,-87.62402344,0.0,0.0,4.0,0.0,0.0,0.0,0.0,0.0
41.82176971,-87.62705231,0.0,0.0,4.0,0.0,0.0,0.0,0.0,0.0
41.82339859,-87.62667084,0.0,0.0,3.0,0.0,0.0,0.0,0.0,0.0
41.82368088,-87.62179565,0.0,0.0,3.0,0.0,0.0,0.0,0.0,0.0
41.8228302,-87.62140656,0.0,0.0,3.0,0.0,0.0,0.0,0.0,0.0
41.82365417,-87.62303162,0.0,0.0,2.0,0.0,0.0,0.0,0.0,0.0
41.82202148,-87.6240921,0.0,0.0,5.0,0.0,0.0,0.0,0.0,0.0
41.82202911,-87.62293243,0.0,0.0,4.0,0.0,0.0,0.0,0.0,0.0
41.82221985,-87.62173462,0.0,0.0,3.0,0.0,0.0,0.0,0.0,0.0
41.82206345,-87.62134552,0.0,0.0,2.0,0.0,0.0,0.0,0.0,0.0
41.82020187,-87.62407684,0.0,0.0,5.0,0.0,0.0,0.0,0.0,0.0
41.8204155,-87.62473297,0.0,0.0,4.0,0.0,0.0,0.0,0.0,0.0
41.82101822,-87.62333679,0.0,0.0,2.0,0.0,0.0,0.0,0.0,0.0
41.82021332,-87.62351227,0.0,0.0,5.0,0.0,0.0,0.0,0.0,0.0
41.82020569,-87.62332916,0.0,0.0,3.0,0.0,0.0,0.0,0.0,0.0
41.81991959,-87.61969757,0.0,0.0,4.0,0.0,0.0,0.0,0.0,0.0
41.8183403,-87.61873627,0.0,0.0,3.0,0.0,0.0,0.0,0.0,0.0
41.82026291,-87.62056732,0.0,0.0,3.0,0.0,0.0,0.0,0.0,0.0
41.82015228,-87.61943817,0.0,0.0,4.0,0.0,0.0,0.0,0.0,0.0
41.8202858,-87.61914825,0.0,0.0,5.0,0.0,0.0,0.0,0.0,0.0
41.82013321,-87.61912537,0.0,0.0,5.0,0.0,0.0,0.0,0.0,0.0
41.81841278,-87.61471558,0.0,0.0,4.0,0.0,0.0,0.0,0.0,0.0
41.81855392,-87.61387634,0.0,0.0,4.0,0.0,0.0,0.0,0.0,0.0
41.81835175,-87.61804199,0.0,0.0,3.0,0.0,0.0,0.0,0.0,0.0
41.81855392,-87.61673737,0.0,0.0,4.0,0.0,0.0,0.0,0.0,0.0
41.81851196,-87.61591339,0.0,0.0,5.0,0.0,0.0,0.0,0.0,0.0
41.81852341,-87.6151123,0.0,0.0,5.0,0.0,0.0,0.0,0.0,0.0
41.8237648,-87.61473083,0.0,0.0,3.0,0.0,0.0,0.0,0.0,0.0
41.82374191,-87.61572266,0.0,0.0,2.0,0.0,0.0,0.0,0.0,0.0
41.8211441,-87.61644745,0.0,0.0,1.0,0.0,0.0,0.0,0.0,0.0
41.8201561,-87.6158371,0.0,0.0,4.0,0.0,0.0,0.0,0.0,0.0
41.8237915,-87.6128006,0.0,0.0,2.0,0.0,0.0,0.0,0.0,0.0
41.82377243,-87.61446381,0.0,0.0,3.0,0.0,0.0,0.0,0.0,0.0
41.82026291,-87.61755371,0.0,0.0,2.0,0.0,0.0,0.0,0.0,0.0
41.82017136,-87.61727905,0.0,0.0,4.0,0.0,0.0,0.0,0.0,0.0
41.8164711,-87.62257385,0.0,0.0,1.0,0.0,0.0,0.0,0.0,0.0
41.81824112,-87.62560272,0.0,0.0,3.0,0.0,0.0,0.0,0.0,0.0
41.81827927,-87.62449646,0.0,0.0,4.0,0.0,0.0,0.0,0.0,0.0
41.81657028,-87.626091,0.0,0.0,3.0,0.0,0.0,0.0,0.0,0.0
41.81843185,-87.6238327,0.0,0.0,3.0,0.0,0.0,0.0,0.0,0.0
41.81929016,-87.62699127,0.0,0.0,5.0,0.0,0.0,0.0,0.0,0.0
41.81941223,-87.62737274,0.0,0.0,3.0,0.0,0.0,0.0,0.0,0.0
41.8127861,-87.6260376,0.0,0.0,1.0,0.0,0.0,0.0,0.0,0.0
41.81308746,-87.62149811,0.0,0.0,4.0,0.0,0.0,0.0,0.0,0.0
41.81130981,-87.61653137,0.0,0.0,3.0,0.0,0.0,0.0,0.0,0.0
41.81671524,-87.61717224,0.0,0.0,3.0,0.0,0.0,0.0,0.0,0.0
41.81098557,-87.61672974,0.0,0.0,3.0,0.0,0.0,0.0,0.0,0.0
41.81650162,-87.61919403,0.0,0.0,5.0,0.0,0.0,0.0,0.0,0.0
41.82178497,-87.62462616,0.0,0.0,4.0,0.0,0.0,0.0,0.0,0.0
41.82202911,-87.62466431,0.0,0.0,4.0,0.0,0.0,0.0,0.0,0.0
41.82364273,-87.62669373,0.0,0.0,4.0,0.0,0.0,0.0,0.0,0.0
41.82363892,-87.62657928,0.0,0.0,5.0,0.0,0.0,0.0,0.0,0.0
41.82362747,-87.626297,0.0,0.0,4.0,0.0,0.0,0.0,0.0,0.0
41.82361984,-87.6268158,0.0,0.0,2.0,0.0,0.0,0.0,0.0,0.0
41.82358932,-87.62882233,0.0,0.0,3.0,0.0,0.0,0.0,0.0,0.0
41.81909943,-87.62801361,0.0,0.0,3.0,0.0,0.0,0.0,0.0,0.0
41.81996918,-87.62738037,0.0,0.0,4.0,0.0,0.0,0.0,0.0,0.0
41.81917572,-87.62133789,0.0,0.0,1.0,0.0,0.0,0.0,0.0,0.0
41.82146835,-87.62134552,0.0,0.0,1.0,0.0,0.0,0.0,0.0,0.0
41.82038116,-87.61627197,0.0,0.0,0.0,0.0,0.0,0.0,0.0,1.0
41.82144928,-87.61720276,0.0,0.0,0.0,0.0,0.0,0.0,0.0,1.0
41.82003021,-87.62324524,0.0,0.0,0.0,0.0,0.0,0.0,0.0,3.0
41.81840515,-87.62643433,0.0,0.0,0.0,0.0,0.0,0.0,0.0,2.0
41.81881714,-87.61665344,0.0,0.0,0.0,5.0,0.0,0.0,0.0,0.0
41.81843185,-87.61592865,0.0,0.0,0.0,5.0,0.0,0.0,0.0,0.0
41.81302261,-87.62142181,0.0,0.0,0.0,5.0,0.0,0.0,0.0,0.0
41.82014084,-87.61911774,0.0,0.0,0.0,5.0,0.0,0.0,0.0,0.0
41.82214737,-87.62003326,0.0,0.0,0.0,5.0,0.0,0.0,0.0,0.0
41.82364273,-87.62687683,0.0,0.0,0.0,4.0,0.0,0.0,0.0,0.0
41.8191185,-87.62625122,0.0,0.0,0.0,5.0,0.0,0.0,0.0,0.0
41.82015228,-87.61785126,0.0,0.0,0.0,3.0,0.0,0.0,0.0,0.0
41.82029343,-87.61706543,0.0,0.0,0.0,5.0,0.0,0.0,0.0,0.0
41.82016373,-87.61779785,0.0,0.0,0.0,4.0,0.0,0.0,0.0,0.0
41.81840134,-87.61587524,0.0,0.0,0.0,5.0,0.0,0.0,0.0,0.0
41.82369995,-87.61998749,0.0,0.0,0.0,0.0,0.0,1.0,0.0,0.0
41.82378769,-87.62051392,0.0,0.0,0.0,0.0,0.0,1.0,0.0,0.0
41.82201004,-87.62139893,0.0,0.0,0.0,0.0,0.0,1.0,0.0,0.0
41.82033157,-87.61690521,0.0,0.0,0.0,0.0,0.0,1.0,0.0,0.0
41.81671524,-87.60796356,0.0,0.0,0.0,0.0,0.0,1.0,0.0,0.0
41.82022858,-87.61725616,0.0,0.0,0.0,0.0,0.0,1.0,0.0,0.0
41.82253265,-87.61694336,0.0,0.0,0.0,0.0,0.0,1.0,0.0,0.0
41.82379532,-87.61984253,0.0,0.0,0.0,0.0,0.0,1.0,0.0,0.0
41.82275391,-87.61693573,0.0,0.0,0.0,0.0,0.0,1.0,0.0,0.0
41.8201561,-87.61843872,0.0,0.0,0.0,0.0,0.0,1.0,0.0,0.0
41.82273483,-87.61670685,0.0,0.0,0.0,0.0,0.0,1.0,0.0,0.0
41.82264328,-87.61680603,0.0,0.0,0.0,0.0,0.0,1.0,0.0,0.0
41.82027054,-87.61845398,0.0,0.0,0.0,0.0,0.0,1.0,0.0,0.0
41.82207108,-87.61730194,0.0,0.0,0.0,0.0,0.0,2.0,0.0,0.0
41.82254791,-87.61720276,0.0,0.0,0.0,0.0,0.0,1.0,0.0,0.0
41.8201561,-87.61716461,0.0,0.0,0.0,0.0,0.0,1.0,0.0,0.0
41.82377625,-87.6193161,0.0,0.0,0.0,0.0,0.0,1.0,0.0,0.0
41.82273483,-87.61720276,0.0,0.0,0.0,0.0,0.0,1.0,0.0,0.0
41.82020569,-87.61833954,0.0,0.0,0.0,0.0,0.0,1.0,0.0,0.0
41.82375336,-87.62145996,0.0,0.0,0.0,0.0,0.0,2.0,0.0,0.0
41.82374573,-87.61669922,0.0,0.0,0.0,0.0,0.0,1.0,0.0,0.0
41.82374191,-87.61699677,0.0,0.0,0.0,0.0,0.0,1.0,0.0,0.0
41.82384491,-87.61445618,0.0,0.0,0.0,0.0,0.0,1.0,0.0,0.0
41.8237915,-87.61910248,0.0,0.0,0.0,0.0,0.0,1.0,0.0,0.0
41.82376099,-87.61717224,0.0,0.0,0.0,0.0,0.0,1.0,0.0,0.0
41.81664658,-87.62142944,0.0,0.0,0.0,0.0,0.0,1.0,0.0,0.0
41.82008362,-87.6231308,0.0,0.0,0.0,0.0,0.0,1.0,0.0,0.0
41.81834793,-87.62290955,0.0,0.0,0.0,0.0,0.0,1.0,0.0,0.0
41.81659698,-87.62465668,0.0,0.0,0.0,0.0,0.0,1.0,0.0,0.0
41.82008362,-87.62467957,0.0,0.0,0.0,0.0,0.0,1.0,0.0,0.0
41.81652832,-87.62284088,0.0,0.0,0.0,0.0,0.0,2.0,0.0,0.0
41.81645584,-87.62302399,0.0,0.0,0.0,0.0,0.0,1.0,0.0,0.0
41.81654739,-87.62319183,0.0,0.0,0.0,0.0,0.0,2.0,0.0,0.0
41.81661606,-87.62304688,0.0,0.0,0.0,0.0,0.0,1.0,0.0,0.0
41.81656265,-87.62125397,0.0,0.0,0.0,0.0,0.0,2.0,0.0,0.0
41.8164711,-87.62141418,0.0,0.0,0.0,0.0,0.0,1.0,0.0,0.0
41.81030655,-87.61627197,0.0,0.0,0.0,0.0,0.0,1.0,0.0,0.0
41.81655502,-87.62159729,0.0,0.0,0.0,0.0,0.0,2.0,0.0,0.0
41.81840897,-87.61849976,0.0,0.0,0.0,0.0,0.0,1.0,0.0,0.0
41.81849289,-87.6184082,0.0,0.0,0.0,0.0,0.0,1.0,0.0,0.0
41.81853867,-87.61690521,0.0,0.0,0.0,0.0,0.0,1.0,0.0,0.0
41.81775665,-87.61658478,0.0,0.0,0.0,0.0,0.0,2.0,0.0,0.0
41.81841278,-87.61828613,0.0,0.0,0.0,0.0,0.0,1.0,0.0,0.0
41.81835938,-87.6184082,0.0,0.0,0.0,0.0,0.0,1.0,0.0,0.0
41.81755447,-87.61647034,0.0,0.0,0.0,0.0,0.0,1.0,0.0,0.0
41.8131485,-87.62619019,0.0,0.0,0.0,0.0,0.0,1.0,0.0,0.0
41.81297684,-87.62617493,0.0,0.0,0.0,0.0,0.0,1.0,0.0,0.0
41.81112289,-87.62612152,0.0,0.0,0.0,0.0,0.0,1.0,0.0,0.0
41.81216049,-87.62626648,0.0,0.0,0.0,0.0,0.0,2.0,0.0,0.0
41.81105042,-87.62596893,0.0,0.0,0.0,0.0,0.0,1.0,0.0,0.0
41.81656647,-87.61990356,0.0,0.0,0.0,0.0,0.0,1.0,0.0,0.0
41.81111908,-87.61666107,0.0,0.0,0.0,0.0,0.0,1.0,0.0,0.0
41.8166275,-87.61843872,0.0,0.0,0.0,0.0,0.0,1.0,0.0,0.0
41.8112793,-87.61662292,0.0,0.0,0.0,0.0,0.0,1.0,0.0,0.0
41.81658936,-87.61965942,0.0,0.0,0.0,0.0,0.0,1.0,0.0,0.0
41.81126404,-87.61637878,0.0,0.0,0.0,0.0,0.0,1.0,0.0,0.0
41.8166008,-87.61824799,0.0,0.0,0.0,0.0,0.0,1.0,0.0,0.0
41.81733322,-87.61656189,0.0,0.0,0.0,0.0,0.0,2.0,0.0,0.0
41.81116104,-87.61637878,0.0,0.0,0.0,0.0,0.0,1.0,0.0,0.0
41.81666565,-87.61981201,0.0,0.0,0.0,0.0,0.0,1.0,0.0,0.0
41.81119537,-87.61630249,0.0,0.0,0.0,0.0,0.0,1.0,0.0,0.0
41.81651306,-87.61977386,0.0,0.0,0.0,0.0,0.0,1.0,0.0,0.0
41.81111526,-87.61690521,0.0,0.0,0.0,0.0,0.0,1.0,0.0,0.0
41.81652451,-87.61834717,0.0,0.0,0.0,0.0,0.0,1.0,0.0,0.0
41.8112793,-87.61691284,0.0,0.0,0.0,0.0,0.0,1.0,0.0,0.0
41.81668091,-87.61837006,0.0,0.0,0.0,0.0,0.0,1.0,0.0,0.0
41.81119919,-87.61698914,0.0,0.0,0.0,0.0,0.0,1.0,0.0,0.0
41.82201767,-87.6217041,0.0,0.0,0.0,0.0,0.0,2.0,0.0,0.0
41.82206345,-87.62312317,0.0,0.0,0.0,0.0,0.0,1.0,0.0,0.0
41.8236618,-87.62319183,0.0,0.0,0.0,0.0,0.0,1.0,0.0,0.0
41.8220253,-87.62154388,0.0,0.0,0.0,0.0,0.0,2.0,0.0,0.0
41.82026291,-87.62311554,0.0,0.0,0.0,0.0,0.0,1.0,0.0,0.0
41.82015991,-87.6232605,0.0,0.0,0.0,0.0,0.0,1.0,0.0,0.0
41.82365036,-87.62654877,0.0,0.0,0.0,0.0,0.0,2.0,0.0,0.0
41.82024384,-87.62471008,0.0,0.0,0.0,0.0,0.0,1.0,0.0,0.0
41.81657791,-87.62625122,0.0,0.0,0.0,0.0,0.0,1.0,0.0,0.0
41.82366562,-87.62158966,0.0,0.0,0.0,0.0,0.0,2.0,0.0,0.0
41.82374191,-87.62329865,0.0,0.0,0.0,0.0,0.0,1.0,0.0,0.0
41.81650925,-87.62449646,0.0,0.0,0.0,0.0,0.0,1.0,0.0,0.0
41.81640625,-87.62462616,0.0,0.0,0.0,0.0,0.0,1.0,0.0,0.0
41.81649017,-87.62480164,0.0,0.0,0.0,0.0,0.0,1.0,0.0,0.0
41.81649017,-87.62612152,0.0,0.0,0.0,0.0,0.0,1.0,0.0,0.0
41.81649017,-87.62644196,0.0,0.0,0.0,0.0,0.0,1.0,0.0,0.0
41.81639862,-87.62626648,0.0,0.0,0.0,0.0,0.0,1.0,0.0,0.0
41.81304932,-87.62633514,0.0,0.0,0.0,0.0,0.0,1.0,0.0,0.0
41.82370758,-87.63246155,1.0,0.0,0.0,0.0,0.0,0.0,0.0,0.0
41.82379913,-87.62955475,1.0,0.0,0.0,0.0,0.0,0.0,0.0,0.0
41.82379532,-87.62911224,3.0,0.0,0.0,0.0,0.0,0.0,0.0,0.0
41.83085632,-87.62991333,5.0,0.0,0.0,0.0,0.0,0.0,0.0,0.0
41.82377243,-87.62963867,1.0,0.0,0.0,0.0,0.0,0.0,0.0,0.0
41.82369232,-87.63246155,1.0,0.0,0.0,0.0,0.0,0.0,0.0,0.0
41.8308754,-87.62971497,1.0,0.0,0.0,0.0,0.0,0.0,0.0,0.0
41.83104324,-87.62973022,1.0,0.0,0.0,0.0,0.0,0.0,0.0,0.0
41.83104324,-87.62991333,4.0,0.0,0.0,0.0,0.0,0.0,0.0,0.0
41.83062363,-87.62989044,0.0,2.0,0.0,0.0,0.0,0.0,0.0,0.0
41.82374191,-87.62900543,0.0,0.0,0.0,5.0,0.0,0.0,0.0,0.0
41.82646561,-87.62176514,2.0,0.0,0.0,0.0,0.0,0.0,0.0,0.0
41.82569504,-87.62099457,3.0,0.0,0.0,0.0,0.0,0.0,0.0,0.0
41.82573318,-87.61672974,1.0,0.0,0.0,0.0,0.0,0.0,0.0,0.0
41.82744217,-87.61673737,1.0,0.0,0.0,0.0,0.0,0.0,0.0,0.0
41.82566452,-87.62149811,1.0,0.0,0.0,0.0,0.0,0.0,0.0,0.0
41.82569504,-87.62107849,3.0,0.0,0.0,0.0,0.0,0.0,0.0,0.0
41.83126831,-87.61456299,1.0,0.0,0.0,0.0,0.0,0.0,0.0,0.0
41.8249054,-87.62171936,1.0,0.0,0.0,0.0,0.0,0.0,0.0,0.0
41.82549667,-87.6210022,4.0,0.0,0.0,0.0,0.0,0.0,0.0,0.0
41.83367538,-87.61746216,1.0,0.0,0.0,0.0,0.0,0.0,0.0,0.0
41.8249054,-87.62152863,1.0,0.0,0.0,0.0,0.0,0.0,0.0,0.0
41.82549286,-87.62107849,4.0,0.0,0.0,0.0,0.0,0.0,0.0,0.0
41.8335495,-87.61713409,1.0,0.0,0.0,0.0,0.0,0.0,0.0,0.0
41.82566833,-87.62052155,1.0,0.0,0.0,0.0,0.0,0.0,0.0,0.0
41.82569504,-87.61812592,1.0,0.0,0.0,0.0,0.0,0.0,0.0,0.0
41.83125305,-87.61682892,1.0,0.0,0.0,0.0,0.0,0.0,0.0,0.0
41.82569885,-87.61909485,1.0,0.0,0.0,0.0,0.0,0.0,0.0,0.0
41.82553101,-87.62036133,1.0,0.0,0.0,0.0,0.0,0.0,0.0,0.0
41.83132935,-87.61688995,1.0,0.0,0.0,0.0,0.0,0.0,0.0,0.0
41.82552719,-87.62030792,1.0,0.0,0.0,0.0,0.0,0.0,0.0,0.0
41.82551575,-87.62049866,1.0,0.0,0.0,0.0,0.0,0.0,0.0,0.0
41.82557678,-87.61910248,2.0,0.0,0.0,0.0,0.0,0.0,0.0,0.0
41.82559586,-87.61834717,2.0,0.0,0.0,0.0,0.0,0.0,0.0,0.0
41.83127594,-87.61515045,3.0,0.0,0.0,0.0,0.0,0.0,0.0,0.0
41.82553482,-87.62052917,1.0,0.0,0.0,0.0,0.0,0.0,0.0,0.0
41.82572937,-87.61807251,1.0,0.0,0.0,0.0,0.0,0.0,0.0,0.0
41.83126831,-87.61533356,1.0,0.0,0.0,0.0,0.0,0.0,0.0,0.0
41.82387161,-87.62049103,1.0,0.0,0.0,0.0,0.0,0.0,0.0,0.0
41.82494354,-87.6205368,3.0,0.0,0.0,0.0,0.0,0.0,0.0,0.0
41.82488251,-87.61431122,2.0,0.0,0.0,0.0,0.0,0.0,0.0,0.0
41.8256073,-87.61670685,1.0,0.0,0.0,0.0,0.0,0.0,0.0,0.0
41.82555771,-87.61712646,1.0,0.0,0.0,0.0,0.0,0.0,0.0,0.0
41.8253212,-87.61733246,2.0,0.0,0.0,0.0,0.0,0.0,0.0,0.0
41.82388687,-87.62029266,1.0,0.0,0.0,0.0,0.0,0.0,0.0,0.0
41.8249054,-87.62051392,3.0,0.0,0.0,0.0,0.0,0.0,0.0,0.0
41.82553864,-87.621521,1.0,0.0,0.0,0.0,0.0,0.0,0.0,0.0
41.83356476,-87.61726379,1.0,0.0,0.0,0.0,0.0,0.0,0.0,0.0
41.82649231,-87.62171936,2.0,0.0,0.0,0.0,0.0,0.0,0.0,0.0
41.82568359,-87.62175751,2.0,0.0,0.0,0.0,0.0,0.0,0.0,0.0
41.83355713,-87.61746216,1.0,0.0,0.0,0.0,0.0,0.0,0.0,0.0
41.82569122,-87.62153625,1.0,0.0,0.0,0.0,0.0,0.0,0.0,0.0
41.83126831,-87.61440277,1.0,0.0,0.0,0.0,0.0,0.0,0.0,0.0
41.82387924,-87.6204834,1.0,0.0,0.0,0.0,0.0,0.0,0.0,0.0
41.82396698,-87.61431122,1.0,0.0,0.0,0.0,0.0,0.0,0.0,0.0
41.82397842,-87.61443329,1.0,0.0,0.0,0.0,0.0,0.0,0.0,0.0
41.82735825,-87.62055969,2.0,0.0,0.0,0.0,0.0,0.0,0.0,0.0
41.82749557,-87.61936951,1.0,0.0,0.0,0.0,0.0,0.0,0.0,0.0
41.82571793,-87.61697388,1.0,0.0,0.0,0.0,0.0,0.0,0.0,0.0
41.82575607,-87.61713409,1.0,0.0,0.0,0.0,0.0,0.0,0.0,0.0
41.82752228,-87.61673737,1.0,0.0,0.0,0.0,0.0,0.0,0.0,0.0
41.82740021,-87.62056732,1.0,0.0,0.0,0.0,0.0,0.0,0.0,0.0
41.82574844,-87.61691284,1.0,0.0,0.0,0.0,0.0,0.0,0.0,0.0
41.82741547,-87.61686707,1.0,0.0,0.0,0.0,0.0,0.0,0.0,0.0
41.825737,-87.61716461,1.0,0.0,0.0,0.0,0.0,0.0,0.0,0.0
41.82741547,-87.61704254,1.0,0.0,0.0,0.0,0.0,0.0,0.0,0.0
41.82747269,-87.6217804,3.0,0.0,0.0,0.0,0.0,0.0,0.0,0.0
41.82879639,-87.62332153,1.0,0.0,0.0,0.0,0.0,0.0,0.0,0.0
41.8295784,-87.62184143,1.0,0.0,0.0,0.0,0.0,0.0,0.0,0.0
41.83110046,-87.62312317,1.0,0.0,0.0,0.0,0.0,0.0,0.0,0.0
41.82734299,-87.6217804,1.0,0.0,0.0,0.0,0.0,0.0,0.0,0.0
41.82965469,-87.62182617,2.0,0.0,0.0,0.0,0.0,0.0,0.0,0.0
41.83098602,-87.62312317,1.0,0.0,0.0,0.0,0.0,0.0,0.0,0.0
41.82378387,-87.62768555,3.0,0.0,0.0,0.0,0.0,0.0,0.0,0.0
41.82639313,-87.626297,1.0,0.0,0.0,0.0,0.0,0.0,0.0,0.0
41.82564926,-87.62630463,2.0,0.0,0.0,0.0,0.0,0.0,0.0,0.0
41.82652283,-87.626297,1.0,0.0,0.0,0.0,0.0,0.0,0.0,0.0
41.82562637,-87.62631989,1.0,0.0,0.0,0.0,0.0,0.0,0.0,0.0
41.83107758,-87.62784576,1.0,0.0,0.0,0.0,0.0,0.0,0.0,0.0
41.82383728,-87.62491608,2.0,0.0,0.0,0.0,0.0,0.0,0.0,0.0
41.82381058,-87.62752533,2.0,0.0,0.0,0.0,0.0,0.0,0.0,0.0
41.82379532,-87.62657166,2.0,0.0,0.0,0.0,0.0,0.0,0.0,0.0
41.82378006,-87.62749481,2.0,0.0,0.0,0.0,0.0,0.0,0.0,0.0
41.82376099,-87.62702942,3.0,0.0,0.0,0.0,0.0,0.0,0.0,0.0
41.82385635,-87.62150574,1.0,0.0,0.0,0.0,0.0,0.0,0.0,0.0
41.82398987,-87.61487579,1.0,0.0,0.0,0.0,0.0,0.0,0.0,0.0
41.82421875,-87.61444855,1.0,0.0,0.0,0.0,0.0,0.0,0.0,0.0
41.82474899,-87.61664581,3.0,0.0,0.0,0.0,0.0,0.0,0.0,0.0
41.82393265,-87.61677551,1.0,0.0,0.0,0.0,0.0,0.0,0.0,0.0
41.83107758,-87.61458588,2.0,0.0,0.0,0.0,0.0,0.0,0.0,0.0
41.82397461,-87.61270142,2.0,0.0,0.0,0.0,0.0,0.0,0.0,0.0
41.8243103,-87.61446381,1.0,0.0,0.0,0.0,0.0,0.0,0.0,0.0
41.83106232,-87.6144104,1.0,0.0,0.0,0.0,0.0,0.0,0.0,0.0
41.82396698,-87.61444092,1.0,0.0,0.0,0.0,0.0,0.0,0.0,0.0
41.82391739,-87.61665344,1.0,0.0,0.0,0.0,0.0,0.0,0.0,0.0
41.83106232,-87.61456299,1.0,0.0,0.0,0.0,0.0,0.0,0.0,0.0
41.82476807,-87.61433411,2.0,0.0,0.0,0.0,0.0,0.0,0.0,0.0
41.82393646,-87.61719513,1.0,0.0,0.0,0.0,0.0,0.0,0.0,0.0
41.82392883,-87.61707306,2.0,0.0,0.0,0.0,0.0,0.0,0.0,0.0
41.82555389,-87.61692047,1.0,0.0,0.0,0.0,0.0,0.0,0.0,0.0
41.83119583,-87.61437988,1.0,0.0,0.0,0.0,0.0,0.0,0.0,0.0
41.82388687,-87.61928558,1.0,0.0,0.0,0.0,0.0,0.0,0.0,0.0
41.82390976,-87.61811829,1.0,0.0,0.0,0.0,0.0,0.0,0.0,0.0
41.82393646,-87.61721802,1.0,0.0,0.0,0.0,0.0,0.0,0.0,0.0
41.82470322,-87.61447144,2.0,0.0,0.0,0.0,0.0,0.0,0.0,0.0
41.8255806,-87.61672974,1.0,0.0,0.0,0.0,0.0,0.0,0.0,0.0
41.83368683,-87.61726379,1.0,0.0,0.0,0.0,0.0,0.0,0.0,0.0
41.82460403,-87.61444092,2.0,0.0,0.0,0.0,0.0,0.0,0.0,0.0
41.82391739,-87.61669159,2.0,0.0,0.0,0.0,0.0,0.0,0.0,0.0
41.82557678,-87.61685181,1.0,0.0,0.0,0.0,0.0,0.0,0.0,0.0
41.83107758,-87.61439514,1.0,0.0,0.0,0.0,0.0,0.0,0.0,0.0
41.82738113,-87.62033844,2.0,0.0,0.0,0.0,0.0,0.0,0.0,0.0
41.82557297,-87.61818695,2.0,0.0,0.0,0.0,0.0,0.0,0.0,0.0
41.83127594,-87.61710358,1.0,0.0,0.0,0.0,0.0,0.0,0.0,0.0
41.82736969,-87.62179565,1.0,0.0,0.0,0.0,0.0,0.0,0.0,0.0
41.82734299,-87.62039948,1.0,0.0,0.0,0.0,0.0,0.0,0.0,0.0
41.83102417,-87.61687469,1.0,0.0,0.0,0.0,0.0,0.0,0.0,0.0
41.82749939,-87.62038422,2.0,0.0,0.0,0.0,0.0,0.0,0.0,0.0
41.8292923,-87.61740875,1.0,0.0,0.0,0.0,0.0,0.0,0.0,0.0
41.82738495,-87.62039948,1.0,0.0,0.0,0.0,0.0,0.0,0.0,0.0
41.82749176,-87.6203537,1.0,0.0,0.0,0.0,0.0,0.0,0.0,0.0
41.82929611,-87.61734772,1.0,0.0,0.0,0.0,0.0,0.0,0.0,0.0
41.82740021,-87.61937714,1.0,0.0,0.0,0.0,0.0,0.0,0.0,0.0
41.82748795,-87.62055206,2.0,0.0,0.0,0.0,0.0,0.0,0.0,0.0
41.82928467,-87.61721802,1.0,0.0,0.0,0.0,0.0,0.0,0.0,0.0
41.83114243,-87.61923218,1.0,0.0,0.0,0.0,0.0,0.0,0.0,0.0
41.83119583,-87.61824799,1.0,0.0,0.0,0.0,0.0,0.0,0.0,0.0
41.82746506,-87.62158203,3.0,0.0,0.0,0.0,0.0,0.0,0.0,0.0
41.8275032,-87.62059021,1.0,0.0,0.0,0.0,0.0,0.0,0.0,0.0
41.82656097,-87.62476349,1.0,0.0,0.0,0.0,0.0,0.0,0.0,0.0
41.83108902,-87.62644958,1.0,0.0,0.0,0.0,0.0,0.0,0.0,0.0
41.82653427,-87.62471008,1.0,0.0,0.0,0.0,0.0,0.0,0.0,0.0
41.83110809,-87.62654114,1.0,0.0,0.0,0.0,0.0,0.0,0.0,0.0
41.82641983,-87.62470245,1.0,0.0,0.0,0.0,0.0,0.0,0.0,0.0
41.83089447,-87.62780762,1.0,0.0,0.0,0.0,0.0,0.0,0.0,0.0
41.82546997,-87.62630463,1.0,0.0,0.0,0.0,0.0,0.0,0.0,0.0
41.82640076,-87.62475586,2.0,0.0,0.0,0.0,0.0,0.0,0.0,0.0
41.82644653,-87.62327576,1.0,0.0,0.0,0.0,0.0,0.0,0.0,0.0
41.82643127,-87.625,2.0,0.0,0.0,0.0,0.0,0.0,0.0,0.0
41.83203125,-87.62670135,1.0,0.0,0.0,0.0,0.0,0.0,0.0,0.0
41.82655334,-87.62497711,1.0,0.0,0.0,0.0,0.0,0.0,0.0,0.0
41.82653046,-87.62483215,1.0,0.0,0.0,0.0,0.0,0.0,0.0,0.0
41.83108139,-87.62664032,1.0,0.0,0.0,0.0,0.0,0.0,0.0,0.0
41.82652664,-87.62502289,1.0,0.0,0.0,0.0,0.0,0.0,0.0,0.0
41.8256073,-87.6264801,1.0,0.0,0.0,0.0,0.0,0.0,0.0,0.0
41.83107376,-87.62773895,1.0,0.0,0.0,0.0,0.0,0.0,0.0,0.0
41.82561111,-87.62633514,1.0,0.0,0.0,0.0,0.0,0.0,0.0,0.0
41.82640076,-87.62496185,1.0,0.0,0.0,0.0,0.0,0.0,0.0,0.0
41.82561111,-87.62499237,1.0,0.0,0.0,0.0,0.0,0.0,0.0,0.0
41.82381439,-87.62469482,2.0,0.0,0.0,0.0,0.0,0.0,0.0,0.0
41.82557297,-87.62626648,1.0,0.0,0.0,0.0,0.0,0.0,0.0,0.0
41.82554245,-87.62497711,1.0,0.0,0.0,0.0,0.0,0.0,0.0,0.0
41.82378006,-87.62756348,1.0,0.0,0.0,0.0,0.0,0.0,0.0,0.0
41.82741165,-87.62631226,1.0,0.0,0.0,0.0,0.0,0.0,0.0,0.0
41.8256073,-87.62626648,2.0,0.0,0.0,0.0,0.0,0.0,0.0,0.0
41.82549286,-87.6247406,1.0,0.0,0.0,0.0,0.0,0.0,0.0,0.0
41.82553101,-87.62492371,2.0,0.0,0.0,0.0,0.0,0.0,0.0,0.0
41.82549286,-87.62628937,1.0,0.0,0.0,0.0,0.0,0.0,0.0,0.0
41.8255043,-87.62467194,1.0,0.0,0.0,0.0,0.0,0.0,0.0,0.0
41.82560349,-87.62473297,1.0,0.0,0.0,0.0,0.0,0.0,0.0,0.0
41.82382584,-87.62467957,2.0,0.0,0.0,0.0,0.0,0.0,0.0,0.0
41.8237915,-87.62772369,2.0,0.0,0.0,0.0,0.0,0.0,0.0,0.0
41.82728577,-87.62659454,1.0,0.0,0.0,0.0,0.0,0.0,0.0,0.0
41.82562637,-87.62656403,1.0,0.0,0.0,0.0,0.0,0.0,0.0,0.0
41.8309021,-87.62789154,1.0,0.0,0.0,0.0,0.0,0.0,0.0,0.0
41.82731628,-87.62630463,1.0,0.0,0.0,0.0,0.0,0.0,0.0,0.0
41.82548141,-87.62631226,1.0,0.0,0.0,0.0,0.0,0.0,0.0,0.0
41.82559586,-87.62628174,1.0,0.0,0.0,0.0,0.0,0.0,0.0,0.0
41.82728958,-87.6263504,1.0,0.0,0.0,0.0,0.0,0.0,0.0,0.0
41.82733536,-87.62507629,4.0,0.0,0.0,0.0,0.0,0.0,0.0,0.0
41.82748795,-87.62471008,1.0,0.0,0.0,0.0,0.0,0.0,0.0,0.0
41.83091354,-87.62657166,1.0,0.0,0.0,0.0,0.0,0.0,0.0,0.0
41.82743073,-87.62471771,2.0,0.0,0.0,0.0,0.0,0.0,0.0,0.0
41.83095169,-87.62639618,1.0,0.0,0.0,0.0,0.0,0.0,0.0,0.0
41.82732773,-87.62471771,2.0,0.0,0.0,0.0,0.0,0.0,0.0,0.0
41.83110428,-87.62337494,1.0,0.0,0.0,0.0,0.0,0.0,0.0,0.0
41.82730484,-87.62478638,3.0,0.0,0.0,0.0,0.0,0.0,0.0,0.0
41.83106232,-87.62640381,1.0,0.0,0.0,0.0,0.0,0.0,0.0,0.0
41.82742691,-87.62508392,4.0,0.0,0.0,0.0,0.0,0.0,0.0,0.0
41.8309021,-87.62641144,1.0,0.0,0.0,0.0,0.0,0.0,0.0,0.0
41.82732773,-87.62505341,2.0,0.0,0.0,0.0,0.0,0.0,0.0,0.0
41.83091354,-87.62665558,1.0,0.0,0.0,0.0,0.0,0.0,0.0,0.0
41.82731628,-87.62500763,4.0,0.0,0.0,0.0,0.0,0.0,0.0,0.0
41.83095169,-87.62667847,1.0,0.0,0.0,0.0,0.0,0.0,0.0,0.0
41.82379532,-87.62749481,3.0,0.0,0.0,0.0,0.0,0.0,0.0,0.0
41.82380676,-87.62496185,2.0,0.0,0.0,0.0,0.0,0.0,0.0,0.0
41.82557678,-87.61715698,1.0,0.0,0.0,0.0,0.0,0.0,0.0,0.0
41.82389069,-87.6182251,1.0,0.0,0.0,0.0,0.0,0.0,0.0,0.0
41.82389069,-87.6190567,1.0,0.0,0.0,0.0,0.0,0.0,0.0,0.0
41.82391357,-87.61685944,2.0,0.0,0.0,0.0,0.0,0.0,0.0,0.0
41.83356857,-87.61703491,1.0,0.0,0.0,0.0,0.0,0.0,0.0,0.0
41.82556534,-87.61669159,1.0,0.0,0.0,0.0,0.0,0.0,0.0,0.0
41.82562256,-87.61663055,1.0,0.0,0.0,0.0,0.0,0.0,0.0,0.0
41.82391357,-87.61711884,1.0,0.0,0.0,0.0,0.0,0.0,0.0,0.0
41.8238945,-87.61912537,1.0,0.0,0.0,0.0,0.0,0.0,0.0,0.0
41.8336525,-87.61703491,3.0,0.0,0.0,0.0,0.0,0.0,0.0,0.0
41.82558823,-87.61696625,1.0,0.0,0.0,0.0,0.0,0.0,0.0,0.0
41.82391357,-87.61735535,1.0,0.0,0.0,0.0,0.0,0.0,0.0,0.0
41.82387924,-87.61911011,1.0,0.0,0.0,0.0,0.0,0.0,0.0,0.0
41.83368301,-87.61712646,1.0,0.0,0.0,0.0,0.0,0.0,0.0,0.0
41.8257103,-87.61669922,1.0,0.0,0.0,0.0,0.0,0.0,0.0,0.0
41.82393646,-87.61733246,1.0,0.0,0.0,0.0,0.0,0.0,0.0,0.0
41.8238945,-87.6192627,1.0,0.0,0.0,0.0,0.0,0.0,0.0,0.0
41.83358765,-87.61702728,1.0,0.0,0.0,0.0,0.0,0.0,0.0,0.0
41.82555771,-87.61724091,1.0,0.0,0.0,0.0,0.0,0.0,0.0,0.0
41.83105087,-87.61684418,1.0,0.0,0.0,0.0,0.0,0.0,0.0,0.0
41.82556915,-87.61735535,1.0,0.0,0.0,0.0,0.0,0.0,0.0,0.0
41.82926941,-87.61704254,1.0,0.0,0.0,0.0,0.0,0.0,0.0,0.0
41.82558441,-87.61815643,2.0,0.0,0.0,0.0,0.0,0.0,0.0,0.0
41.82559204,-87.61739349,1.0,0.0,0.0,0.0,0.0,0.0,0.0,0.0
41.83127594,-87.61721039,3.0,0.0,0.0,0.0,0.0,0.0,0.0,0.0
41.82574844,-87.61724854,1.0,0.0,0.0,0.0,0.0,0.0,0.0,0.0
41.82751846,-87.61705017,1.0,0.0,0.0,0.0,0.0,0.0,0.0,0.0
41.82571793,-87.61740112,1.0,0.0,0.0,0.0,0.0,0.0,0.0,0.0
41.82924271,-87.61686707,1.0,0.0,0.0,0.0,0.0,0.0,0.0,0.0
41.82392502,-87.61688995,1.0,0.0,0.0,0.0,0.0,0.0,0.0,0.0
41.82555771,-87.61681366,1.0,0.0,0.0,0.0,0.0,0.0,0.0,0.0
41.83116913,-87.61438751,1.0,0.0,0.0,0.0,0.0,0.0,0.0,0.0
41.82656479,-87.62177277,1.0,0.0,0.0,0.0,0.0,0.0,0.0,0.0
41.82575226,-87.61683655,1.0,0.0,0.0,0.0,0.0,0.0,0.0,0.0
41.82741165,-87.61676788,1.0,0.0,0.0,0.0,0.0,0.0,0.0,0.0
41.82383347,-87.62324524,1.0,0.0,0.0,0.0,0.0,0.0,0.0,0.0
41.83344269,-87.62644196,1.0,0.0,0.0,0.0,0.0,0.0,0.0,0.0
41.82383347,-87.62323761,2.0,0.0,0.0,0.0,0.0,0.0,0.0,0.0
41.83345032,-87.62653351,1.0,0.0,0.0,0.0,0.0,0.0,0.0,0.0
41.82384109,-87.62302399,1.0,0.0,0.0,0.0,0.0,0.0,0.0,0.0
41.82385254,-87.62299347,1.0,0.0,0.0,0.0,0.0,0.0,0.0,0.0
41.82382965,-87.6229248,1.0,0.0,0.0,0.0,0.0,0.0,0.0,0.0
41.82380676,-87.62295532,2.0,0.0,0.0,0.0,0.0,0.0,0.0,0.0
41.82385254,-87.6217041,1.0,0.0,0.0,0.0,0.0,0.0,0.0,0.0
41.82384872,-87.62230682,3.0,0.0,0.0,0.0,0.0,0.0,0.0,0.0
41.82381439,-87.62624359,2.0,0.0,0.0,0.0,0.0,0.0,0.0,0.0
41.8237915,-87.62753296,1.0,0.0,0.0,0.0,0.0,0.0,0.0,0.0
41.82380676,-87.62769318,4.0,0.0,0.0,0.0,0.0,0.0,0.0,0.0
41.8237915,-87.62889862,1.0,0.0,0.0,0.0,0.0,0.0,0.0,0.0
41.82744217,-87.62636566,1.0,0.0,0.0,0.0,0.0,0.0,0.0,0.0
41.82922363,-87.62666321,1.0,0.0,0.0,0.0,0.0,0.0,0.0,0.0
41.82733536,-87.62667084,1.0,0.0,0.0,0.0,0.0,0.0,0.0,0.0
41.83000183,-87.62667084,1.0,0.0,0.0,0.0,0.0,0.0,0.0,0.0
41.82740784,-87.62665558,1.0,0.0,0.0,0.0,0.0,0.0,0.0,0.0
41.82993698,-87.62667084,1.0,0.0,0.0,0.0,0.0,0.0,0.0,0.0
41.82744598,-87.62659454,2.0,0.0,0.0,0.0,0.0,0.0,0.0,0.0
41.82917023,-87.62665558,2.0,0.0,0.0,0.0,0.0,0.0,0.0,0.0
41.82733536,-87.62179565,1.0,0.0,0.0,0.0,0.0,0.0,0.0,0.0
41.83111572,-87.62335205,1.0,0.0,0.0,0.0,0.0,0.0,0.0,0.0
41.8273735,-87.62156677,1.0,0.0,0.0,0.0,0.0,0.0,0.0,0.0
41.83102417,-87.61921692,1.0,0.0,0.0,0.0,0.0,0.0,0.0,0.0
41.83123016,-87.61803436,1.0,0.0,0.0,0.0,0.0,0.0,0.0,0.0
41.82734299,-87.62158966,1.0,0.0,0.0,0.0,0.0,0.0,0.0,0.0
41.8310051,-87.61712646,1.0,0.0,0.0,0.0,0.0,0.0,0.0,0.0
41.82749176,-87.62306213,1.0,0.0,0.0,0.0,0.0,0.0,0.0,0.0
41.82870483,-87.62332916,1.0,0.0,0.0,0.0,0.0,0.0,0.0,0.0
41.83096695,-87.62316132,1.0,0.0,0.0,0.0,0.0,0.0,0.0,0.0
41.82731628,-87.62306976,1.0,0.0,0.0,0.0,0.0,0.0,0.0,0.0
41.83098602,-87.6233902,1.0,0.0,0.0,0.0,0.0,0.0,0.0,0.0
41.82735443,-87.62299347,1.0,0.0,0.0,0.0,0.0,0.0,0.0,0.0
41.83112335,-87.62317657,1.0,0.0,0.0,0.0,0.0,0.0,0.0,0.0
41.82745361,-87.62299347,1.0,0.0,0.0,0.0,0.0,0.0,0.0,0.0
41.82733917,-87.62334442,1.0,0.0,0.0,0.0,0.0,0.0,0.0,0.0
41.83097076,-87.62335968,1.0,0.0,0.0,0.0,0.0,0.0,0.0,0.0
41.82641983,-87.62323761,1.0,0.0,0.0,0.0,0.0,0.0,0.0,0.0
41.82735062,-87.62302399,1.0,0.0,0.0,0.0,0.0,0.0,0.0,0.0
41.82731247,-87.62327576,2.0,0.0,0.0,0.0,0.0,0.0,0.0,0.0
41.83292007,-87.62662506,1.0,0.0,0.0,0.0,0.0,0.0,0.0,0.0
41.82641983,-87.62303925,1.0,0.0,0.0,0.0,0.0,0.0,0.0,0.0
41.83344269,-87.62666321,3.0,0.0,0.0,0.0,0.0,0.0,0.0,0.0
41.82644272,-87.62298584,2.0,0.0,0.0,0.0,0.0,0.0,0.0,0.0
41.83345795,-87.6266098,1.0,0.0,0.0,0.0,0.0,0.0,0.0,0.0
41.82653427,-87.62299347,1.0,0.0,0.0,0.0,0.0,0.0,0.0,0.0
41.83292389,-87.6264267,1.0,0.0,0.0,0.0,0.0,0.0,0.0,0.0
41.82657623,-87.62303162,1.0,0.0,0.0,0.0,0.0,0.0,0.0,0.0
41.83203125,-87.6266098,1.0,0.0,0.0,0.0,0.0,0.0,0.0,0.0
41.8265686,-87.62323761,1.0,0.0,0.0,0.0,0.0,0.0,0.0,0.0
41.83200836,-87.62645721,1.0,0.0,0.0,0.0,0.0,0.0,0.0,0.0
41.8265419,-87.62328339,1.0,0.0,0.0,0.0,0.0,0.0,0.0,0.0
41.83201981,-87.62650299,1.0,0.0,0.0,0.0,0.0,0.0,0.0,0.0
41.82640457,-87.62329102,1.0,0.0,0.0,0.0,0.0,0.0,0.0,0.0
41.83292007,-87.62651062,1.0,0.0,0.0,0.0,0.0,0.0,0.0,0.0
41.82736969,-87.61933136,1.0,0.0,0.0,0.0,0.0,0.0,0.0,0.0
41.82740402,-87.61722565,1.0,0.0,0.0,0.0,0.0,0.0,0.0,0.0
41.82751083,-87.61933899,1.0,0.0,0.0,0.0,0.0,0.0,0.0,0.0
41.8274231,-87.6174469,1.0,0.0,0.0,0.0,0.0,0.0,0.0,0.0
41.82754898,-87.6171875,1.0,0.0,0.0,0.0,0.0,0.0,0.0,0.0
41.8275032,-87.61917114,2.0,0.0,0.0,0.0,0.0,0.0,0.0,0.0
41.82754135,-87.61728668,1.0,0.0,0.0,0.0,0.0,0.0,0.0,0.0
41.82741547,-87.61727905,1.0,0.0,0.0,0.0,0.0,0.0,0.0,0.0
41.82739258,-87.6191864,3.0,0.0,0.0,0.0,0.0,0.0,0.0,0.0
41.82741165,-87.619133,2.0,0.0,0.0,0.0,0.0,0.0,0.0,0.0
41.82752609,-87.61743164,1.0,0.0,0.0,0.0,0.0,0.0,0.0,0.0
41.82739639,-87.61806488,1.0,0.0,0.0,0.0,0.0,0.0,0.0,0.0
41.82748032,-87.61914063,2.0,0.0,0.0,0.0,0.0,0.0,0.0,0.0
41.8274231,-87.61741638,1.0,0.0,0.0,0.0,0.0,0.0,0.0,0.0
41.82741165,-87.61794281,1.0,0.0,0.0,0.0,0.0,0.0,0.0,0.0
41.82751846,-87.61825562,2.0,0.0,0.0,0.0,0.0,0.0,0.0,0.0
41.82739639,-87.61738586,1.0,0.0,0.0,0.0,0.0,0.0,0.0,0.0
41.82753754,-87.61737823,1.0,0.0,0.0,0.0,0.0,0.0,0.0,0.0
41.82739639,-87.61915588,3.0,0.0,0.0,0.0,0.0,0.0,0.0,0.0
41.82749176,-87.61841583,2.0,0.0,0.0,0.0,0.0,0.0,0.0,0.0
41.82751465,-87.6186676,3.0,0.0,0.0,0.0,0.0,0.0,0.0,0.0
41.82574081,-87.61737823,1.0,0.0,0.0,0.0,0.0,0.0,0.0,0.0
41.82756424,-87.61686707,1.0,0.0,0.0,0.0,0.0,0.0,0.0,0.0
41.83100128,-87.61925507,1.0,0.0,0.0,0.0,0.0,0.0,0.0,0.0
41.83098602,-87.62060547,1.0,0.0,0.0,0.0,0.0,0.0,0.0,0.0
41.83124924,-87.61743927,1.0,0.0,0.0,0.0,0.0,0.0,0.0,0.0
41.8311615,-87.6192627,1.0,0.0,0.0,0.0,0.0,0.0,0.0,0.0
41.83099747,-87.62065125,1.0,0.0,0.0,0.0,0.0,0.0,0.0,0.0
41.8310051,-87.61722565,1.0,0.0,0.0,0.0,0.0,0.0,0.0,0.0
41.83102036,-87.61946106,1.0,0.0,0.0,0.0,0.0,0.0,0.0,0.0
41.83099747,-87.62045288,1.0,0.0,0.0,0.0,0.0,0.0,0.0,0.0
41.83097458,-87.61749268,1.0,0.0,0.0,0.0,0.0,0.0,0.0,0.0
41.83098602,-87.61942291,1.0,0.0,0.0,0.0,0.0,0.0,0.0,0.0
41.83098984,-87.62049103,1.0,0.0,0.0,0.0,0.0,0.0,0.0,0.0
41.83097076,-87.61745453,1.0,0.0,0.0,0.0,0.0,0.0,0.0,0.0
41.83117294,-87.6193924,1.0,0.0,0.0,0.0,0.0,0.0,0.0,0.0
41.8311615,-87.62062836,1.0,0.0,0.0,0.0,0.0,0.0,0.0,0.0
41.83115387,-87.61943817,1.0,0.0,0.0,0.0,0.0,0.0,0.0,0.0
41.83115768,-87.62046051,1.0,0.0,0.0,0.0,0.0,0.0,0.0,0.0
41.83124924,-87.61750031,1.0,0.0,0.0,0.0,0.0,0.0,0.0,0.0
41.82572556,-87.61795044,1.0,0.0,0.0,0.0,0.0,0.0,0.0,0.0
41.82389832,-87.61930847,1.0,0.0,0.0,0.0,0.0,0.0,0.0,0.0
41.82387161,-87.61981964,1.0,0.0,0.0,0.0,0.0,0.0,0.0,0.0
41.82748795,-87.62145996,0.0,5.0,0.0,0.0,0.0,0.0,0.0,0.0
41.8264389,-87.62197876,0.0,3.0,0.0,0.0,0.0,0.0,0.0,0.0
41.82665634,-87.61721039,0.0,4.0,0.0,0.0,0.0,0.0,0.0,0.0
41.82621002,-87.61791992,0.0,5.0,0.0,0.0,0.0,0.0,0.0,0.0
41.83275223,-87.61724091,0.0,5.0,0.0,0.0,0.0,0.0,0.0,0.0
41.82381439,-87.62769318,0.0,3.0,0.0,0.0,0.0,0.0,0.0,0.0
41.82391739,-87.62772369,0.0,4.0,0.0,0.0,0.0,0.0,0.0,0.0
41.82533264,-87.61714172,0.0,3.0,0.0,0.0,0.0,0.0,0.0,0.0
41.82460022,-87.62769318,0.0,5.0,0.0,0.0,0.0,0.0,0.0,0.0
41.82644272,-87.62233734,0.0,5.0,0.0,0.0,0.0,0.0,0.0,0.0
41.82645035,-87.62210846,0.0,3.0,0.0,0.0,0.0,0.0,0.0,0.0
41.82577515,-87.6171875,0.0,5.0,0.0,0.0,0.0,0.0,0.0,0.0
41.82595825,-87.61695099,0.0,4.0,0.0,0.0,0.0,0.0,0.0,0.0
41.82645035,-87.62221527,0.0,3.0,0.0,0.0,0.0,0.0,0.0,0.0
41.82669449,-87.61693573,0.0,5.0,0.0,0.0,0.0,0.0,0.0,0.0
41.82644653,-87.6218338,0.0,4.0,0.0,0.0,0.0,0.0,0.0,0.0
41.82717133,-87.61714935,0.0,4.0,0.0,0.0,0.0,0.0,0.0,0.0
41.83251953,-87.61709595,0.0,5.0,0.0,0.0,0.0,0.0,0.0,0.0
41.82640076,-87.62380981,0.0,0.0,0.0,0.0,2.0,0.0,0.0,0.0
41.82617569,-87.62492371,0.0,0.0,0.0,0.0,3.0,0.0,0.0,0.0
41.82875061,-87.61941528,0.0,0.0,0.0,0.0,1.0,0.0,0.0,0.0
41.82804871,-87.6184082,0.0,0.0,0.0,0.0,1.0,0.0,0.0,0.0
41.82833481,-87.61940002,0.0,0.0,0.0,0.0,1.0,0.0,0.0,0.0
41.82653046,-87.62158203,0.0,0.0,0.0,0.0,2.0,0.0,0.0,0.0
41.8266449,-87.62175751,0.0,0.0,0.0,0.0,1.0,0.0,0.0,0.0
41.82746887,-87.62155914,0.0,0.0,0.0,0.0,2.0,0.0,0.0,0.0
41.82748795,-87.62174988,0.0,0.0,0.0,0.0,3.0,0.0,0.0,0.0
41.82580566,-87.61907959,0.0,0.0,0.0,0.0,1.0,0.0,0.0,0.0
41.8257103,-87.61899567,0.0,0.0,0.0,0.0,3.0,0.0,0.0,0.0
41.82549286,-87.62032318,0.0,0.0,0.0,0.0,5.0,0.0,0.0,0.0
41.82646942,-87.62255096,0.0,0.0,0.0,0.0,3.0,0.0,0.0,0.0
41.82648468,-87.62268066,0.0,0.0,0.0,0.0,1.0,0.0,0.0,0.0
41.8255043,-87.62325287,0.0,0.0,0.0,0.0,3.0,0.0,0.0,0.0
41.82666779,-87.61910248,0.0,0.0,0.0,0.0,2.0,0.0,0.0,0.0
41.82679749,-87.62038422,0.0,0.0,0.0,0.0,2.0,0.0,0.0,0.0
41.82569885,-87.62104034,0.0,0.0,0.0,0.0,4.0,0.0,0.0,0.0
41.82658005,-87.6215744,0.0,0.0,0.0,0.0,2.0,0.0,0.0,0.0
41.82632446,-87.62155914,0.0,0.0,0.0,0.0,3.0,0.0,0.0,0.0
41.82553101,-87.6210556,0.0,0.0,0.0,0.0,2.0,0.0,0.0,0.0
41.82657242,-87.62184143,0.0,0.0,0.0,0.0,2.0,0.0,0.0,0.0
41.825634,-87.62498474,0.0,0.0,0.0,0.0,4.0,0.0,0.0,0.0
41.82544327,-87.62329865,0.0,0.0,0.0,0.0,2.0,0.0,0.0,0.0
41.82692719,-87.62632751,0.0,0.0,0.0,0.0,5.0,0.0,0.0,0.0
41.8265419,-87.62496948,0.0,0.0,0.0,0.0,3.0,0.0,0.0,0.0
41.8237915,-87.62769318,0.0,0.0,0.0,0.0,3.0,0.0,0.0,0.0
41.82402039,-87.62773895,0.0,0.0,0.0,0.0,1.0,0.0,0.0,0.0
41.82587814,-87.62633514,0.0,0.0,0.0,0.0,2.0,0.0,0.0,0.0
41.82562637,-87.62530518,0.0,0.0,0.0,0.0,2.0,0.0,0.0,0.0
41.82455444,-87.62771606,0.0,0.0,0.0,0.0,4.0,0.0,0.0,0.0
41.82444,-87.62767792,0.0,0.0,0.0,0.0,5.0,0.0,0.0,0.0
41.82380295,-87.62709808,0.0,0.0,0.0,0.0,1.0,0.0,0.0,0.0
41.82898331,-87.61843109,0.0,0.0,0.0,0.0,3.0,0.0,0.0,0.0
41.8290062,-87.61915588,0.0,0.0,0.0,0.0,1.0,0.0,0.0,0.0
41.82915878,-87.61676788,0.0,0.0,0.0,0.0,1.0,0.0,0.0,0.0
41.82382584,-87.62488556,0.0,0.0,0.0,0.0,5.0,0.0,0.0,0.0
41.82395935,-87.62488556,0.0,0.0,0.0,0.0,5.0,0.0,0.0,0.0
41.82434464,-87.62325287,0.0,0.0,0.0,0.0,1.0,0.0,0.0,0.0
41.82462692,-87.62771606,0.0,0.0,0.0,0.0,4.0,0.0,0.0,0.0
41.82457352,-87.62753296,0.0,0.0,0.0,0.0,3.0,0.0,0.0,0.0
41.82580948,-87.62633514,0.0,0.0,0.0,0.0,3.0,0.0,0.0,0.0
41.82625961,-87.62631226,0.0,0.0,0.0,0.0,4.0,0.0,0.0,0.0
41.82548141,-87.62526703,0.0,0.0,0.0,0.0,4.0,0.0,0.0,0.0
41.82644653,-87.62283325,0.0,0.0,0.0,0.0,2.0,0.0,0.0,0.0
41.82604599,-87.62330627,0.0,0.0,0.0,0.0,3.0,0.0,0.0,0.0
41.82641602,-87.62347412,0.0,0.0,0.0,0.0,2.0,0.0,0.0,0.0
41.82571793,-87.6186676,0.0,0.0,0.0,0.0,3.0,0.0,0.0,0.0
41.82570648,-87.61885071,0.0,0.0,0.0,0.0,3.0,0.0,0.0,0.0
41.82554626,-87.61934662,0.0,0.0,0.0,0.0,1.0,0.0,0.0,0.0
41.8274231,-87.62508392,0.0,0.0,0.0,0.0,3.0,0.0,0.0,0.0
41.82868958,-87.62406921,0.0,0.0,0.0,0.0,3.0,0.0,0.0,0.0
41.83095169,-87.62547302,0.0,0.0,0.0,0.0,3.0,0.0,0.0,0.0
41.82754898,-87.61751556,0.0,0.0,0.0,0.0,5.0,0.0,0.0,0.0
41.8272438,-87.6179657,0.0,0.0,0.0,0.0,3.0,0.0,0.0,0.0
41.82622147,-87.61911011,0.0,0.0,0.0,0.0,1.0,0.0,0.0,0.0
41.82595062,-87.61695862,0.0,0.0,0.0,0.0,5.0,0.0,0.0,0.0
41.82517242,-87.61436462,0.0,0.0,0.0,0.0,4.0,0.0,0.0,0.0
41.82426834,-87.61430359,0.0,0.0,0.0,0.0,3.0,0.0,0.0,0.0
41.82442856,-87.61428833,0.0,0.0,0.0,0.0,3.0,0.0,0.0,0.0
41.82396317,-87.6133194,0.0,0.0,0.0,0.0,2.0,0.0,0.0,0.0
41.8241806,-87.6142807,0.0,0.0,0.0,0.0,3.0,0.0,0.0,0.0
41.82460022,-87.61427307,0.0,0.0,0.0,0.0,3.0,0.0,0.0,0.0
41.82423019,-87.61907196,0.0,0.0,0.0,0.0,1.0,0.0,0.0,0.0
41.82704163,-87.61791992,0.0,0.0,0.0,0.0,2.0,0.0,0.0,0.0
41.82692719,-87.61911011,0.0,0.0,0.0,0.0,1.0,0.0,0.0,0.0
41.82730103,-87.62615204,0.0,0.0,0.0,0.0,2.0,0.0,0.0,0.0
41.82632446,-87.62498474,0.0,0.0,0.0,0.0,3.0,0.0,0.0,0.0
41.82830429,-87.61843109,0.0,0.0,0.0,0.0,3.0,0.0,0.0,0.0
41.82846069,-87.61915588,0.0,0.0,0.0,0.0,1.0,0.0,0.0,0.0
41.82740402,-87.62609863,0.0,0.0,0.0,0.0,2.0,0.0,0.0,0.0
41.82730865,-87.62477112,0.0,0.0,0.0,0.0,4.0,0.0,0.0,0.0
41.82560349,-87.62628937,0.0,0.0,0.0,0.0,3.0,0.0,0.0,0.0
41.82546997,-87.626297,0.0,0.0,0.0,0.0,2.0,0.0,0.0,0.0
41.82530975,-87.62627411,0.0,0.0,0.0,0.0,3.0,0.0,0.0,0.0
41.82506561,-87.62773132,0.0,0.0,0.0,0.0,3.0,0.0,0.0,0.0
41.82513809,-87.62329102,0.0,0.0,0.0,0.0,3.0,0.0,0.0,0.0
41.82504654,-87.6232605,0.0,0.0,0.0,0.0,1.0,0.0,0.0,0.0
41.82657623,-87.62197113,0.0,0.0,0.0,0.0,2.0,0.0,0.0,0.0
41.82625961,-87.62174988,0.0,0.0,0.0,0.0,3.0,0.0,0.0,0.0
41.82639313,-87.62174225,0.0,0.0,0.0,0.0,3.0,0.0,0.0,0.0
41.82497025,-87.62626648,0.0,0.0,0.0,0.0,2.0,0.0,0.0,0.0
41.8249321,-87.62654877,0.0,0.0,0.0,0.0,3.0,0.0,0.0,0.0
41.8248558,-87.62771606,0.0,0.0,0.0,0.0,3.0,0.0,0.0,0.0
41.82500076,-87.61909485,0.0,0.0,0.0,0.0,1.0,0.0,0.0,0.0
41.82492065,-87.62293243,0.0,0.0,0.0,0.0,3.0,0.0,0.0,0.0
41.82524109,-87.62289429,0.0,0.0,0.0,0.0,2.0,0.0,0.0,0.0
41.82780838,-87.61826324,0.0,0.0,0.0,0.0,2.0,0.0,0.0,0.0
41.82740021,-87.61859131,0.0,0.0,0.0,0.0,1.0,0.0,0.0,0.0
41.82759094,-87.61940002,0.0,0.0,0.0,0.0,1.0,0.0,0.0,0.0
41.82657242,-87.62208557,0.0,0.0,0.0,0.0,3.0,0.0,0.0,0.0
41.82747269,-87.62245178,0.0,0.0,0.0,0.0,4.0,0.0,0.0,0.0
41.82746124,-87.62232208,0.0,0.0,0.0,0.0,5.0,0.0,0.0,0.0
41.8265686,-87.62223816,0.0,0.0,0.0,0.0,4.0,0.0,0.0,0.0
41.82591629,-87.62291718,0.0,0.0,0.0,0.0,4.0,0.0,0.0,0.0
41.82659912,-87.62220001,0.0,0.0,0.0,0.0,2.0,0.0,0.0,0.0
41.82647705,-87.62245178,0.0,0.0,0.0,0.0,3.0,0.0,0.0,0.0
41.82614517,-87.62174988,0.0,0.0,0.0,0.0,3.0,0.0,0.0,0.0
41.82659531,-87.62233734,0.0,0.0,0.0,0.0,3.0,0.0,0.0,0.0
41.8265419,-87.62232971,0.0,0.0,0.0,0.0,4.0,0.0,0.0,0.0
41.82723618,-87.62332153,0.0,0.0,0.0,0.0,3.0,0.0,0.0,0.0
41.82746124,-87.62325287,0.0,0.0,0.0,0.0,3.0,0.0,0.0,0.0
41.8273201,-87.62231445,0.0,0.0,0.0,0.0,2.0,0.0,0.0,0.0
41.82384109,-87.62754059,0.0,0.0,0.0,0.0,2.0,0.0,0.0,0.0
41.82417679,-87.62772369,0.0,0.0,0.0,0.0,1.0,0.0,0.0,0.0
41.8242569,-87.62755585,0.0,0.0,0.0,0.0,4.0,0.0,0.0,0.0
41.8307724,-87.61831665,0.0,0.0,0.0,0.0,2.0,0.0,0.0,0.0
41.83069229,-87.61945343,0.0,0.0,0.0,0.0,1.0,0.0,0.0,0.0
41.83168411,-87.61749268,0.0,0.0,0.0,0.0,3.0,0.0,0.0,0.0
41.83057022,-87.61945343,0.0,0.0,0.0,0.0,1.0,0.0,0.0,0.0
41.83125305,-87.61646271,0.0,0.0,0.0,0.0,3.0,0.0,0.0,0.0
41.8291893,-87.61845398,0.0,0.0,0.0,0.0,2.0,0.0,0.0,0.0
41.82941818,-87.61914825,0.0,0.0,0.0,0.0,1.0,0.0,0.0,0.0
41.83129883,-87.61606598,0.0,0.0,0.0,0.0,2.0,0.0,0.0,0.0
41.82381821,-87.62493896,0.0,0.0,3.0,0.0,0.0,0.0,0.0,0.0
41.82388687,-87.62490082,0.0,0.0,5.0,0.0,0.0,0.0,0.0,0.0
41.82379913,-87.62516022,0.0,0.0,2.0,0.0,0.0,0.0,0.0,0.0
41.82455826,-87.6193161,0.0,0.0,3.0,0.0,0.0,0.0,0.0,0.0
41.82450104,-87.62026215,0.0,0.0,1.0,0.0,0.0,0.0,0.0,0.0
41.82452774,-87.61832428,0.0,0.0,2.0,0.0,0.0,0.0,0.0,0.0
41.82384491,-87.62194824,0.0,0.0,3.0,0.0,0.0,0.0,0.0,0.0
41.82383728,-87.62290192,0.0,0.0,1.0,0.0,0.0,0.0,0.0,0.0
41.82405472,-87.62029266,0.0,0.0,3.0,0.0,0.0,0.0,0.0,0.0
41.8248291,-87.61927032,0.0,0.0,3.0,0.0,0.0,0.0,0.0,0.0
41.82473755,-87.61831665,0.0,0.0,2.0,0.0,0.0,0.0,0.0,0.0
41.82416534,-87.62030792,0.0,0.0,1.0,0.0,0.0,0.0,0.0,0.0
41.82387161,-87.62657166,0.0,0.0,3.0,0.0,0.0,0.0,0.0,0.0
41.82380676,-87.62615204,0.0,0.0,2.0,0.0,0.0,0.0,0.0,0.0
41.82511902,-87.62757111,0.0,0.0,4.0,0.0,0.0,0.0,0.0,0.0
41.82491684,-87.62657928,0.0,0.0,3.0,0.0,0.0,0.0,0.0,0.0
41.82416916,-87.62757111,0.0,0.0,4.0,0.0,0.0,0.0,0.0,0.0
41.82408524,-87.62757111,0.0,0.0,1.0,0.0,0.0,0.0,0.0,0.0
41.82378387,-87.62747192,0.0,0.0,4.0,0.0,0.0,0.0,0.0,0.0
41.82556152,-87.61930084,0.0,0.0,4.0,0.0,0.0,0.0,0.0,0.0
41.82507324,-87.62036133,0.0,0.0,1.0,0.0,0.0,0.0,0.0,0.0
41.82391739,-87.61680603,0.0,0.0,2.0,0.0,0.0,0.0,0.0,0.0
41.8239212,-87.61716461,0.0,0.0,1.0,0.0,0.0,0.0,0.0,0.0
41.82472992,-87.61445618,0.0,0.0,2.0,0.0,0.0,0.0,0.0,0.0
41.82504654,-87.61927795,0.0,0.0,3.0,0.0,0.0,0.0,0.0,0.0
41.82505035,-87.61831665,0.0,0.0,2.0,0.0,0.0,0.0,0.0,0.0
41.8249588,-87.62031555,0.0,0.0,1.0,0.0,0.0,0.0,0.0,0.0
41.82693863,-87.61933899,0.0,0.0,1.0,0.0,0.0,0.0,0.0,0.0
41.82746124,-87.619133,0.0,0.0,3.0,0.0,0.0,0.0,0.0,0.0
41.82752991,-87.61742401,0.0,0.0,5.0,0.0,0.0,0.0,0.0,0.0
41.82798004,-87.61827087,0.0,0.0,5.0,0.0,0.0,0.0,0.0,0.0
41.82635117,-87.61686707,0.0,0.0,3.0,0.0,0.0,0.0,0.0,0.0
41.82592773,-87.62178802,0.0,0.0,2.0,0.0,0.0,0.0,0.0,0.0
41.82569504,-87.62175751,0.0,0.0,5.0,0.0,0.0,0.0,0.0,0.0
41.82661057,-87.62178802,0.0,0.0,2.0,0.0,0.0,0.0,0.0,0.0
41.82647705,-87.62176514,0.0,0.0,2.0,0.0,0.0,0.0,0.0,0.0
41.8241272,-87.61429596,0.0,0.0,4.0,0.0,0.0,0.0,0.0,0.0
41.82429886,-87.61426544,0.0,0.0,4.0,0.0,0.0,0.0,0.0,0.0
41.82398224,-87.61271667,0.0,0.0,2.0,0.0,0.0,0.0,0.0,0.0
41.82639313,-87.62155151,0.0,0.0,4.0,0.0,0.0,0.0,0.0,0.0
41.82618332,-87.6217804,0.0,0.0,3.0,0.0,0.0,0.0,0.0,0.0
41.82569122,-87.62153625,0.0,0.0,5.0,0.0,0.0,0.0,0.0,0.0
41.82400513,-87.61428833,0.0,0.0,4.0,0.0,0.0,0.0,0.0,0.0
41.82397842,-87.61301422,0.0,0.0,2.0,0.0,0.0,0.0,0.0,0.0
41.82639694,-87.62177277,0.0,0.0,4.0,0.0,0.0,0.0,0.0,0.0
41.82659531,-87.62264252,0.0,0.0,2.0,0.0,0.0,0.0,0.0,0.0
41.82548523,-87.62156677,0.0,0.0,3.0,0.0,0.0,0.0,0.0,0.0
41.82662201,-87.6215744,0.0,0.0,4.0,0.0,0.0,0.0,0.0,0.0
41.82549667,-87.62173462,0.0,0.0,1.0,0.0,0.0,0.0,0.0,0.0
41.82470322,-87.62464905,0.0,0.0,5.0,0.0,0.0,0.0,0.0,0.0
41.82384872,-87.62328339,0.0,0.0,5.0,0.0,0.0,0.0,0.0,0.0
41.82658768,-87.62282562,0.0,0.0,2.0,0.0,0.0,0.0,0.0,0.0
41.82748032,-87.62300873,0.0,0.0,5.0,0.0,0.0,0.0,0.0,0.0
41.82889938,-87.62184143,0.0,0.0,5.0,0.0,0.0,0.0,0.0,0.0
41.82659531,-87.62248993,0.0,0.0,3.0,0.0,0.0,0.0,0.0,0.0
41.82748795,-87.62329865,0.0,0.0,5.0,0.0,0.0,0.0,0.0,0.0
41.82866669,-87.62179565,0.0,0.0,5.0,0.0,0.0,0.0,0.0,0.0
41.82841492,-87.62180328,0.0,0.0,4.0,0.0,0.0,0.0,0.0,0.0
41.82685089,-87.62160492,0.0,0.0,4.0,0.0,0.0,0.0,0.0,0.0
41.82762527,-87.62034607,0.0,0.0,4.0,0.0,0.0,0.0,0.0,0.0
41.82842255,-87.62159729,0.0,0.0,4.0,0.0,0.0,0.0,0.0,0.0
41.82749557,-87.62001038,0.0,0.0,2.0,0.0,0.0,0.0,0.0,0.0
41.82748032,-87.62032318,0.0,0.0,5.0,0.0,0.0,0.0,0.0,0.0
41.82748413,-87.62156677,0.0,0.0,4.0,0.0,0.0,0.0,0.0,0.0
41.82798386,-87.62153625,0.0,0.0,5.0,0.0,0.0,0.0,0.0,0.0
41.82731247,-87.62554932,0.0,0.0,1.0,0.0,0.0,0.0,0.0,0.0
41.82743073,-87.62470245,0.0,0.0,3.0,0.0,0.0,0.0,0.0,0.0
41.82797241,-87.62181091,0.0,0.0,4.0,0.0,0.0,0.0,0.0,0.0
41.82746506,-87.62212372,0.0,0.0,3.0,0.0,0.0,0.0,0.0,0.0
41.82731247,-87.62178802,0.0,0.0,3.0,0.0,0.0,0.0,0.0,0.0
41.8274765,-87.62146759,0.0,0.0,5.0,0.0,0.0,0.0,0.0,0.0
41.82731247,-87.62158966,0.0,0.0,3.0,0.0,0.0,0.0,0.0,0.0
41.8280983,-87.62174988,0.0,0.0,5.0,0.0,0.0,0.0,0.0,0.0
41.82582855,-87.61696625,0.0,0.0,5.0,0.0,0.0,0.0,0.0,0.0
41.82545471,-87.61672211,0.0,0.0,4.0,0.0,0.0,0.0,0.0,0.0
41.82528687,-87.61927795,0.0,0.0,3.0,0.0,0.0,0.0,0.0,0.0
41.82553101,-87.61832428,0.0,0.0,2.0,0.0,0.0,0.0,0.0,0.0
41.82745361,-87.62234497,0.0,0.0,5.0,0.0,0.0,0.0,0.0,0.0
41.82725525,-87.62158203,0.0,0.0,2.0,0.0,0.0,0.0,0.0,0.0
41.82707214,-87.62177277,0.0,0.0,2.0,0.0,0.0,0.0,0.0,0.0
41.82817078,-87.6217804,0.0,0.0,5.0,0.0,0.0,0.0,0.0,0.0
41.82748795,-87.62062836,0.0,0.0,4.0,0.0,0.0,0.0,0.0,0.0
41.82811356,-87.62162018,0.0,0.0,5.0,0.0,0.0,0.0,0.0,0.0
41.82754135,-87.61726379,0.0,0.0,5.0,0.0,0.0,0.0,0.0,0.0
41.82723236,-87.61714935,0.0,0.0,4.0,0.0,0.0,0.0,0.0,0.0
41.82707214,-87.62159729,0.0,0.0,3.0,0.0,0.0,0.0,0.0,0.0
41.82775116,-87.62156677,0.0,0.0,4.0,0.0,0.0,0.0,0.0,0.0
41.82746887,-87.62110138,0.0,0.0,3.0,0.0,0.0,0.0,0.0,0.0
41.82747269,-87.62123108,0.0,0.0,5.0,0.0,0.0,0.0,0.0,0.0
41.82748795,-87.62181854,0.0,0.0,4.0,0.0,0.0,0.0,0.0,0.0
41.8277626,-87.62180328,0.0,0.0,5.0,0.0,0.0,0.0,0.0,0.0
41.82741928,-87.62585449,0.0,0.0,2.0,0.0,0.0,0.0,0.0,0.0
41.82933807,-87.62184906,0.0,0.0,5.0,0.0,0.0,0.0,0.0,0.0
41.82728195,-87.626297,0.0,0.0,3.0,0.0,0.0,0.0,0.0,0.0
41.82933807,-87.62160492,0.0,0.0,5.0,0.0,0.0,0.0,0.0,0.0
41.82378769,-87.62660217,0.0,0.0,2.0,0.0,0.0,0.0,0.0,0.0
41.82459259,-87.62754822,0.0,0.0,5.0,0.0,0.0,0.0,0.0,0.0
41.82448196,-87.62759399,0.0,0.0,3.0,0.0,0.0,0.0,0.0,0.0
41.83119202,-87.61940765,0.0,0.0,2.0,0.0,0.0,0.0,0.0,0.0
41.82966232,-87.6216507,0.0,0.0,5.0,0.0,0.0,0.0,0.0,0.0
41.82514954,-87.62774658,0.0,0.0,5.0,0.0,0.0,0.0,0.0,0.0
41.82496262,-87.62626648,0.0,0.0,4.0,0.0,0.0,0.0,0.0,0.0
41.82727814,-87.62667084,0.0,0.0,4.0,0.0,0.0,0.0,0.0,0.0
41.8297081,-87.6218338,0.0,0.0,5.0,0.0,0.0,0.0,0.0,0.0
41.82382965,-87.62752533,0.0,0.0,4.0,0.0,0.0,0.0,0.0,0.0
41.82439041,-87.62758636,0.0,0.0,1.0,0.0,0.0,0.0,0.0,0.0
41.82453537,-87.62757874,0.0,0.0,3.0,0.0,0.0,0.0,0.0,0.0
41.82379913,-87.62821198,0.0,0.0,2.0,0.0,0.0,0.0,0.0,0.0
41.82383347,-87.62771606,0.0,0.0,5.0,0.0,0.0,0.0,0.0,0.0
41.82378769,-87.62786102,0.0,0.0,2.0,0.0,0.0,0.0,0.0,0.0
41.82474136,-87.62759399,0.0,0.0,3.0,0.0,0.0,0.0,0.0,0.0
41.82513428,-87.62026978,0.0,0.0,0.0,0.0,0.0,0.0,0.0,1.0
41.82414246,-87.62021637,0.0,0.0,0.0,0.0,0.0,0.0,0.0,1.0
41.82813263,-87.62307739,0.0,0.0,0.0,5.0,0.0,0.0,0.0,0.0
41.82749939,-87.62326813,0.0,0.0,0.0,5.0,0.0,0.0,0.0,0.0
41.82555771,-87.61930847,0.0,0.0,0.0,3.0,0.0,0.0,0.0,0.0
41.8257103,-87.61914825,0.0,0.0,0.0,4.0,0.0,0.0,0.0,0.0
41.82378387,-87.62770844,0.0,0.0,0.0,3.0,0.0,0.0,0.0,0.0
41.82497406,-87.62631226,0.0,0.0,0.0,5.0,0.0,0.0,0.0,0.0
41.82546997,-87.62657166,0.0,0.0,0.0,4.0,0.0,0.0,0.0,0.0
41.82745743,-87.62332153,0.0,0.0,0.0,5.0,0.0,0.0,0.0,0.0
41.82847595,-87.62308502,0.0,0.0,0.0,5.0,0.0,0.0,0.0,0.0
41.8274765,-87.62299347,0.0,0.0,0.0,5.0,0.0,0.0,0.0,0.0
41.82395172,-87.61427307,0.0,0.0,0.0,2.0,0.0,0.0,0.0,0.0
41.82439423,-87.61732483,0.0,0.0,0.0,4.0,0.0,0.0,0.0,0.0
41.82548523,-87.6265564,0.0,0.0,0.0,3.0,0.0,0.0,0.0,0.0
41.82743835,-87.62505341,0.0,0.0,0.0,3.0,0.0,0.0,0.0,0.0
41.82380676,-87.62046051,0.0,0.0,0.0,0.0,0.0,1.0,0.0,0.0
41.82551193,-87.62041473,0.0,0.0,0.0,0.0,0.0,1.0,0.0,0.0
41.82740402,-87.61681366,0.0,0.0,0.0,0.0,0.0,1.0,0.0,0.0
41.82376099,-87.62296295,0.0,0.0,0.0,0.0,0.0,1.0,0.0,0.0
41.82378387,-87.62172699,0.0,0.0,0.0,0.0,0.0,3.0,0.0,0.0
41.82735443,-87.62168121,0.0,0.0,0.0,0.0,0.0,1.0,0.0,0.0
41.82559586,-87.62051392,0.0,0.0,0.0,0.0,0.0,1.0,0.0,0.0
41.82652283,-87.62176514,0.0,0.0,0.0,0.0,0.0,1.0,0.0,0.0
41.82566833,-87.62160492,0.0,0.0,0.0,0.0,0.0,1.0,0.0,0.0
41.82638931,-87.62316132,0.0,0.0,0.0,0.0,0.0,1.0,0.0,0.0
41.83112717,-87.62325287,0.0,0.0,0.0,0.0,0.0,1.0,0.0,0.0
41.82387924,-87.61919403,0.0,0.0,0.0,0.0,0.0,1.0,0.0,0.0
41.82386398,-87.61717987,0.0,0.0,0.0,0.0,0.0,2.0,0.0,0.0
41.82740021,-87.61711884,0.0,0.0,0.0,0.0,0.0,1.0,0.0,0.0
41.82574844,-87.61702728,0.0,0.0,0.0,0.0,0.0,1.0,0.0,0.0
41.83104324,-87.62310791,0.0,0.0,0.0,0.0,0.0,1.0,0.0,0.0
41.8296051,-87.62182617,0.0,0.0,0.0,0.0,0.0,1.0,0.0,0.0
41.82740784,-87.62158203,0.0,0.0,0.0,0.0,0.0,1.0,0.0,0.0
41.8274231,-87.62057495,0.0,0.0,0.0,0.0,0.0,1.0,0.0,0.0
41.82649994,-87.62332153,0.0,0.0,0.0,0.0,0.0,1.0,0.0,0.0
41.82746887,-87.62166595,0.0,0.0,0.0,0.0,0.0,1.0,0.0,0.0
41.82747269,-87.62045288,0.0,0.0,0.0,0.0,0.0,1.0,0.0,0.0
41.8274765,-87.61742401,0.0,0.0,0.0,0.0,0.0,1.0,0.0,0.0
41.82380676,-87.61929321,0.0,0.0,0.0,0.0,0.0,2.0,0.0,0.0
41.82389069,-87.62034607,0.0,0.0,0.0,0.0,0.0,1.0,0.0,0.0
41.82391357,-87.61695862,0.0,0.0,0.0,0.0,0.0,1.0,0.0,0.0
41.82753372,-87.61710358,0.0,0.0,0.0,0.0,0.0,1.0,0.0,0.0
41.82397461,-87.61434174,0.0,0.0,0.0,0.0,0.0,1.0,0.0,0.0
41.82748413,-87.61672974,0.0,0.0,0.0,0.0,0.0,1.0,0.0,0.0
41.82386017,-87.62158966,0.0,0.0,0.0,0.0,0.0,2.0,0.0,0.0
41.82383728,-87.62313843,0.0,0.0,0.0,0.0,0.0,1.0,0.0,0.0
41.82756042,-87.61680603,0.0,0.0,0.0,0.0,0.0,1.0,0.0,0.0
41.82387924,-87.61445618,0.0,0.0,0.0,0.0,0.0,1.0,0.0,0.0
41.82741928,-87.62178802,0.0,0.0,0.0,0.0,0.0,1.0,0.0,0.0
41.82743073,-87.62034607,0.0,0.0,0.0,0.0,0.0,1.0,0.0,0.0
41.82751083,-87.61734009,0.0,0.0,0.0,0.0,0.0,1.0,0.0,0.0
41.82657623,-87.62313843,0.0,0.0,0.0,0.0,0.0,1.0,0.0,0.0
41.82739639,-87.62295532,0.0,0.0,0.0,0.0,0.0,1.0,0.0,0.0
41.83096695,-87.62326813,0.0,0.0,0.0,0.0,0.0,1.0,0.0,0.0
41.83123016,-87.61814117,0.0,0.0,0.0,0.0,0.0,1.0,0.0,0.0
41.83122635,-87.61736298,0.0,0.0,0.0,0.0,0.0,1.0,0.0,0.0
41.83118439,-87.61750793,0.0,0.0,0.0,0.0,0.0,1.0,0.0,0.0
41.83354187,-87.61740112,0.0,0.0,0.0,0.0,0.0,1.0,0.0,0.0
41.83368301,-87.6173172,0.0,0.0,0.0,0.0,0.0,1.0,0.0,0.0
41.83374023,-87.61444855,0.0,0.0,0.0,0.0,0.0,2.0,0.0,0.0
41.83355331,-87.61707306,0.0,0.0,0.0,0.0,0.0,1.0,0.0,0.0
41.83369827,-87.61618042,0.0,0.0,0.0,0.0,0.0,2.0,0.0,0.0
41.83364487,-87.61704254,0.0,0.0,0.0,0.0,0.0,1.0,0.0,0.0
41.8309021,-87.62784576,0.0,0.0,0.0,0.0,0.0,1.0,0.0,0.0
41.83109665,-87.62659454,0.0,0.0,0.0,0.0,0.0,1.0,0.0,0.0
41.8310051,-87.62639618,0.0,0.0,0.0,0.0,0.0,1.0,0.0,0.0
41.82647324,-87.62503052,0.0,0.0,0.0,0.0,0.0,2.0,0.0,0.0
41.82648468,-87.62484741,0.0,0.0,0.0,0.0,0.0,1.0,0.0,0.0
41.825634,-87.62641144,0.0,0.0,0.0,0.0,0.0,1.0,0.0,0.0
41.82380295,-87.62631989,0.0,0.0,0.0,0.0,0.0,1.0,0.0,0.0
41.83094788,-87.62651825,0.0,0.0,0.0,0.0,0.0,1.0,0.0,0.0
41.83098602,-87.62667847,0.0,0.0,0.0,0.0,0.0,1.0,0.0,0.0
41.82553101,-87.62627411,0.0,0.0,0.0,0.0,0.0,1.0,0.0,0.0
41.8263855,-87.6248703,0.0,0.0,0.0,0.0,0.0,2.0,0.0,0.0
41.83090973,-87.62662506,0.0,0.0,0.0,0.0,0.0,1.0,0.0,0.0
41.82656479,-87.62488556,0.0,0.0,0.0,0.0,0.0,2.0,0.0,0.0
41.82919693,-87.62665558,0.0,0.0,0.0,0.0,0.0,1.0,0.0,0.0
41.82648468,-87.62470245,0.0,0.0,0.0,0.0,0.0,1.0,0.0,0.0
41.82997131,-87.62667084,0.0,0.0,0.0,0.0,0.0,1.0,0.0,0.0
41.82649612,-87.62298584,0.0,0.0,0.0,0.0,0.0,1.0,0.0,0.0
41.8310585,-87.62339783,0.0,0.0,0.0,0.0,0.0,1.0,0.0,0.0
41.83343887,-87.62647247,0.0,0.0,0.0,0.0,0.0,1.0,0.0,0.0
41.83345413,-87.62665558,0.0,0.0,0.0,0.0,0.0,1.0,0.0,0.0
41.83292007,-87.62647247,0.0,0.0,0.0,0.0,0.0,1.0,0.0,0.0
41.83292007,-87.62662506,0.0,0.0,0.0,0.0,0.0,1.0,0.0,0.0
41.83200836,-87.62645721,0.0,0.0,0.0,0.0,0.0,1.0,0.0,0.0
41.83203888,-87.62664795,0.0,0.0,0.0,0.0,0.0,1.0,0.0,0.0
41.83117676,-87.61458588,0.0,0.0,0.0,0.0,0.0,1.0,0.0,0.0
41.83107758,-87.61449432,0.0,0.0,0.0,0.0,0.0,2.0,0.0,0.0
41.8311348,-87.61441803,0.0,0.0,0.0,0.0,0.0,1.0,0.0,0.0
41.83123779,-87.61438751,0.0,0.0,0.0,0.0,0.0,1.0,0.0,0.0
41.83100128,-87.61734772,0.0,0.0,0.0,0.0,0.0,1.0,0.0,0.0
41.83098602,-87.61697388,0.0,0.0,0.0,0.0,0.0,1.0,0.0,0.0
41.83111572,-87.61695099,0.0,0.0,0.0,0.0,0.0,1.0,0.0,0.0
41.83126068,-87.61703491,0.0,0.0,0.0,0.0,0.0,1.0,0.0,0.0
41.82571411,-87.60977173,1.0,0.0,0.0,0.0,0.0,0.0,0.0,0.0
41.82397461,-87.61248016,1.0,0.0,0.0,0.0,0.0,0.0,0.0,0.0
41.82569122,-87.60986328,1.0,0.0,0.0,0.0,0.0,0.0,0.0,0.0
41.82398987,-87.61249542,1.0,0.0,0.0,0.0,0.0,0.0,0.0,0.0
41.82587814,-87.60926819,1.0,0.0,0.0,0.0,0.0,0.0,0.0,0.0
41.8258667,-87.60919952,1.0,0.0,0.0,0.0,0.0,0.0,0.0,0.0
41.82572556,-87.60919189,1.0,0.0,0.0,0.0,0.0,0.0,0.0,0.0
41.82572556,-87.60926819,3.0,0.0,0.0,0.0,0.0,0.0,0.0,0.0
41.82584381,-87.60977173,1.0,0.0,0.0,0.0,0.0,0.0,0.0,0.0
41.82580948,-87.60974884,1.0,0.0,0.0,0.0,0.0,0.0,0.0,0.0
41.82582855,-87.60986328,1.0,0.0,0.0,0.0,0.0,0.0,0.0,0.0
41.82574844,-87.60977936,1.0,0.0,0.0,0.0,0.0,0.0,0.0,0.0
41.82681656,-87.60849762,1.0,0.0,0.0,0.0,0.0,0.0,0.0,0.0
41.82674789,-87.6084671,3.0,0.0,0.0,0.0,0.0,0.0,0.0,0.0
41.82595444,-87.60804749,3.0,0.0,0.0,0.0,0.0,0.0,0.0,0.0
41.82592773,-87.60800934,3.0,0.0,0.0,0.0,0.0,0.0,0.0,0.0
41.8260498,-87.60805511,1.0,0.0,0.0,0.0,0.0,0.0,0.0,0.0
41.82601166,-87.60807037,3.0,0.0,0.0,0.0,0.0,0.0,0.0,0.0
41.82601929,-87.608078,0.0,0.0,0.0,0.0,3.0,0.0,0.0,0.0
41.82572556,-87.60978699,0.0,0.0,0.0,0.0,0.0,1.0,0.0,0.0
41.82583618,-87.6098175,0.0,0.0,0.0,0.0,0.0,1.0,0.0,0.0
41.82608032,-87.60797882,0.0,0.0,0.0,0.0,0.0,1.0,0.0,0.0
41.82598495,-87.60806274,0.0,0.0,0.0,0.0,0.0,1.0,0.0,0.0
41.82678223,-87.60848236,0.0,0.0,0.0,0.0,0.0,1.0,0.0,0.0
41.8136673,-87.63474274,1.0,0.0,0.0,0.0,0.0,0.0,0.0,0.0
41.82355118,-87.63261414,1.0,0.0,0.0,0.0,0.0,0.0,0.0,0.0
41.81925583,-87.62957001,1.0,0.0,0.0,0.0,0.0,0.0,0.0,0.0
41.8164978,-87.63127899,2.0,0.0,0.0,0.0,0.0,0.0,0.0,0.0
41.81374359,-87.63470459,2.0,0.0,0.0,0.0,0.0,0.0,0.0,0.0
41.81373215,-87.63453674,1.0,0.0,0.0,0.0,0.0,0.0,0.0,0.0
41.81371689,-87.63460541,2.0,0.0,0.0,0.0,0.0,0.0,0.0,0.0
41.81365585,-87.63457489,3.0,0.0,0.0,0.0,0.0,0.0,0.0,0.0
41.82351685,-87.63247681,2.0,0.0,0.0,0.0,0.0,0.0,0.0,0.0
41.8191452,-87.62944794,1.0,0.0,0.0,0.0,0.0,0.0,0.0,0.0
41.81652069,-87.63113403,1.0,0.0,0.0,0.0,0.0,0.0,0.0,0.0
41.8136673,-87.63452148,2.0,0.0,0.0,0.0,0.0,0.0,0.0,0.0
41.82358551,-87.62966919,1.0,0.0,0.0,0.0,0.0,0.0,0.0,0.0
41.81925201,-87.62941742,1.0,0.0,0.0,0.0,0.0,0.0,0.0,0.0
41.81372452,-87.63473511,1.0,0.0,0.0,0.0,0.0,0.0,0.0,0.0
41.8235321,-87.63244629,1.0,0.0,0.0,0.0,0.0,0.0,0.0,0.0
41.82358551,-87.62957764,4.0,0.0,0.0,0.0,0.0,0.0,0.0,0.0
41.81926727,-87.62952423,1.0,0.0,0.0,0.0,0.0,0.0,0.0,0.0
41.81632996,-87.63111115,3.0,0.0,0.0,0.0,0.0,0.0,0.0,0.0
41.81034851,-87.63204193,1.0,0.0,0.0,0.0,0.0,0.0,0.0,0.0
41.81924057,-87.62939453,1.0,0.0,0.0,0.0,0.0,0.0,0.0,0.0
41.8163414,-87.63127136,2.0,0.0,0.0,0.0,0.0,0.0,0.0,0.0
41.81024933,-87.6321106,2.0,0.0,0.0,0.0,0.0,0.0,0.0,0.0
41.81027985,-87.63205719,1.0,0.0,0.0,0.0,0.0,0.0,0.0,0.0
41.81261826,-87.63304901,0.0,3.0,0.0,0.0,0.0,0.0,0.0,0.0
41.81246567,-87.63273621,0.0,3.0,0.0,0.0,0.0,0.0,0.0,0.0
41.81927872,-87.62956238,0.0,2.0,0.0,0.0,0.0,0.0,0.0,0.0
41.81246948,-87.63265991,0.0,0.0,0.0,0.0,1.0,0.0,0.0,0.0
41.81632614,-87.63176727,0.0,0.0,0.0,0.0,3.0,0.0,0.0,0.0
41.81248093,-87.63275909,0.0,0.0,0.0,0.0,2.0,0.0,0.0,0.0
41.81650925,-87.63155365,0.0,0.0,1.0,0.0,0.0,0.0,0.0,0.0
41.81636429,-87.63131714,0.0,0.0,2.0,0.0,0.0,0.0,0.0,0.0
41.81913376,-87.62950897,0.0,0.0,0.0,0.0,0.0,1.0,0.0,0.0
41.81650925,-87.63118744,0.0,0.0,0.0,0.0,0.0,1.0,0.0,0.0
41.81027985,-87.63205719,0.0,0.0,0.0,0.0,0.0,2.0,0.0,0.0
41.81632996,-87.6312027,0.0,0.0,0.0,0.0,0.0,1.0,0.0,0.0
41.81920242,-87.62940216,0.0,0.0,0.0,0.0,0.0,1.0,0.0,0.0
41.81642914,-87.63127899,0.0,0.0,0.0,0.0,0.0,1.0,0.0,0.0
41.82354355,-87.63143158,0.0,0.0,0.0,0.0,0.0,4.0,0.0,0.0
