lat,lon,Total_Crimes,Summer,Winter,Spring
41.88681078,-87.62492433,1,0,1,0
41.88681234,-87.62517772,8,4,1,0
41.88681327,-87.62532828,5,1,3,1
41.88681349,-87.625365,1,0,1,0
41.88681401,-87.62589383,1,1,0,0
41.88681442,-87.62551556,1,0,1,0
41.88681452,-87.63359133,3,3,0,0
41.88681467,-87.62555596,8,0,5,0
41.88681478,-87.62557432,1,0,0,1
41.8868149,-87.62559268,3,0,2,0
41.8868151,-87.62562573,1,0,0,1
41.88681512,-87.6256294,5,0,2,2
41.8868152,-87.64094728,1,0,0,1
41.88681546,-87.62836172,20,6,8,2
41.88681551,-87.63285315,5,0,4,0
41.88681562,-87.63152371,27,2,13,9
41.88681605,-87.62577996,1,0,1,0
41.88681608,-87.64109417,1,0,1,0
41.88681649,-87.6343662,12,1,1,4
41.88681656,-87.63167795,6,1,2,0
41.88681669,-87.63035218,3,2,0,0
41.88681673,-87.62856736,1,0,0,0
41.88681677,-87.631711,1,0,0,0
41.88681678,-87.63441394,2,0,1,1
41.886817,-87.62905947,12,7,1,1
41.88681718,-87.62998493,2,0,1,0
41.88681723,-87.63448738,1,0,0,1
41.88681743,-87.63452043,2,2,0,0
41.88681772,-87.63456817,1,0,0,0
41.88681772,-87.63007306,5,1,1,2
41.88681799,-87.62877301,1,0,0,0
41.88681801,-87.63416419,1,1,0,0
41.88681815,-87.63059088,1,0,1,0
41.88681835,-87.63467099,1,1,0,0
41.8868185,-87.63424498,5,0,1,0
41.88682005,-87.63495008,2,0,1,0
41.88682009,-87.63495743,1,0,0,1
41.8868203,-87.62069721,1,1,0,0
41.88682031,-87.63499415,1,0,1,0
41.88682049,-87.63502353,1,0,0,0
41.88682279,-87.6277667,1,0,0,0
41.88682359,-87.63508225,1,0,0,1
41.88683127,-87.62069709,1,0,0,0
41.88683248,-87.62755726,4,1,0,1
41.8868367,-87.62735155,1,1,0,0
41.88684637,-87.63476617,1,0,0,0
41.88684911,-87.63476614,1,0,0,0
41.8868505,-87.62070055,1,0,0,0
41.88686381,-87.6268518,13,6,1,2
41.88687995,-87.62635216,1,1,0,0
41.88690933,-87.62666767,2,0,0,1
41.88691562,-87.61661236,5,1,1,0
41.88692851,-87.63428418,1,0,0,0
41.88692882,-87.63208436,1,0,1,0
41.88693048,-87.63325587,1,0,0,1
41.88693078,-87.63285556,3,0,2,1
41.8869311,-87.63155917,2,1,0,0
41.88693111,-87.63021505,1,0,0,1
41.88693177,-87.62853304,1,0,0,1
41.88693192,-87.63034725,1,1,0,0
41.88693279,-87.62914634,1,0,0,0
41.88693288,-87.63050515,1,0,0,0
41.88693304,-87.62873869,1,1,0,0
41.88693427,-87.62894066,1,1,0,0
41.88694453,-87.61552866,13,3,1,5
41.88694469,-87.61555436,9,1,2,0
41.88696349,-87.62654956,1,0,1,0
41.88697542,-87.62759608,1,0,0,0
41.88699557,-87.63991337,8,0,6,1
41.88700988,-87.63548052,1,0,0,1
41.88705541,-87.62454337,1,0,0,1
41.88705959,-87.63282845,1,1,0,0
41.88706079,-87.62853897,2,2,0,0
41.88706179,-87.63004468,5,2,0,1
41.88706696,-87.63991994,1,0,0,0
41.88707044,-87.63101045,1,0,0,0
41.88708027,-87.63397037,2,1,0,1
41.88709392,-87.6272312,2,1,0,0
41.8871112,-87.64134071,3,0,0,2
41.88714213,-87.62748407,3,2,0,1
41.88715422,-87.62454595,6,2,0,0
41.88720369,-87.62233823,1,0,0,1
41.88722282,-87.62454519,4,1,2,0
41.88722344,-87.62687354,1,0,0,1
41.88725779,-87.62710453,2,0,0,0
41.88726766,-87.64134637,5,1,0,1
41.88727039,-87.62070323,2,2,0,0
41.88728969,-87.62649087,1,1,0,0
41.88733811,-87.62455126,26,4,4,9
41.88734971,-87.63993524,1,1,0,0
41.88738476,-87.62455074,6,3,1,0
41.88738838,-87.62070192,1,0,0,0
41.88740671,-87.6245505,1,0,0,1
41.88742409,-87.64134836,4,1,1,0
41.88743983,-87.61706189,1,0,1,0
41.88744196,-87.61564428,1,0,0,0
41.88745339,-87.62455366,3,0,1,0
41.88746711,-87.62455351,1,0,1,0
41.88747808,-87.62455338,3,0,1,0
41.8874918,-87.62455323,1,0,1,0
41.88752199,-87.6245529,12,3,3,2
41.88755993,-87.61739842,1,0,1,0
41.88756021,-87.61744249,1,0,0,0
41.88756023,-87.61744616,1,1,0,0
41.88756053,-87.6174939,16,4,4,5
41.88756866,-87.62455606,2,2,0,0
41.8875778,-87.64135404,4,0,1,2
41.8875906,-87.61835661,6,0,1,2
41.8875983,-87.61475378,1,0,0,0
41.88760237,-87.6206922,1,0,1,0
41.88761531,-87.62455554,1,1,0,0
41.88762081,-87.61880064,20,3,9,6
41.88762321,-87.62583716,1,0,0,0
41.88763223,-87.61535202,1,0,0,1
41.88764063,-87.61934028,19,6,5,5
41.88767421,-87.6163615,1,0,0,1
41.88770448,-87.63102921,2,0,1,0
41.887712,-87.61713965,31,6,9,7
41.88772996,-87.63250529,4,0,0,2
41.88773058,-87.62455794,1,0,0,1
41.88774326,-87.614238,1,0,0,1
41.88776504,-87.62569604,1,0,1,0
41.8877905,-87.61828827,1,0,0,0
41.88781278,-87.62054663,14,1,8,2
41.88782316,-87.61912524,1,0,0,1
41.88784585,-87.62456034,18,4,3,5
41.88784959,-87.62561064,14,4,1,4
41.88785636,-87.62626427,1,0,1,0
41.88787374,-87.62953998,1,1,0,0
41.8878909,-87.61987001,2,0,1,0
41.88789622,-87.63728144,13,6,3,2
41.8878985,-87.63720429,8,1,2,1
41.88790013,-87.63702064,2,0,2,0
41.88790062,-87.63710143,3,1,0,2
41.88790216,-87.6369031,20,7,2,5
41.88790413,-87.62555495,9,1,4,2
41.88790417,-87.63678189,1,1,0,0
41.88791929,-87.62801905,18,3,10,3
41.88793435,-87.63995463,2,1,1,0
41.88795149,-87.63103385,4,1,0,1
41.88795498,-87.62802233,1,0,0,0
41.88795567,-87.62057809,2,1,0,0
41.88796617,-87.6347907,21,5,3,6
41.88796815,-87.62570114,1,0,0,1
41.88797062,-87.62166132,6,0,1,5
41.88798352,-87.62954245,1,0,0,0
41.88799541,-87.62567146,1,0,1,0
41.88800226,-87.62455861,1,1,0,0
41.88800273,-87.62954224,2,0,0,0
41.8880146,-87.63103316,9,2,4,2
41.88801844,-87.62052231,1,1,0,0
41.88802087,-87.63250945,1,0,0,1
41.88802267,-87.62564178,3,1,0,0
41.88804556,-87.62802501,1,0,0,0
41.88804596,-87.62541383,27,11,7,5
41.88805763,-87.62954531,5,1,0,1
41.8880584,-87.6364203,1,0,0,1
41.88807322,-87.62538415,1,1,0,0
41.88807684,-87.6295451,1,0,0,1
41.88807716,-87.62557875,1,1,0,0
41.8880785,-87.63250882,3,1,0,0
41.8880812,-87.62267739,1,0,1,0
41.88808123,-87.62802462,2,1,0,1
41.88808508,-87.61887994,2,2,0,0
41.88809903,-87.63996019,3,1,0,1
41.88810043,-87.63250491,1,0,0,0
41.88810442,-87.62554907,2,0,0,2
41.88813174,-87.62954817,6,1,1,3
41.88813442,-87.62551935,1,0,0,0
41.88815117,-87.63995963,3,1,0,1
41.88815331,-87.62591211,1,1,0,0
41.88816168,-87.62548967,3,1,0,0
41.88816513,-87.62293721,50,12,12,15
41.88817016,-87.62954775,8,2,0,5
41.88818162,-87.62338508,1,0,0,0
41.8881819,-87.62342915,2,0,0,1
41.88818665,-87.62955124,1,1,0,0
41.88818954,-87.62377796,24,8,8,4
41.88819102,-87.62802708,1,0,1,0
41.88821023,-87.62802687,2,0,1,1
41.88822296,-87.62519152,1,1,0,0
41.88823019,-87.63398353,1,1,0,0
41.8882407,-87.62539699,2,2,0,0
41.88826074,-87.62955042,1,0,0,1
41.88826519,-87.62536366,2,0,0,1
41.88826749,-87.62707505,16,5,3,2
41.88828159,-87.62802976,4,1,0,3
41.88828871,-87.62383929,3,2,0,1
41.88828939,-87.62394946,1,0,0,0
41.88828953,-87.6239715,1,0,1,0
41.88832003,-87.62803301,1,0,1,0
41.88832973,-87.62514994,2,1,0,0
41.88835408,-87.62955674,1,0,0,1
41.8883655,-87.64137125,2,1,1,0
41.88837217,-87.62803243,4,1,0,1
41.88838116,-87.62148416,1,0,0,1
41.8884151,-87.6238636,1,0,0,1
41.88842344,-87.61901205,1,1,0,0
41.88843169,-87.62344107,1,1,0,0
41.88843809,-87.62447667,1,0,0,0
41.88848352,-87.64137365,2,0,1,1
41.88859992,-87.63251047,8,3,1,2
41.8886761,-87.63691306,7,5,2,0
41.88873093,-87.63104735,1,1,0,0
41.88875291,-87.63105078,1,0,0,0
41.88875712,-87.6339888,1,0,0,0
41.88876663,-87.63105063,2,0,0,1
41.8887783,-87.63251219,18,1,9,2
41.88878858,-87.63105039,3,1,0,1
41.88880851,-87.63251553,2,2,0,0
41.88880861,-87.62804967,1,1,0,0
41.88889833,-87.62702036,1,0,0,0
41.88899385,-87.62693483,69,18,17,17
41.88901326,-87.64138997,1,1,0,0
41.88903285,-87.63105506,1,0,0,0
41.88904379,-87.64053759,2,0,1,0
41.88904981,-87.64017027,1,0,0,0
41.88905594,-87.64073211,1,1,0,0
41.88906854,-87.638275,3,2,1,0
41.88910091,-87.63908997,1,0,0,0
41.88912848,-87.63729744,1,1,0,0
41.88914299,-87.63607063,1,0,0,1
41.88914331,-87.63612205,1,0,0,0
41.88915883,-87.63461244,1,0,0,0
41.88916101,-87.6345206,2,1,1,0
41.88917324,-87.63337461,1,0,0,0
41.88917541,-87.6332791,2,0,1,0
41.88917728,-87.63313585,1,0,1,0
41.88917741,-87.63315788,1,0,1,0
41.88917757,-87.63318359,13,6,2,2
41.88917944,-87.63304033,9,4,1,4
41.88917957,-87.63306237,11,0,3,5
41.88917986,-87.63311011,17,3,5,5
41.88918405,-87.63289705,1,0,0,0
41.88919327,-87.63215876,1,0,0,0
41.8891977,-87.6319861,1,1,0,0
41.88919966,-87.63185753,9,1,1,3
41.88920162,-87.63172897,1,0,0,0
41.88920232,-87.61761146,19,6,3,8
41.88920358,-87.63160041,5,0,2,2
41.88920383,-87.6316408,14,1,7,3
41.88920801,-87.63142775,1,0,1,0
41.88922282,-87.6302597,5,1,2,1
41.88922289,-87.63027071,3,1,2,0
41.88922478,-87.63013113,2,0,1,1
41.88922516,-87.63019356,24,8,8,3
41.88922723,-87.63008336,12,3,4,5
41.88924025,-87.62907325,2,0,2,0
41.88924223,-87.62894836,1,0,0,0
41.88924396,-87.62878307,2,2,0,0
41.88924544,-87.62857739,7,1,2,2
41.88924571,-87.62862146,1,0,0,0
41.88924719,-87.62841578,1,0,0,1
41.88926111,-87.62044606,1,0,1,0
41.88930259,-87.62715913,1,1,0,0
41.88933503,-87.63696466,4,0,0,2
41.88936929,-87.63402252,19,1,8,5
41.88939315,-87.63253485,9,3,2,2
41.88941436,-87.63106557,7,2,2,0
41.88943553,-87.62959262,6,2,3,1
41.88945317,-87.62799483,33,6,8,11
41.88946287,-87.62422294,48,9,8,18
41.88948884,-87.62799444,1,0,0,1
41.8894911,-87.63826675,1,0,0,0
41.88949746,-87.61829494,6,1,1,2
41.88949848,-87.62421153,1,0,0,1
41.88949984,-87.61823616,1,1,0,0
41.88950141,-87.62959557,4,1,2,1
41.88951591,-87.63106813,2,0,2,0
41.88951902,-87.6266536,4,1,1,0
41.8895227,-87.61706066,1,0,0,0
41.88952864,-87.61669333,1,0,0,0
41.88953068,-87.61657946,2,1,0,0
41.88953942,-87.63402067,1,0,1,0
41.88954918,-87.6266496,2,1,0,0
41.88955192,-87.62664957,8,3,3,0
41.88956058,-87.63254037,2,1,0,0
41.88956138,-87.62018931,1,1,0,0
41.88956143,-87.62019665,23,12,4,6
41.88957001,-87.62959481,1,1,0,0
41.88957108,-87.63697312,3,0,1,1
41.88957509,-87.63402028,1,0,0,0
41.88958211,-87.62664923,7,2,2,2
41.88960296,-87.62959813,16,1,3,6
41.88961747,-87.63107069,16,5,0,6
41.88965039,-87.63107033,3,0,0,1
41.88965625,-87.62799627,3,0,1,2
41.88966882,-87.6295974,5,2,2,0
41.88967543,-87.62665188,1,0,0,0
41.88968203,-87.62416176,1,0,0,0
41.88969192,-87.62799588,1,1,0,0
41.88970957,-87.63402248,1,0,1,0
41.88971627,-87.63107328,2,2,0,0
41.88975195,-87.63107289,26,8,8,7
41.88976055,-87.6279988,3,0,0,0
41.88979936,-87.6325451,2,1,0,1
41.88981783,-87.63107584,1,0,0,1
41.8898621,-87.62800135,1,0,0,1
41.88989674,-87.61763309,1,0,0,0
41.88989776,-87.62666044,1,0,0,1
41.88989983,-87.61856958,1,1,0,0
41.88990668,-87.62410051,90,31,17,15
41.88993432,-87.63758985,10,4,2,1
41.88993496,-87.63769635,14,4,4,2
41.88993644,-87.63748699,18,9,2,1
41.8899369,-87.63756411,6,2,1,3
41.88994653,-87.63688824,3,0,2,1
41.88995405,-87.6363189,2,0,0,2
41.88995938,-87.6358414,4,1,2,1
41.88995988,-87.61763605,1,0,0,0
41.88997381,-87.63460355,1,0,0,0
41.88997591,-87.63449702,2,0,1,1
41.8899762,-87.63454477,1,0,1,0
41.88997629,-87.63455946,6,3,1,1
41.88997638,-87.63457414,3,0,2,0
41.88997647,-87.63458883,2,1,0,1
41.88997809,-87.63440518,2,0,2,0
41.88998946,-87.62195476,1,1,0,0
41.88999289,-87.63322977,1,0,1,0
41.8899946,-87.63306081,1,0,1,0
41.88999676,-87.6329653,2,2,0,0
41.8900113,-87.63174949,1,0,0,0
41.89001157,-87.63179356,2,0,1,0
41.89001183,-87.63183763,5,2,1,1
41.89001208,-87.63187803,1,0,0,0
41.89001325,-87.63162093,5,1,0,3
41.89001352,-87.631665,76,19,23,23
41.89001377,-87.63170539,51,9,7,10
41.89002011,-87.62158716,1,1,0,0
41.89002692,-87.63071363,2,0,1,0
41.89002998,-87.63031695,2,0,1,0
41.89003013,-87.63034266,3,0,1,1
41.89003022,-87.63035735,8,1,5,0
41.89003202,-87.63020308,2,0,0,2
41.89003234,-87.63025449,1,0,1,0
41.89003403,-87.63008186,1,0,0,0
41.89003416,-87.63010389,4,1,1,2
41.89003418,-87.63010756,1,1,0,0
41.89003434,-87.63013327,1,0,0,0
41.89003612,-87.62997533,1,0,1,0
41.89004222,-87.61763881,1,0,1,0
41.89004711,-87.62908275,1,0,1,0
41.89004736,-87.62912315,2,0,2,0
41.89004934,-87.62899826,8,4,2,1
41.89005105,-87.62882929,3,1,0,2
41.8900513,-87.62886969,6,0,2,1
41.89005157,-87.62891376,36,10,8,10
41.89005303,-87.6287044,2,1,0,1
41.89005327,-87.6287448,3,1,1,1
41.89005352,-87.6287852,2,0,1,0
41.89005498,-87.62857584,6,0,2,3
41.89005525,-87.62861991,1,0,0,0
41.8900555,-87.6286603,4,2,1,0
41.89005721,-87.62849134,35,14,8,7
41.89005943,-87.62840685,3,3,0,0
41.89006417,-87.61763856,3,1,0,1
41.89007139,-87.62767218,2,0,0,0
41.8900755,-87.62744811,4,1,1,0
41.89007961,-87.62722403,3,0,1,1
41.89008124,-87.62704405,11,5,2,1
41.89009328,-87.62632408,1,1,0,0
41.89009564,-87.62626162,1,0,1,0
41.89010186,-87.62593468,1,0,0,1
41.89010224,-87.62599711,1,0,0,1
41.8901191,-87.62517058,1,0,0,1
41.89013264,-87.62158958,12,4,0,3
41.89014475,-87.63699259,2,0,1,1
41.89018042,-87.63699221,4,0,2,1
41.89020729,-87.63554121,3,0,1,1
41.8902216,-87.63699543,12,6,1,4
41.89022476,-87.63255147,1,0,1,0
41.89023573,-87.63255135,1,0,0,1
41.89024327,-87.63108955,4,1,0,1
41.89025026,-87.63403495,6,4,0,1
41.89025394,-87.6355407,1,1,0,0
41.89025768,-87.63255111,1,0,0,0
41.89025893,-87.62961296,7,2,1,2
41.89026491,-87.63554059,1,0,0,0
41.89026522,-87.63108931,13,7,1,4
41.89026559,-87.62801528,1,0,0,1
41.8902762,-87.63108919,1,1,0,0
41.89028238,-87.63255084,1,1,0,0
41.89028319,-87.63403459,1,0,1,0
41.89028756,-87.62801871,3,1,2,0
41.89029854,-87.62801859,1,0,0,1
41.89030946,-87.6266706,1,0,0,1
41.89031121,-87.61764682,5,2,0,2
41.89031518,-87.61960799,6,3,1,2
41.89031614,-87.6340379,1,0,0,1
41.89031704,-87.61858329,1,1,0,0
41.89032287,-87.63109235,3,0,0,1
41.89032321,-87.62667412,1,1,0,0
41.89032629,-87.63255036,1,0,0,0
41.89033578,-87.62961579,11,4,0,3
41.89033688,-87.62532977,2,1,0,1
41.89034245,-87.6280181,2,1,0,0
41.8903558,-87.63109199,1,0,1,0
41.89036442,-87.62802154,9,3,4,1
41.89036711,-87.62667363,12,2,1,7
41.8903754,-87.62802141,14,4,6,3
41.89037809,-87.62667351,1,0,0,1
41.89038424,-87.62410992,22,11,3,3
41.89038872,-87.63109163,2,1,1,0
41.89038906,-87.62667339,14,4,5,3
41.89038912,-87.62802126,4,1,2,0
41.89038929,-87.61961083,8,2,1,4
41.89039343,-87.62961883,1,0,1,0
41.89040009,-87.62802114,10,5,2,0
41.8904107,-87.63109506,1,0,0,1
41.89042201,-87.6266767,1,0,0,1
41.8904364,-87.62411301,1,0,1,0
41.8904556,-87.6241128,15,2,2,3
41.89047864,-87.6176523,2,1,0,0
41.89049404,-87.62411605,1,1,0,0
41.89055992,-87.62411899,1,0,0,1
41.89057845,-87.62667865,1,0,0,1
41.89060348,-87.63255468,1,0,1,0
41.89062243,-87.62802972,1,0,0,1
41.89071052,-87.61435531,4,1,2,0
41.89073263,-87.63799987,3,0,2,0
41.89073559,-87.62412439,2,1,0,1
41.89073636,-87.63770969,1,0,1,0
41.89075306,-87.63639101,2,0,1,0
41.89075554,-87.63634691,27,1,2,12
41.89075699,-87.63613388,7,0,1,2
41.89077773,-87.6345801,10,3,3,1
41.89077791,-87.63460948,1,0,0,0
41.89077954,-87.63442583,1,1,0,0
41.89077992,-87.63448826,1,1,0,0
41.89079674,-87.63319529,1,0,1,0
41.8908122,-87.63168196,2,0,2,0
41.89081443,-87.63159747,1,1,0,0
41.89081639,-87.6314689,1,0,1,0
41.89082494,-87.63017602,5,1,1,2
41.89082499,-87.63018336,8,1,3,4
41.89082659,-87.62999604,2,1,1,0
41.89082805,-87.63023475,5,3,0,0
41.89082917,-87.63041837,3,1,0,1
41.89083129,-87.63031551,1,1,0,0
41.89083138,-87.6303302,1,0,0,1
41.89084581,-87.62910336,7,0,3,0
41.89084754,-87.62893807,1,0,1,0
41.89084977,-87.62885357,1,0,0,0
41.89085175,-87.62872868,3,0,0,0
41.89085397,-87.62864418,1,0,0,0
41.89085818,-87.62843479,1,0,1,0
41.89087013,-87.62770012,2,0,1,0
41.89087206,-87.62756788,1,1,0,0
41.89087233,-87.62761195,1,1,0,0
41.89087424,-87.62747604,3,0,1,1
41.89090025,-87.63939736,19,7,2,5
41.89090176,-87.62614989,1,1,0,0
41.89090409,-87.62608376,1,1,0,0
41.89090439,-87.6261315,1,1,0,0
41.89090986,-87.62568337,1,1,0,0
41.89091085,-87.61435673,9,2,3,3
41.89091964,-87.62504421,1,0,0,0
41.89094561,-87.623472,1,0,0,0
41.8909614,-87.62247652,12,5,2,5
41.89096482,-87.63556235,1,1,0,0
41.89096786,-87.62218998,1,0,0,0
41.89097613,-87.62175284,16,3,2,6
41.89098591,-87.62111735,1,1,0,0
41.89098603,-87.62113571,34,7,8,14
41.8910042,-87.63256499,2,0,0,1
41.89100645,-87.62000429,3,0,2,0
41.8910069,-87.62007774,1,0,0,0
41.89101207,-87.63701623,5,0,1,1
41.89102102,-87.61925857,3,0,1,2
41.89102304,-87.61914102,18,7,2,7
41.89102329,-87.61918141,1,0,1,0
41.8910255,-87.63111036,6,3,0,2
41.89102553,-87.61910059,13,2,5,4
41.89102729,-87.61894264,2,1,1,0
41.89103567,-87.62963382,1,0,0,1
41.89103728,-87.61834388,29,6,3,11
41.89103955,-87.61826673,1,0,1,0
41.89103987,-87.6325646,6,1,1,0
41.89104581,-87.6179508,6,3,1,1
41.89106117,-87.63110997,1,0,0,0
41.89106211,-87.61704346,25,16,1,7
41.89106408,-87.61691857,3,0,0,3
41.89106618,-87.61681571,4,2,1,1
41.89106638,-87.63556492,1,0,0,0
41.8910671,-87.62804686,3,1,1,0
41.89107041,-87.61661366,13,4,2,5
41.89107235,-87.61648509,4,2,0,0
41.89107429,-87.61635653,7,2,3,2
41.89107555,-87.63256421,1,0,1,0
41.89107687,-87.61633079,4,0,0,4
41.891079,-87.6162316,5,0,2,3
41.89108046,-87.61602591,1,0,0,0
41.89108738,-87.6340552,1,0,1,0
41.89110311,-87.61482101,5,1,2,1
41.89110427,-87.62963306,1,0,0,0
41.89111367,-87.62535792,1,1,0,0
41.89112033,-87.63405851,3,0,0,2
41.89113254,-87.63111286,1,1,0,0
41.89113357,-87.62413468,24,5,7,6
41.89113572,-87.62804978,15,4,4,6
41.89114934,-87.62535752,1,1,0,0
41.89114966,-87.63256707,1,0,0,1
41.89116226,-87.63961488,7,1,2,3
41.89116519,-87.63556751,2,0,1,0
41.8911729,-87.62963598,1,0,0,0
41.89118535,-87.63257035,2,2,0,0
41.89119945,-87.62413763,40,9,8,8
41.89120267,-87.62022614,2,0,1,0
41.89123453,-87.62805236,1,0,0,0
41.89124383,-87.62022568,13,2,4,5
41.89124992,-87.61767674,2,0,1,1
41.89125207,-87.63406075,1,0,1,0
41.89127445,-87.62963854,1,0,1,0
41.89128077,-87.63111858,7,1,1,2
41.89129467,-87.63972731,1,1,0,0
41.89130316,-87.62805528,14,8,0,3
41.89130879,-87.61435961,30,5,7,5
41.89131578,-87.61767601,6,3,0,3
41.89131644,-87.63111819,1,1,0,0
41.89132763,-87.61517842,5,0,3,0
41.89134419,-87.63702731,2,0,0,2
41.89135211,-87.6311178,6,1,2,1
41.89135235,-87.61518182,12,6,2,3
41.89135524,-87.62670682,1,0,0,0
41.89136552,-87.63556901,1,0,1,0
41.89136904,-87.62805823,1,1,0,0
41.891376,-87.6296411,3,0,1,1
41.89139532,-87.64140099,1,0,0,1
41.89140463,-87.6253694,5,0,0,2
41.89140473,-87.62806151,55,11,14,16
41.89140816,-87.64125394,1,0,0,0
41.89141459,-87.61767858,1,0,0,1
41.89142112,-87.62670976,1,1,0,0
41.89143867,-87.64085328,1,1,0,0
41.89144754,-87.61768188,11,2,2,5
41.89145368,-87.64061072,1,0,0,0
41.89146573,-87.62415304,27,5,6,7
41.89147061,-87.62806446,3,0,1,2
41.891476,-87.62537228,4,3,0,0
41.89148415,-87.64020271,1,0,1,0
41.891487,-87.62671271,3,1,1,0
41.89151429,-87.63928787,2,1,1,0
41.89151441,-87.63930624,1,0,0,0
41.89153161,-87.62415599,2,0,0,0
41.89153298,-87.63784061,17,7,3,6
41.89153903,-87.63748062,1,0,1,0
41.89153919,-87.63750632,1,0,0,0
41.89153934,-87.63753203,1,0,0,1
41.89155004,-87.63658068,1,0,0,1
41.89155372,-87.63628314,1,1,0,0
41.89155397,-87.63632354,1,1,0,0
41.89155712,-87.63593787,4,1,1,1
41.89157802,-87.63486153,1,0,0,1
41.89157962,-87.6346742,4,1,1,1
41.89158134,-87.63450523,1,0,0,1
41.89158154,-87.63453829,6,0,0,4
41.89158372,-87.63444644,14,2,2,6
41.89159776,-87.63314614,1,0,1,0
41.89161301,-87.63204782,1,0,0,0
41.89161326,-87.63208822,1,0,1,0
41.89161744,-87.63187515,1,1,0,0
41.8916194,-87.63174659,2,0,0,2
41.89162058,-87.63148948,2,1,0,1
41.89163768,-87.6302479,2,0,0,0
41.89163799,-87.63029932,1,0,1,0
41.89163831,-87.63035073,1,0,1,0
41.89164013,-87.63020013,1,0,0,0
41.89164029,-87.63022584,1,0,0,1
41.89164209,-87.63007156,1,0,0,1
41.89165081,-87.62925612,2,0,0,1
41.89165279,-87.62913122,2,0,1,1
41.89165848,-87.62871614,1,1,0,0
41.89165872,-87.62875654,2,1,0,1
41.89165897,-87.62879693,2,0,1,1
41.89166018,-87.62854717,2,0,1,0
41.89166243,-87.62846635,5,1,4,0
41.89167877,-87.62755165,34,9,7,1
41.89167987,-87.62773161,2,0,0,1
41.8916867,-87.62705575,2,1,0,0
41.89169039,-87.62631748,9,5,3,1
41.8916925,-87.62621462,1,0,0,0
41.89169252,-87.62621829,1,0,0,0
41.89169288,-87.62627706,6,2,0,1
41.89169458,-87.62610809,4,1,3,0
41.89169488,-87.62615583,220,59,36,57
41.89169903,-87.62593909,1,1,0,0
41.89171836,-87.62506844,1,1,0,0
41.89173066,-87.62483692,1,0,0,1
41.89173109,-87.62446229,1,1,0,0
41.89173215,-87.62374609,1,0,1,0
41.89173229,-87.62376813,1,1,0,0
41.89174678,-87.62344844,1,1,0,0
41.89174692,-87.62347048,2,0,1,1
41.89174925,-87.62340434,6,2,1,0
41.89175312,-87.63703389,1,1,0,0
41.89176473,-87.62235743,5,1,0,1
41.89176885,-87.62213702,5,0,1,4
41.89177105,-87.62204885,1,1,0,0
41.89177325,-87.62196068,2,1,1,0
41.89177352,-87.62200475,1,0,0,0
41.89177488,-87.6217807,1,1,0,0
41.89177515,-87.62182477,1,1,0,0
41.89177545,-87.62187251,2,1,1,0
41.89178095,-87.63258588,8,3,2,2
41.89178708,-87.62109376,3,1,2,0
41.89179148,-87.62091742,13,3,6,0
41.8918046,-87.64010008,2,0,1,0
41.89180922,-87.63407304,2,0,1,1
41.89183356,-87.6184158,1,1,0,0
41.89183619,-87.61839741,1,0,0,1
41.89184428,-87.61793455,2,1,0,0
41.89185911,-87.62966151,1,0,0,1
41.89186188,-87.6167958,1,1,0,0
41.89186413,-87.63407611,2,1,0,0
41.89186517,-87.61644318,1,0,0,0
41.89186542,-87.61648357,1,0,0,0
41.8918697,-87.61628887,1,1,0,0
41.89187009,-87.62966139,1,1,0,0
41.89187122,-87.6160942,3,2,0,1
41.8918791,-87.63113407,4,1,1,0
41.89188882,-87.63407584,1,1,0,0
41.89189329,-87.6280745,10,4,4,1
41.8918998,-87.63407572,3,2,0,1
41.89190448,-87.63259187,1,0,0,1
41.89190676,-87.61431618,1,0,0,1
41.89191078,-87.6340756,2,2,0,0
41.89191244,-87.62672638,4,2,1,0
41.891914,-87.6296609,6,2,1,2
41.89191524,-87.62807426,2,1,1,0
41.8919227,-87.63558498,1,1,0,0
41.89192344,-87.62672994,1,0,0,0
41.89192497,-87.62966078,9,2,2,3
41.89192621,-87.62807414,3,0,1,1
41.89193719,-87.62807402,10,4,1,2
41.89194468,-87.63558841,1,0,0,1
41.89194695,-87.62966422,4,0,0,2
41.89194817,-87.62807389,28,8,9,9
41.89195637,-87.62672957,1,0,0,1
41.89195792,-87.6296641,1,0,0,0
41.89195975,-87.62416227,1,1,0,0
41.89196734,-87.62672945,1,0,0,0
41.8919689,-87.62966397,1,0,0,1
41.89197075,-87.62416582,1,0,0,0
41.89197987,-87.62966385,1,0,0,0
41.89198447,-87.62416567,33,14,3,7
41.89199545,-87.62416555,2,0,0,1
41.8920029,-87.62537381,3,1,1,1
41.89200307,-87.62807696,32,10,10,5
41.89200642,-87.62416543,4,0,1,0
41.8920174,-87.62416531,25,4,5,7
41.89202838,-87.62416518,1,0,0,0
41.89202994,-87.61866336,1,0,0,0
41.8920421,-87.62416503,1,0,1,0
41.89204588,-87.61769724,1,0,0,1
41.8920689,-87.626732,1,0,0,1
41.89206992,-87.62023853,3,0,0,2
41.89208092,-87.62024208,1,0,0,0
41.89208586,-87.6144317,2,1,0,1
41.89209071,-87.62537284,1,0,1,0
41.89209325,-87.62267332,1,0,1,0
41.89211307,-87.63259694,1,0,0,0
41.89214346,-87.61442738,4,2,1,1
41.89214469,-87.61769981,6,2,4,0
41.89216666,-87.61770324,3,2,0,1
41.89226929,-87.62808138,2,0,0,0
41.89230794,-87.63260216,2,0,1,0
41.89231003,-87.63972734,2,1,0,0
41.89231251,-87.63968324,1,1,0,0
41.89232854,-87.64052046,5,2,1,0
41.89234952,-87.62417632,1,1,0,0
41.89235845,-87.63639192,3,0,2,0
41.89236407,-87.63596215,2,0,0,1
41.89236432,-87.63600254,9,3,1,2
41.8923808,-87.63465078,7,2,0,4
41.89238098,-87.63468016,1,1,0,0
41.89238118,-87.63471321,1,0,0,1
41.89238307,-87.63457362,2,1,0,0
41.89238316,-87.63458831,1,0,0,0
41.89238334,-87.63461769,3,0,3,0
41.8923972,-87.63328799,1,0,0,1
41.8923992,-87.63316677,2,0,1,1
41.89240136,-87.63307125,1,0,1,0
41.89240368,-87.63300144,1,0,0,1
41.89241276,-87.63224108,1,0,0,1
41.89241695,-87.63202801,17,2,4,8
41.89242751,-87.61860751,1,0,0,0
41.89243127,-87.6307791,1,1,0,0
41.89243687,-87.63034932,1,0,0,0
41.89244112,-87.63014727,2,1,0,1
41.89245401,-87.62911508,3,0,2,0
41.89245426,-87.62915547,1,1,0,0
41.8924545,-87.62919587,2,2,0,0
41.89245648,-87.62907098,4,1,2,1
41.89245821,-87.62890568,4,2,2,0
41.89245992,-87.62873671,1,0,0,1
41.89246165,-87.62857142,2,0,1,1
41.8924619,-87.62861182,5,2,1,0
41.89246415,-87.62853099,1,1,0,0
41.89247558,-87.62771183,1,1,0,0
41.89247585,-87.6277559,1,0,0,0
41.89247749,-87.62757592,1,0,1,0
41.89247942,-87.62744368,5,1,2,0
41.89247969,-87.62748775,3,0,1,2
41.89247996,-87.62753182,1,0,1,0
41.8924816,-87.62735183,15,7,1,2
41.89248351,-87.62721592,14,5,3,2
41.89248571,-87.62712775,11,6,0,5
41.89250532,-87.62630115,1,0,1,0
41.89250535,-87.62630482,30,7,2,11
41.89250546,-87.62632319,1,1,0,0
41.89250759,-87.626224,1,0,0,1
41.89250768,-87.62623869,19,4,4,2
41.89250782,-87.62626072,1,0,0,0
41.89250939,-87.62606972,19,9,4,4
41.89250945,-87.62608074,1,0,0,0
41.89250977,-87.62613215,4,0,4,0
41.89251175,-87.62600726,1,0,1,0
41.89254353,-87.62448637,2,0,1,1
41.89255396,-87.62306488,1,1,0,0
41.89255909,-87.62345046,21,7,5,6
41.89255936,-87.62349453,4,0,3,1
41.89256222,-87.62351287,1,1,0,0
41.89256809,-87.62357524,2,0,0,0
41.89256831,-87.63705809,1,0,0,1
41.89256936,-87.62200694,2,0,0,2
41.89256952,-87.62203265,2,1,0,1
41.89256982,-87.62208039,17,6,2,6
41.89257181,-87.62195917,17,4,4,4
41.89257575,-87.62170937,2,0,0,0
41.89257743,-87.62153673,1,0,1,0
41.8925794,-87.62141183,1,1,0,0
41.89258366,-87.62121346,1,0,0,0
41.89258874,-87.63409759,1,0,0,1
41.89260506,-87.61979919,1,1,0,0
41.89260531,-87.61983959,20,8,7,4
41.89260713,-87.63261358,7,0,1,2
41.89261099,-87.61942817,6,1,4,0
41.89261964,-87.61905345,1,0,0,1
41.89262841,-87.63115524,45,12,12,9
41.89263121,-87.61826734,1,0,0,1
41.89263132,-87.6182857,17,4,2,5
41.89263151,-87.61831508,1,0,1,0
41.8926318,-87.61836282,34,10,14,4
41.89263356,-87.61820487,1,1,0,0
41.89264958,-87.62968221,8,1,2,1
41.89265576,-87.61692282,3,0,1,0
41.89265923,-87.61659957,4,1,2,0
41.89266008,-87.63409681,1,0,0,1
41.89266177,-87.61656649,3,0,0,0
41.8926633,-87.61637181,1,0,0,1
41.89266778,-87.61621016,18,6,3,3
41.8926701,-87.62810635,19,6,3,4
41.89267746,-87.61556364,1,0,0,1
41.8926947,-87.62675082,114,29,33,35
41.89275303,-87.6241939,82,16,28,30
41.89276028,-87.62270266,2,2,0,0
41.89278132,-87.62968444,2,0,0,1
41.89280002,-87.62025979,3,0,0,3
41.8928046,-87.62811222,2,0,1,1
41.89280556,-87.63410257,7,0,3,3
41.89281615,-87.6241932,33,6,4,12
41.89282086,-87.6254015,2,1,0,1
41.89284186,-87.61772141,19,9,2,5
41.89290341,-87.62811481,1,1,0,0
41.89290436,-87.6145474,13,8,1,2
41.89290781,-87.64101371,2,1,0,0
41.89292794,-87.62674825,3,0,2,0
41.89293546,-87.63560701,1,1,0,0
41.89295102,-87.63410466,1,0,0,0
41.89296019,-87.64105354,1,1,0,0
41.89296064,-87.62270778,1,1,0,0
41.89296841,-87.63561033,1,1,0,0
41.89296927,-87.62811408,1,1,0,0
41.89298944,-87.63410424,1,0,0,0
41.89299357,-87.62270741,3,0,0,1
41.8929938,-87.62674752,4,0,0,2
41.89300497,-87.62811736,1,1,0,0
41.8930079,-87.63263123,2,0,1,0
41.89302675,-87.62675083,1,0,1,0
41.89303789,-87.628117,1,1,0,0
41.89305968,-87.62675047,1,1,0,0
41.89306143,-87.61772631,1,0,0,1
41.89307085,-87.62812031,2,0,0,1
41.89309263,-87.62675378,1,0,0,1
41.89311614,-87.63961211,3,1,0,1
41.89311778,-87.63942845,8,3,1,0
41.89311941,-87.63924479,3,2,1,0
41.89313435,-87.63808401,1,0,0,0
41.89313602,-87.6379077,2,0,0,1
41.89313783,-87.63775342,1,1,0,0
41.89313995,-87.63765055,2,0,0,1
41.89314003,-87.62420431,4,3,0,0
41.89314194,-87.63752566,1,0,1,0
41.89315295,-87.63662569,1,1,0,0
41.89315322,-87.63666976,2,1,0,1
41.89315715,-87.63641262,2,0,1,0
41.89315935,-87.63632445,1,1,0,0
41.893161,-87.6227129,1,0,0,0
41.89316275,-87.63597917,1,0,0,0
41.89316301,-87.63602324,1,0,0,0
41.89316328,-87.63606731,18,2,5,6
41.89317758,-87.63480737,1,0,0,1
41.89317941,-87.63465676,14,2,4,5
41.8931795,-87.63467145,6,1,1,3
41.89317959,-87.63468615,13,2,5,3
41.89318177,-87.6345943,16,5,3,5
41.89318195,-87.63462368,1,1,0,0
41.89318387,-87.63448777,2,1,0,1
41.89319839,-87.63326822,1,0,1,0
41.89319911,-87.63338575,1,0,0,0
41.89319927,-87.63341146,1,0,1,0
41.89320026,-87.63312496,1,0,1,0
41.89320085,-87.63322045,1,0,1,0
41.89320098,-87.63324249,9,0,3,4
41.89320258,-87.63305515,1,1,0,0
41.89320351,-87.62027367,6,0,2,2
41.89321425,-87.63226904,1,0,0,1
41.8932179,-87.63196783,1,0,0,1
41.89322348,-87.63153437,49,17,6,9
41.89323546,-87.63079967,1,1,0,0
41.89324043,-87.63026706,1,0,0,1
41.89324063,-87.63030011,3,1,2,0
41.8932409,-87.63034418,6,0,4,0
41.89324106,-87.63036989,1,0,0,1
41.89324257,-87.63016787,1,1,0,0
41.8932557,-87.62917605,14,5,3,1
41.89325916,-87.62884546,2,0,1,0
41.89326163,-87.62880136,19,3,2,8
41.89326534,-87.62851116,1,0,0,1
41.89327729,-87.62777646,3,0,0,2
41.89327977,-87.62773236,2,0,0,2
41.89328168,-87.62759645,22,12,4,2
41.89329892,-87.62638422,2,0,0,1
41.89330053,-87.62620056,8,0,3,1
41.89330092,-87.62626299,2,1,1,0
41.89330128,-87.62632175,7,1,3,0
41.89330298,-87.62615278,2,0,0,1
41.89330718,-87.62594339,1,0,1,0
41.8933213,-87.62511684,1,0,0,1
41.89332536,-87.62488541,1,0,0,0
41.89332942,-87.62465397,2,0,1,0
41.89334268,-87.62369154,1,0,0,0
41.89334321,-87.62377601,1,0,0,1
41.89334477,-87.623585,1,0,1,0
41.89334488,-87.62360337,5,3,1,0
41.89334686,-87.62347847,5,2,1,2
41.89334946,-87.6234564,7,4,1,0
41.89335722,-87.64136145,1,0,0,1
41.89336273,-87.64136506,11,7,0,3
41.89337131,-87.62210823,3,0,1,1
41.89337282,-87.62190988,7,1,2,3
41.89337312,-87.62195762,1,0,1,0
41.89337328,-87.62198333,3,0,1,0
41.89337479,-87.62178498,10,1,4,2
41.89337509,-87.62183272,1,0,1,0
41.89337706,-87.62170782,3,1,1,1
41.89337722,-87.62173353,3,1,1,1
41.89337738,-87.62175924,4,1,0,1
41.89337903,-87.62158292,16,5,8,2
41.89337919,-87.62160863,1,0,1,0
41.89338739,-87.62116045,4,0,0,2
41.89338741,-87.63411459,1,0,0,1
41.89338784,-87.62123391,2,0,2,0
41.89339181,-87.62098778,5,3,2,0
41.89339932,-87.63562033,1,0,0,1
41.89342316,-87.61940811,1,0,1,0
41.89342574,-87.61938237,1,0,1,0
41.89342753,-87.61922809,13,5,0,5
41.89342785,-87.6192795,1,1,0,0
41.8934295,-87.63562,13,3,3,2
41.89343736,-87.61860359,1,0,0,1
41.89344506,-87.63411763,1,0,0,0
41.89345494,-87.6170204,9,1,2,3
41.89346903,-87.63264823,88,25,17,31
41.89347145,-87.62811223,19,6,2,5
41.89352076,-87.63709182,3,0,1,1
41.89352315,-87.63117482,2,1,0,1
41.89353459,-87.62811521,3,1,0,0
41.89353531,-87.62422197,2,0,0,1
41.89354158,-87.62970181,48,22,7,11
41.89355651,-87.6267707,1,0,0,0
41.89356033,-87.63412005,7,5,2,0
41.89357453,-87.62970512,3,0,1,1
41.89357842,-87.62542619,12,5,3,2
41.89358321,-87.63562567,1,0,1,0
41.89358777,-87.63411975,1,0,0,0
41.89359843,-87.62422127,1,0,1,0
41.89360585,-87.63709457,1,0,0,0
41.89361616,-87.63562899,4,0,2,2
41.89361798,-87.63412309,5,1,0,3
41.89362517,-87.62811788,1,0,0,0
41.89362549,-87.63265387,2,0,1,1
41.89362863,-87.62422461,3,1,1,1
41.8936295,-87.64146135,2,1,0,0
41.89363603,-87.63709424,1,0,0,1
41.89364635,-87.63562866,1,0,0,0
41.89364666,-87.63117714,52,17,5,3
41.8936523,-87.62272582,14,2,3,6
41.89365567,-87.63265354,1,1,0,0
41.89367653,-87.63562833,10,1,2,3
41.89367684,-87.63117681,12,4,3,2
41.89368588,-87.63265688,2,1,0,1
41.893689,-87.62422394,1,0,0,1
41.8937037,-87.61774485,1,0,0,0
41.8937102,-87.62677268,5,0,1,2
41.89371269,-87.62272883,3,0,0,2
41.89373723,-87.63117982,2,0,0,2
41.89374858,-87.63710037,2,0,1,1
41.89374869,-87.62812387,6,3,0,1
41.89375214,-87.62422692,1,1,0,0
41.89376985,-87.63563099,1,0,1,0
41.89377016,-87.63117946,1,0,0,0
41.89378816,-87.63412858,1,0,0,1
41.89381253,-87.62422992,10,2,3,4
41.89382154,-87.62970975,7,2,3,0
41.89384201,-87.62812652,1,0,0,0
41.89384271,-87.62422959,24,6,4,10
41.89385175,-87.62971309,1,0,1,0
41.89385943,-87.62028107,1,1,0,0
41.89389317,-87.61512764,15,4,5,3
41.8938941,-87.626778,1,1,0,0
41.89390943,-87.6405548,1,0,0,0
41.89391144,-87.64043357,6,3,0,3
41.89391708,-87.6202841,1,0,0,0
41.8939225,-87.63953727,1,0,0,0
41.89392276,-87.63958134,2,0,0,0
41.89393424,-87.61774962,2,0,2,0
41.89393603,-87.62423223,2,1,0,0
41.89394193,-87.63775938,1,1,0,0
41.89394275,-87.63789527,4,2,1,1
41.89394383,-87.63761979,1,0,0,0
41.89394452,-87.63773365,2,0,0,2
41.89394602,-87.63752795,3,1,1,0
41.89395861,-87.63643697,2,0,0,0
41.89396055,-87.63630472,1,0,1,0
41.89396227,-87.63613575,10,2,2,2
41.89396252,-87.63617615,1,0,1,0
41.8939796,-87.63492351,1,0,0,1
41.89398152,-87.63478759,1,1,0,0
41.89398277,-87.6345415,1,0,0,1
41.89398286,-87.63455619,1,0,0,1
41.89398324,-87.63461862,1,0,1,0
41.89398359,-87.63467738,11,3,3,4
41.89398531,-87.63450841,1,0,0,1
41.89400013,-87.6333366,1,0,0,0
41.89400244,-87.63326679,1,0,1,0
41.89400258,-87.63328883,1,0,0,0
41.89400402,-87.63307578,2,0,0,0
41.89400432,-87.63312353,1,0,0,0
41.89401819,-87.63224923,1,0,0,0
41.89403088,-87.6152069,1,0,1,0
41.89404219,-87.63033907,2,0,0,1
41.89404288,-87.63045292,2,0,0,1
41.89404482,-87.63032067,1,0,0,1
41.89404628,-87.6301113,1,1,0,0
41.89405714,-87.62919663,1,1,0,0
41.89405739,-87.62923703,1,0,0,0
41.89405937,-87.62911213,7,1,2,2
41.8940611,-87.62894683,1,1,0,0
41.89406135,-87.62898723,1,0,1,0
41.89406256,-87.62873746,5,0,0,5
41.89406283,-87.62878154,1,0,1,0
41.89406454,-87.62861256,1,0,1,0
41.89406505,-87.62869703,1,0,0,0
41.89406678,-87.62853174,3,1,0,1
41.89407874,-87.62779703,8,3,1,3
41.89408285,-87.62757294,1,0,0,1
41.89410023,-87.62638273,1,0,0,0
41.89410234,-87.62627986,1,0,0,0
41.89410472,-87.62622107,2,1,0,1
41.89412274,-87.62513737,6,2,1,0
41.89412841,-87.62472227,2,0,0,2
41.89412868,-87.62476634,1,1,0,0
41.89414231,-87.62386266,1,1,0,0
41.89414855,-87.62353938,1,1,0,0
41.89414893,-87.62360181,10,5,0,3
41.89415088,-87.62347324,1,0,1,0
41.89415899,-87.62212152,2,0,2,0
41.8941675,-87.62172476,6,1,2,2
41.89417115,-87.62142721,1,0,0,0
41.8941716,-87.62150067,2,0,0,1
41.89417373,-87.62140147,11,4,0,1
41.89418193,-87.62095329,1,0,0,0
41.89420627,-87.6356446,1,0,0,0
41.89420693,-87.63711008,3,1,2,0
41.89422234,-87.61950572,1,0,1,0
41.89422444,-87.61940286,6,1,3,1
41.89422548,-87.63564439,1,0,1,0
41.89422831,-87.61914204,1,0,0,1
41.89422993,-87.61896205,10,5,1,2
41.89424376,-87.6341383,9,4,2,3
41.8942608,-87.61686815,1,0,0,0
41.89426112,-87.61691957,1,0,0,1
41.89426181,-87.63710948,5,3,0,0
41.89426233,-87.61667347,13,2,2,5
41.89426297,-87.63413809,1,0,1,0
41.89426497,-87.63266524,8,3,0,0
41.89428616,-87.63119218,6,2,1,2
41.89429751,-87.63711277,1,0,1,0
41.89429866,-87.63414138,1,0,0,0
41.89430735,-87.62972278,2,1,0,1
41.89430862,-87.62813975,1,0,1,0
41.89432656,-87.62972257,1,0,1,0
41.89432785,-87.62814321,7,2,2,2
41.89433526,-87.63564687,5,1,3,1
41.89433708,-87.63414096,4,1,0,0
41.89433908,-87.6326681,2,1,1,0
41.89434705,-87.628143,3,0,0,2
41.89434972,-87.62679134,1,0,0,0
41.89436887,-87.63711567,1,0,0,1
41.89437673,-87.63119486,7,5,2,0
41.89438273,-87.62814261,1,1,0,0
41.89439396,-87.6326675,1,0,0,0
41.89439594,-87.63119465,1,0,0,0
41.89440845,-87.63414385,25,8,3,3
41.89441042,-87.63266732,11,1,4,1
41.89441085,-87.62424167,1,0,1,0
41.8944184,-87.62814221,1,0,0,0
41.8944336,-87.62972507,1,0,1,0
41.89444886,-87.63267058,9,2,3,2
41.89445281,-87.62972486,1,1,0,0
41.89446573,-87.62424106,18,5,6,4
41.89448493,-87.62424085,2,0,1,1
41.8945014,-87.62424067,1,1,0,0
41.8945086,-87.62274204,15,6,4,3
41.89452061,-87.62424046,1,0,1,0
41.89452509,-87.62274553,1,1,0,0
41.89453984,-87.62424392,3,1,0,1
41.8945443,-87.62274532,10,6,3,1
41.8945563,-87.62424373,3,1,1,0
41.8945635,-87.62274511,10,3,1,1
41.89457551,-87.62424352,1,1,0,0
41.89461078,-87.63267248,1,0,1,0
41.89465314,-87.62972633,1,1,0,0
41.89469218,-87.61563657,11,3,2,4
41.89470924,-87.64075918,7,2,2,2
41.8947107,-87.64054614,1,1,0,0
41.89471112,-87.64061592,2,0,0,2
41.89471315,-87.64049836,1,0,1,0
41.89472538,-87.63934126,2,0,1,1
41.89472878,-87.63899597,1,1,0,0
41.89473099,-87.63890779,2,0,2,0
41.89474377,-87.63784618,1,0,0,0
41.89476005,-87.63645764,1,0,1,0
41.89476059,-87.63654578,2,0,0,1
41.89476425,-87.63624456,10,3,0,2
41.89476449,-87.63628496,2,1,0,1
41.89476842,-87.63602781,3,0,0,1
41.89478058,-87.63486704,1,0,0,1
41.89478238,-87.63471275,1,0,0,1
41.89478477,-87.63465396,2,0,1,0
41.89478504,-87.63469803,1,0,0,1
41.89480199,-87.63342701,3,1,2,0
41.89480342,-87.63321029,1,0,0,0
41.89480387,-87.63328375,2,0,0,0
41.89481711,-87.6323066,2,1,0,0
41.89482155,-87.63213393,24,10,6,6
41.89482493,-87.63178864,24,5,9,4
41.89484208,-87.63055434,8,2,2,2
41.89484426,-87.6304625,6,2,3,1
41.89484552,-87.63022007,2,1,0,1
41.89484588,-87.63027883,4,0,1,2
41.89486126,-87.62920617,6,0,1,3
41.89486351,-87.62912534,1,0,1,0
41.89488018,-87.62781759,2,0,2,0
41.89488209,-87.62768167,5,2,0,2
41.89488456,-87.62763757,1,1,0,0
41.89488647,-87.62750165,1,0,0,1
41.8948884,-87.6273694,1,0,0,1
41.89488975,-87.62714166,1,0,1,0
41.89489004,-87.62718941,5,3,0,0
41.89490024,-87.64148803,1,0,1,0
41.89490169,-87.62640695,1,0,0,0
41.89490378,-87.62630041,2,1,0,0
41.89490589,-87.62619754,1,0,0,0
41.89490823,-87.6261314,1,1,0,0
41.8949083,-87.62614242,2,0,0,1
41.89491007,-87.62598447,1,0,0,1
41.89492967,-87.62515784,4,1,0,1
41.89493693,-87.6245554,2,1,1,0
41.89494986,-87.62353785,12,1,4,2
41.89495038,-87.62362232,1,1,0,0
41.89495051,-87.62364436,1,0,0,1
41.89495233,-87.62349375,5,1,1,1
41.89495349,-87.63713135,2,1,0,0
41.8949934,-87.622149,3,1,0,2
41.89499508,-87.62197635,1,0,0,0
41.89499569,-87.62207551,1,0,0,1
41.89499705,-87.62185145,1,1,0,0
41.89499721,-87.62187716,5,0,0,4
41.89500266,-87.621429,1,0,0,0
41.89500282,-87.62145471,30,11,5,5
41.89500328,-87.62152816,153,36,51,38
41.89500509,-87.62137755,1,0,0,0
41.89501148,-87.63267912,1,0,0,0
41.89501914,-87.61966213,2,0,0,1
41.89503267,-87.63120604,1,1,0,0
41.89505892,-87.6341588,1,0,1,0
41.89505941,-87.61731467,1,0,1,0
41.89507711,-87.62815701,1,0,1,0
41.89509462,-87.63416208,2,0,1,1
41.89512368,-87.6254679,1,1,0,0
41.8951409,-87.62425563,69,21,15,18
41.89514299,-87.62815995,2,1,0,1
41.89515385,-87.63713652,1,0,1,0
41.89516047,-87.63416136,2,1,1,0
41.89516735,-87.62276412,2,1,1,0
41.89520207,-87.62973867,1,1,0,0
