Lat,Lon,Total_Crimes,Total_Arrests,ASSAULT,BATTERY,BURGLARY,Damage,Trespass,HOMICIDE,MOTOR VEHICLE THEFT,OBSCENITY,OFFENSE INVOLVING CHILDREN,OTHER OFFENSE,PUBLIC PEACE VIOLATION,ROBBERY,SEX OFFENSE,STALKING,THEFT,WEAPONS VIOLATION,Summer,Winter,Spring
41.773208215,-87.598992524,1,0,0,1,0,0,0,0,0,0,0,0,0,0,0,0,0,0,0,0,0
41.77321394,-87.598171279,1,0,1,0,0,0,0,0,0,0,0,0,0,0,0,0,0,0,0,0,0
41.773221021,-87.597562645,1,0,0,0,0,0,0,0,1,0,0,0,0,0,0,0,0,0,1,0,0
41.773229456,-87.596737703,1,0,0,1,0,0,0,0,0,0,0,0,0,0,0,0,0,0,0,0,1
41.773229574,-87.596756032,1,0,0,0,0,0,0,0,0,0,0,0,0,1,0,0,0,0,0,0,1
41.773255843,-87.59400991,1,0,0,0,0,0,0,0,0,0,0,0,0,0,0,0,0,1,0,0,1
41.773273248,-87.592451667,1,0,0,0,0,1,0,0,0,0,0,0,0,0,0,0,0,0,1,0,0
41.77329663,-87.590123498,2,0,0,1,0,0,0,0,0,0,0,0,0,0,0,0,1,0,1,1,0
41.773298022,-87.589914521,1,0,0,1,0,0,0,0,0,0,0,0,0,0,0,0,0,0,0,0,1
41.773298544,-87.589995166,1,0,0,1,0,0,0,0,0,0,0,0,0,0,0,0,0,0,0,0,1
41.773314016,-87.588147331,1,0,0,0,0,0,0,0,1,0,0,0,0,0,0,0,0,0,0,0,1
41.773315666,-87.587978676,13,4,2,1,0,1,2,1,0,0,0,0,0,1,0,0,2,1,1,8,2
41.773315928,-87.588018999,10,2,2,2,1,1,1,1,0,0,0,1,0,1,0,0,0,0,3,4,1
41.773320568,-87.587465382,10,2,0,0,0,2,1,0,0,0,0,0,0,2,0,0,4,0,0,4,4
41.773321401,-87.587593682,1,0,0,0,0,1,0,0,0,0,0,0,0,0,0,0,0,0,0,1,0
41.773322503,-87.587340716,1,0,0,0,0,1,0,0,0,0,0,0,0,0,0,0,0,0,0,0,1
41.77332305,-87.587425027,2,0,0,0,0,0,0,0,0,0,0,0,0,0,0,0,0,2,2,0,0
41.773809509,-87.588805144,2,0,2,0,0,0,0,0,0,0,0,0,0,0,0,0,0,0,0,0,0
41.773864414,-87.588808175,2,0,0,1,0,0,0,0,0,0,0,0,0,0,0,0,1,0,0,0,2
41.773875391,-87.588808048,4,1,1,0,0,2,1,0,0,0,0,0,0,0,0,0,0,0,2,1,1
41.773889111,-87.588807889,1,0,0,0,0,0,0,1,0,0,0,0,0,0,0,0,0,0,0,0,1
41.773967711,-87.605788001,1,0,1,0,0,0,0,0,0,0,0,0,0,0,0,0,0,0,0,0,1
41.773979206,-87.604570751,1,0,0,1,0,0,0,0,0,0,0,0,0,0,0,0,0,0,0,0,1
41.773984175,-87.605787815,4,2,1,1,0,0,0,0,0,0,0,1,0,0,0,0,0,0,3,0,1
41.773990688,-87.603353501,1,0,0,0,0,0,0,0,0,0,0,0,0,1,0,0,0,0,1,0,0
41.774009896,-87.603353283,1,0,0,0,0,0,0,0,0,0,0,0,0,0,0,0,1,0,0,0,1
41.774034088,-87.60457013,1,0,0,0,0,0,0,0,1,0,0,0,0,0,0,0,0,0,1,0,0
41.774035566,-87.600918749,1,0,0,0,0,0,0,0,0,0,0,0,0,0,0,0,0,1,0,0,0
41.774042022,-87.598491765,1,0,0,0,0,0,0,0,1,0,0,0,0,0,0,0,0,0,0,0,1
41.77404557,-87.603352878,3,0,1,0,1,0,0,0,0,0,0,0,0,0,0,0,1,0,0,1,0
41.77405332,-87.604573578,4,0,1,0,0,1,0,0,0,0,0,0,0,0,0,0,2,0,1,2,0
41.774064802,-87.603356326,1,0,0,0,1,0,0,0,0,0,0,0,0,0,0,0,0,0,0,0,0
41.774069904,-87.597274325,1,0,0,0,0,0,0,0,1,0,0,0,0,0,0,0,0,0,0,0,1
41.774072528,-87.604573361,1,0,0,0,0,0,0,0,0,0,0,0,0,0,0,0,0,0,0,0,1
41.774074139,-87.594513757,1,0,0,1,0,0,0,0,0,0,0,0,0,0,0,0,0,0,0,0,0
41.774079015,-87.602139043,1,0,0,0,0,0,0,0,1,0,0,0,0,0,0,0,0,0,0,1,0
41.774081309,-87.596057073,2,0,0,0,0,1,0,0,0,0,0,0,0,0,0,0,1,0,1,0,1
41.77408401,-87.603356109,1,0,0,0,0,0,0,0,0,0,0,0,0,0,0,0,1,0,1,0,0
41.774085473,-87.599708392,1,0,0,0,0,0,0,0,1,0,0,0,0,0,0,0,0,0,1,0,0
41.774090471,-87.600921791,3,2,0,2,0,0,0,0,1,0,0,0,0,0,0,0,0,0,0,1,1
41.774093347,-87.594513536,3,0,0,1,0,0,0,0,1,0,0,0,0,0,0,0,0,0,0,1,0
41.774096706,-87.60579021,2,1,0,0,0,0,0,0,1,0,0,0,0,0,0,0,0,0,1,1,0
41.774096904,-87.598491139,5,1,0,1,0,1,1,0,0,0,0,2,0,0,0,0,0,0,1,2,0
41.774098224,-87.602138825,3,0,0,0,0,1,0,0,0,0,0,0,0,1,0,0,0,1,1,1,0
41.774103219,-87.603355891,3,1,0,0,0,1,0,0,0,0,0,1,0,0,0,0,0,1,2,1,0
41.774107849,-87.592929644,1,0,0,0,0,0,0,0,0,0,0,0,0,0,0,0,1,0,1,0,0
41.774116113,-87.59849092,1,1,0,1,0,0,0,0,0,0,0,0,0,0,0,0,0,0,0,0,0
41.774140355,-87.599707766,1,0,0,1,0,0,0,0,0,0,0,0,0,0,0,0,0,0,0,0,1
41.774146619,-87.604572522,1,0,0,0,0,0,0,0,0,0,0,0,0,0,0,0,0,0,0,0,1
41.774153129,-87.602141867,2,0,0,1,0,0,0,0,1,0,0,0,0,0,0,0,0,0,0,1,0
41.774158101,-87.603355268,4,0,0,2,0,1,0,0,0,0,0,0,0,0,0,0,1,0,2,0,0
41.774165827,-87.604572305,1,0,0,1,0,0,0,0,0,0,0,0,0,0,0,0,0,0,1,0,0
41.774182315,-87.604575784,2,1,1,0,0,0,0,0,0,0,0,0,0,0,0,0,1,0,1,0,1
41.774188802,-87.602141462,1,0,0,0,0,0,0,0,0,0,0,0,0,0,0,0,1,0,1,0,0
41.774195261,-87.599710806,1,0,0,0,0,0,0,0,0,0,0,0,0,0,0,0,1,0,0,0,1
41.774201172,-87.592932237,1,0,0,0,0,1,0,0,0,0,0,0,0,0,0,0,0,0,0,1,0
41.774201524,-87.604575567,1,0,0,0,0,0,0,0,0,0,0,1,0,0,0,0,0,0,1,0,0
41.774201644,-87.597276485,1,0,0,0,0,0,0,0,0,0,0,0,0,0,0,0,0,0,0,1,0
41.774210511,-87.590552872,2,1,0,1,0,0,0,0,1,0,0,0,0,0,0,0,0,0,2,0,0
41.77421207,-87.590369552,1,0,0,0,0,1,0,0,0,0,0,0,0,0,0,0,0,0,0,0,0
41.774212402,-87.590420873,3,0,1,1,0,0,0,0,0,0,0,0,0,0,0,0,1,0,0,1,2
41.774213961,-87.590237553,4,1,0,2,0,0,0,0,0,0,0,0,0,0,0,0,2,0,2,1,0
41.774214316,-87.590292539,1,0,0,0,0,0,0,0,1,0,0,0,0,0,0,0,0,0,1,0,0
41.774214469,-87.599710588,2,0,0,0,0,1,0,0,0,0,0,0,0,0,0,0,0,0,0,2,0
41.774214482,-87.5903182,1,0,0,0,0,0,0,0,1,0,0,0,0,0,0,0,0,0,0,0,0
41.774215543,-87.590057899,1,0,0,0,0,0,0,0,0,0,0,0,0,0,0,0,1,0,0,0,1
41.774217931,-87.590002881,1,0,0,0,0,1,0,0,0,0,0,0,0,0,0,0,0,0,0,0,0
41.774222211,-87.600923958,1,0,0,0,0,0,0,0,1,0,0,0,0,0,0,0,0,0,0,0,0
41.774233332,-87.588144022,1,1,0,0,0,0,0,0,0,0,0,0,0,0,0,0,0,1,0,0,1
41.774233665,-87.588195342,6,1,0,4,0,1,0,0,0,0,0,0,0,0,0,0,1,0,3,1,2
41.774233678,-87.599710369,2,0,0,0,0,0,0,0,1,0,0,0,0,0,0,0,0,0,0,2,0
41.774238676,-87.600923771,2,0,0,2,0,0,0,0,0,0,0,0,0,0,0,0,0,0,1,1,0
41.774239941,-87.604575132,7,1,1,3,0,0,0,0,1,0,0,1,0,0,0,0,1,0,2,1,4
41.774241552,-87.594515501,1,0,0,0,0,0,0,0,1,0,0,0,0,0,0,0,0,0,0,0,0
41.774244911,-87.605792201,1,1,0,0,0,0,0,0,0,0,0,1,0,0,0,0,0,0,0,0,0
41.774246451,-87.602144473,1,0,0,0,0,1,0,0,0,0,0,0,0,0,0,0,0,0,0,0,0
41.774248722,-87.596058822,3,0,1,0,0,0,0,0,0,0,0,2,0,0,0,0,0,0,2,0,0
41.774251423,-87.603357876,1,0,0,0,0,0,0,0,0,0,0,0,0,0,0,0,1,0,0,1,0
41.774256077,-87.592935272,1,1,0,0,0,0,0,0,0,0,0,0,0,0,0,0,0,0,0,0,0
41.774265187,-87.596058633,1,0,0,0,0,0,0,0,0,0,0,0,0,0,0,0,1,0,0,0,0
41.77426566,-87.602144255,3,0,0,0,0,1,0,0,1,0,0,0,0,0,0,1,0,0,0,0,0
41.774269351,-87.599709962,1,0,0,0,0,1,0,0,0,0,0,0,0,0,0,0,0,0,0,1,0
41.774270632,-87.603357658,1,0,0,0,0,1,0,0,0,0,0,0,0,0,0,0,0,0,0,1,0
41.774275286,-87.592935051,2,0,0,0,0,0,0,0,0,0,0,0,0,0,0,0,2,0,0,1,0
41.774275758,-87.597279304,1,0,0,0,1,0,0,0,0,0,0,0,0,0,0,0,0,0,1,0,0
41.774277093,-87.600923334,1,0,0,0,0,0,0,0,0,0,0,0,0,0,0,0,1,0,0,0,1
41.774279969,-87.594515061,2,0,0,0,0,0,0,0,0,0,1,0,0,1,0,0,0,0,1,0,1
41.774283549,-87.598496341,1,0,0,0,0,0,0,0,0,0,0,0,0,0,0,0,1,0,0,0,0
41.774289841,-87.603357441,4,0,3,0,0,0,0,0,0,0,0,0,0,0,0,0,1,0,2,1,0
41.774303627,-87.596061859,2,0,0,0,0,0,0,0,0,0,0,1,0,0,0,0,1,0,1,1,0
41.774306328,-87.60336092,2,0,1,0,0,0,0,0,0,0,0,0,0,0,0,0,0,0,1,1,0
41.774307792,-87.59971319,1,0,0,0,1,0,0,0,0,0,0,0,0,0,0,0,0,0,0,1,0
41.774319025,-87.605795029,20,6,4,4,0,2,3,0,0,0,2,0,0,0,0,0,4,0,2,5,4
41.774320542,-87.602143632,3,0,0,0,1,1,0,0,0,0,0,1,0,0,0,0,0,0,1,1,0
41.774322836,-87.596061639,1,0,0,1,0,0,0,0,0,0,0,0,0,0,0,0,0,0,0,1,0
41.774325537,-87.603360702,3,0,0,1,0,1,0,0,0,0,0,0,0,0,0,0,1,0,0,1,0
41.774327,-87.599712971,1,0,1,0,0,0,0,0,0,0,0,0,0,0,0,0,0,0,1,0,0
41.77433064,-87.597278676,2,0,1,0,0,0,0,0,0,0,0,0,0,0,0,0,1,0,0,0,2
41.774338431,-87.598495714,2,0,0,0,0,0,0,0,0,0,0,0,0,0,0,0,2,0,0,0,0
41.774344746,-87.603360484,3,0,1,1,0,1,0,0,0,0,0,0,0,0,0,0,0,0,1,1,0
41.774349376,-87.592934199,2,0,0,1,0,0,0,0,0,0,0,1,0,0,0,0,0,0,0,0,0
41.774349728,-87.604577555,1,0,0,0,0,0,0,0,0,0,0,0,0,0,0,0,1,0,1,0,0
41.774351207,-87.600926156,1,0,0,0,0,0,0,0,1,0,0,0,0,0,0,0,0,0,1,0,0
41.774357639,-87.598495495,1,1,0,0,0,0,0,1,0,0,0,0,0,0,0,0,0,0,0,0,1
41.774362673,-87.599712565,3,0,1,0,0,1,0,0,0,0,0,0,0,0,0,0,0,0,0,2,1
41.774363954,-87.603360266,3,0,1,2,0,0,0,0,0,0,0,0,0,0,0,0,0,0,0,1,2
41.774370415,-87.600925938,1,0,0,0,0,1,0,0,0,0,0,0,0,0,0,0,0,0,0,0,1
41.774377718,-87.59606101,3,1,0,1,0,1,0,0,0,0,0,0,0,1,0,0,0,0,1,0,0
41.774381882,-87.599712346,1,0,0,0,0,0,0,0,0,0,0,0,0,0,0,0,1,0,1,0,0
41.774388289,-87.597281683,1,0,1,0,0,0,0,0,0,0,0,0,0,0,0,0,0,0,0,0,1
41.774394656,-87.602146456,3,1,0,0,0,0,1,0,0,0,0,0,0,0,0,0,2,0,0,2,0
41.774399628,-87.603359862,2,0,0,0,1,0,0,0,0,0,0,0,0,0,0,0,0,0,1,1,0
41.774401114,-87.599715793,10,0,0,7,0,0,0,0,0,0,0,1,0,0,0,0,1,1,3,1,3
41.774407354,-87.604576903,2,0,1,1,0,0,0,0,0,0,0,0,0,0,0,0,0,0,1,0,0
41.774412347,-87.605797641,2,2,0,0,0,0,0,0,0,0,0,0,0,0,0,0,2,0,0,2,0
41.774420323,-87.599715574,1,0,0,1,0,0,0,0,0,0,0,0,0,0,0,0,0,0,1,0,0
41.774428173,-87.594517026,1,0,0,0,0,0,0,0,1,0,0,0,0,0,0,0,0,0,0,0,0
41.774431556,-87.605797423,2,0,0,0,0,0,0,0,0,0,0,0,0,0,0,0,2,0,2,0,0
41.774436787,-87.599715386,2,0,0,1,0,1,0,0,0,0,0,0,0,0,0,0,0,0,1,0,0
41.774443027,-87.604576499,4,1,0,2,0,0,0,0,0,0,0,0,0,0,0,0,0,0,2,1,1
41.774444529,-87.600928761,1,0,0,0,0,0,0,0,1,0,0,0,0,0,0,0,0,0,0,0,1
41.774450764,-87.605797206,1,0,0,1,0,0,0,0,0,0,0,0,0,0,0,0,0,0,0,0,1
41.774455996,-87.599715167,15,2,9,2,0,0,0,0,0,0,0,1,1,0,0,0,0,2,7,2,4
41.774459163,-87.592936602,3,0,0,1,1,0,0,0,0,0,0,0,0,0,0,0,1,0,0,1,1
41.774463738,-87.600928542,1,0,0,1,0,0,0,0,0,0,0,0,0,0,0,0,0,0,0,0,1
41.774463846,-87.594516616,1,0,0,0,0,0,0,0,0,0,0,0,0,0,0,0,1,0,1,0,0
41.774473741,-87.603362688,6,2,1,1,0,1,1,0,0,0,0,1,0,0,0,0,0,0,0,4,2
41.774478372,-87.592936381,4,1,0,1,0,0,0,0,0,0,0,2,0,0,0,0,0,1,3,0,0
41.774487978,-87.602149062,1,0,0,1,0,0,0,0,0,0,0,0,0,0,0,0,0,0,1,0,0
41.774497604,-87.592939826,14,3,0,4,3,3,0,0,1,0,0,0,0,0,0,0,2,1,7,3,4
41.774499411,-87.600928136,1,0,0,0,0,0,0,0,0,0,0,0,0,0,0,0,0,0,0,0,0
41.774500677,-87.604579512,3,1,0,2,0,0,0,0,0,0,0,0,0,0,0,0,0,0,1,1,0
41.774502287,-87.594519841,1,0,0,0,0,0,0,0,1,0,0,0,0,0,0,0,0,0,0,0,1
41.774505646,-87.605796586,2,0,1,0,0,1,0,0,0,0,0,0,0,0,0,0,0,0,0,0,1
41.774506713,-87.596063199,1,0,0,0,0,0,0,0,0,0,0,0,0,0,0,0,1,0,0,0,0
41.774507187,-87.602148844,2,1,0,0,0,0,0,0,0,0,0,1,0,0,0,0,0,0,1,1,0
41.774516813,-87.592939605,4,1,0,1,0,0,0,0,0,0,0,1,0,0,0,0,1,1,0,1,1
41.774517141,-87.604579326,1,0,0,0,0,0,0,0,1,0,0,0,0,0,0,0,0,0,1,0,0
41.77451862,-87.600927918,1,0,0,0,0,0,0,0,0,0,0,0,0,0,0,0,1,0,1,0,0
41.77453011,-87.599717989,2,0,0,0,0,1,0,0,0,0,0,0,0,1,0,0,0,0,0,2,0
41.774531367,-87.603362034,1,0,1,0,0,0,0,0,0,0,0,0,0,0,0,0,0,0,1,0,0
41.774533277,-87.592939416,1,0,0,0,0,1,0,0,0,0,0,0,0,0,0,0,0,0,0,0,1
41.77453796,-87.594519432,2,0,0,0,1,0,0,0,1,0,0,0,0,0,0,0,0,0,1,0,0
41.77454286,-87.602148439,2,0,0,0,0,0,0,0,2,0,0,0,0,0,0,0,0,0,1,0,0
41.77455706,-87.600931147,4,0,1,0,0,0,0,0,1,0,0,0,0,0,0,0,2,0,1,2,1
41.774568527,-87.599717551,4,0,0,1,0,0,0,0,1,0,0,0,0,1,1,0,0,0,0,1,2
41.774576378,-87.594518991,4,0,0,2,0,0,0,0,1,0,0,0,0,0,0,0,1,0,2,0,2
41.774582702,-87.598500258,1,0,0,1,0,0,0,0,0,0,0,0,0,0,0,0,0,0,1,0,0
41.774591375,-87.597283027,1,0,0,0,0,0,0,0,0,0,0,0,0,0,0,0,1,0,0,1,0
41.774600036,-87.596065796,1,1,0,1,0,0,0,0,0,0,0,0,0,0,0,0,0,0,0,0,0
41.7746266,-87.592942008,1,0,0,0,0,0,0,0,0,0,0,0,0,1,0,0,0,0,0,1,0
41.774690598,-87.588831615,2,0,0,0,0,1,0,0,0,0,0,0,0,1,0,0,0,0,1,1,0
41.774921124,-87.588832615,2,0,1,1,0,0,0,0,0,0,0,0,0,0,0,0,0,0,1,0,1
41.774945985,-87.586321063,10,2,2,2,0,0,0,0,2,0,0,0,0,3,0,0,0,1,2,3,3
41.774967567,-87.605069148,1,0,0,0,0,0,0,0,0,0,0,0,0,0,0,0,1,0,1,0,0
41.774967846,-87.605113138,1,0,0,0,0,0,0,0,0,0,1,0,0,0,0,0,0,0,0,1,0
41.774970032,-87.605025127,2,0,0,2,0,0,0,0,0,0,0,0,0,0,0,0,0,0,1,0,0
41.774971939,-87.604893126,1,0,0,1,0,0,0,0,0,0,0,0,0,0,0,0,0,0,0,0,0
41.774978381,-87.604178168,1,0,0,1,0,0,0,0,0,0,0,0,0,0,0,0,0,0,0,0,0
41.774979543,-87.603928861,1,1,0,0,0,0,0,0,0,0,0,0,0,0,0,0,0,1,0,1,0
41.774995737,-87.602590557,1,1,0,0,0,0,0,0,0,0,0,1,0,0,0,0,0,0,0,1,0
41.774996016,-87.602634547,1,1,1,0,0,0,0,0,0,0,0,0,0,0,0,0,0,0,0,0,1
41.77500179,-87.601816945,2,0,0,1,0,0,0,0,0,0,0,1,0,0,0,0,0,0,1,0,1
41.775001884,-87.601831608,1,0,1,0,0,0,0,0,0,0,0,0,0,0,0,0,0,0,1,0,0
41.775013477,-87.600636333,1,0,1,0,0,0,0,0,0,0,0,0,0,0,0,0,0,0,0,0,1
41.775014132,-87.600738976,2,0,0,0,1,0,0,0,0,0,1,0,0,0,0,0,0,0,2,0,0
41.775015894,-87.600584981,1,0,0,0,0,0,0,0,0,0,0,0,0,0,0,0,1,0,0,0,0
41.775018809,-87.600181678,1,0,0,1,0,0,0,0,0,0,0,0,0,0,0,0,0,0,0,0,1
41.775021296,-87.600141323,1,0,1,0,0,0,0,0,0,0,0,0,0,0,0,0,0,0,0,1,0
41.775040894,-87.598055098,1,0,0,0,0,1,0,0,0,0,0,0,0,0,0,0,0,0,0,0,0
41.775050527,-87.596988157,1,0,0,1,0,0,0,0,0,0,0,0,0,0,0,0,0,0,1,0,0
41.775058054,-87.595594958,1,0,0,0,0,0,1,0,0,0,0,0,0,0,0,0,0,0,1,0,0
41.775072719,-87.593607771,1,0,0,0,0,0,0,0,1,0,0,0,0,0,0,0,0,0,0,0,1
41.775073286,-87.593695751,1,0,0,0,0,0,0,0,1,0,0,0,0,0,0,0,0,0,0,0,1
41.775116777,-87.59150293,1,0,0,1,0,0,0,0,0,0,0,0,0,0,0,0,0,0,0,1,0
41.77513496,-87.590494546,2,0,0,0,0,1,0,0,1,0,0,0,0,0,0,0,0,0,1,1,0
41.775137088,-87.590399203,1,1,0,0,0,0,0,0,0,0,0,1,0,0,0,0,0,0,0,1,0
41.775137396,-87.590446859,1,0,0,0,0,0,0,0,0,0,0,1,0,0,0,0,0,0,1,0,0
41.775139801,-87.589970239,4,0,0,0,0,3,0,0,0,0,0,0,0,0,0,0,1,0,1,1,2
41.775139967,-87.5899959,1,0,0,0,0,0,0,0,0,0,0,0,0,0,0,0,0,1,0,0,1
41.775159929,-87.587993984,1,0,0,0,0,0,0,0,0,0,0,0,0,0,0,0,1,0,0,1,0
41.775160594,-87.588096627,2,0,0,0,0,1,1,0,0,0,0,0,0,0,0,0,0,0,0,2,0
41.775161483,-87.587810662,2,0,1,0,1,0,0,0,0,0,0,0,0,0,0,0,0,0,0,0,1
41.775162007,-87.58789131,1,0,0,0,0,0,0,0,0,0,0,0,0,0,0,0,1,0,0,0,1
41.775162506,-87.587968292,1,0,0,1,0,0,0,0,0,0,0,0,0,0,0,0,0,0,0,1,0
41.775163062,-87.587631005,1,0,0,1,0,0,0,0,0,0,0,0,0,0,0,0,0,0,0,1,0
41.775163894,-87.587759308,1,0,0,0,0,0,0,0,0,0,0,0,0,0,0,0,1,0,0,0,1
41.775164061,-87.587784969,1,0,0,0,0,0,0,0,0,0,0,0,0,0,0,0,1,0,0,1,0
41.775454085,-87.602167418,1,0,0,0,0,1,0,0,0,0,0,0,0,0,0,0,0,0,0,0,0
41.77548106,-87.588848135,1,0,0,0,0,0,0,0,1,0,0,0,0,0,0,0,0,0,0,0,1
41.775813138,-87.603391493,1,0,0,0,0,0,0,0,0,0,0,0,0,0,0,0,0,1,1,0,0
41.775838831,-87.600960557,1,1,0,0,0,0,0,0,0,0,0,0,0,0,0,0,0,1,0,0,1
41.775850275,-87.599743271,1,0,0,0,0,0,0,0,1,0,0,0,0,0,0,0,0,0,0,1,0
41.775858787,-87.605828953,1,1,0,0,0,0,0,0,0,0,0,0,0,0,0,0,0,1,0,0,1
41.775875891,-87.597312334,1,0,1,0,0,0,0,0,0,0,0,0,0,0,0,0,0,0,0,0,0
41.775877995,-87.605828736,3,0,0,0,0,1,0,0,0,0,0,0,0,1,0,0,1,0,1,1,1
41.775887252,-87.603394319,2,1,0,1,1,0,0,0,0,0,0,0,0,0,0,0,0,0,0,0,1
41.775893713,-87.600959933,1,1,0,0,0,0,0,0,0,0,0,0,0,0,0,0,0,1,0,0,1
41.7758951,-87.597312114,2,0,0,0,0,1,0,0,0,0,0,0,0,0,0,0,1,0,1,0,0
41.775898721,-87.602177032,1,0,0,0,0,0,0,0,1,0,0,0,0,0,0,0,0,0,0,0,0
41.775915752,-87.594543946,1,0,0,0,0,0,0,0,1,0,0,0,0,0,0,0,0,0,1,0,0
41.775919355,-87.598528993,5,0,0,1,0,0,0,0,1,0,0,2,0,0,0,0,1,0,2,1,2
41.775922068,-87.592967436,1,0,0,0,0,0,0,0,0,0,0,0,0,0,0,0,1,0,0,0,1
41.775922969,-87.596094639,1,0,0,0,0,0,0,0,0,0,0,0,0,0,0,0,1,0,0,1,0
41.7759329,-87.605831782,2,0,0,1,0,0,0,0,0,0,0,0,0,0,0,0,1,0,2,0,0
41.775938533,-87.592967247,1,0,0,0,0,0,0,0,1,0,0,0,0,0,0,0,0,0,0,1,0
41.775943597,-87.599745874,1,0,0,1,0,0,0,0,0,0,0,0,0,0,0,0,0,0,1,0,0
41.775955028,-87.598528586,1,0,0,0,0,0,0,0,0,0,0,0,0,1,0,0,0,0,0,1,0
41.775957742,-87.592967026,4,1,0,2,0,0,0,0,0,0,0,0,0,0,0,0,2,0,1,1,1
41.775960062,-87.599745686,1,0,0,0,0,0,0,0,1,0,0,0,0,0,0,0,0,0,1,0,0
41.775972835,-87.602179856,1,1,0,1,0,0,0,0,0,0,0,0,0,0,0,0,0,0,0,0,0
41.775976974,-87.592970471,1,0,0,0,0,0,0,0,0,0,0,0,0,0,0,0,1,0,0,1,0
41.77597783,-87.603396958,1,0,0,1,0,0,0,0,0,0,0,0,0,0,0,0,0,0,0,0,0
41.775987036,-87.600962537,1,0,0,0,0,1,0,0,0,0,0,0,0,0,0,0,0,0,0,0,1
41.775992044,-87.602179638,1,1,0,0,0,0,0,0,0,0,0,0,0,0,0,0,0,1,0,0,1
41.775997083,-87.596097456,2,0,1,0,0,0,0,0,0,0,0,0,0,0,0,0,1,0,1,1,0
41.775998479,-87.599745249,3,1,2,0,0,0,0,0,0,0,0,1,0,0,0,0,0,0,2,0,0
41.776003524,-87.600966016,11,1,2,7,0,1,0,0,1,0,0,0,0,0,0,0,0,0,1,5,5
41.776006991,-87.605830944,2,0,0,0,0,1,0,0,0,0,0,0,0,0,0,0,0,0,2,0,0
41.776016248,-87.603396522,3,2,0,1,0,1,0,0,0,0,0,0,0,1,0,0,0,0,1,1,1
41.77602123,-87.604613624,1,0,0,0,0,0,0,0,0,0,0,0,0,0,0,0,0,0,1,0,0
41.776022732,-87.600965797,1,0,0,0,0,0,0,0,0,0,0,1,0,0,0,0,0,0,0,0,0
41.776024095,-87.597314305,2,0,0,0,0,1,0,0,0,0,0,0,0,0,0,0,1,0,1,0,0
41.776029142,-87.598531406,2,0,0,0,1,0,0,0,0,0,0,0,0,0,0,0,0,0,0,0,0
41.776043304,-87.597314086,2,0,0,0,0,0,0,0,0,0,0,0,0,0,0,0,2,0,1,1,0
41.776044763,-87.590293408,3,0,0,0,1,0,0,0,0,0,0,0,0,0,0,0,1,0,1,1,1
41.776046796,-87.5901834,1,0,0,0,0,0,0,0,0,0,0,0,0,0,0,0,0,1,0,0,1
41.77604788,-87.589926758,1,0,0,0,0,0,0,0,0,0,0,0,0,0,0,0,0,0,0,0,1
41.776048022,-87.589948753,2,1,0,0,0,0,0,0,0,0,0,0,0,0,0,0,1,1,0,0,0
41.776048351,-87.598531187,1,0,0,1,0,0,0,0,0,0,0,0,0,0,0,0,0,0,0,0,0
41.776048426,-87.590011073,1,0,0,0,0,0,0,0,1,0,0,0,0,0,0,0,0,0,1,0,0
41.77604871,-87.590055063,1,0,0,0,0,0,0,0,0,0,0,0,0,0,0,0,1,0,0,0,0
41.776050482,-87.589904731,1,0,0,0,0,0,0,0,0,0,0,0,0,0,0,0,1,0,0,1,0
41.776051988,-87.596100493,3,0,0,2,0,0,0,0,0,0,0,0,0,0,0,0,1,0,2,1,0
41.776053384,-87.599748289,1,1,0,0,0,0,0,0,0,0,0,0,0,0,0,0,0,0,0,1,0
41.776066158,-87.602182463,1,0,0,0,0,0,0,0,0,0,0,0,0,0,0,0,1,0,0,0,0
41.776068387,-87.588009129,2,0,0,0,1,0,0,0,0,0,0,1,0,0,0,0,0,0,1,0,0
41.776070273,-87.592969398,1,0,0,0,0,0,0,0,0,0,0,0,0,0,0,0,0,1,1,0,0
41.776070631,-87.587932114,2,1,0,0,0,2,0,0,0,0,0,0,0,0,0,0,0,0,0,0,1
41.776071197,-87.596100273,1,0,0,0,0,0,0,0,0,0,0,0,0,1,0,0,0,0,1,0,0
41.776071496,-87.587642478,1,0,0,0,0,0,0,0,0,0,0,0,0,0,0,0,1,0,0,0,1
41.77607324,-87.58748848,1,0,0,0,0,0,0,0,1,0,0,0,0,0,0,0,0,0,0,0,0
41.776073407,-87.587514141,1,0,0,0,0,0,0,0,0,0,0,0,0,0,0,0,0,0,0,0,1
41.77607374,-87.587565463,1,0,0,0,0,1,0,0,0,0,0,0,0,0,0,0,0,0,0,0,0
41.776091802,-87.599747851,2,0,0,2,0,0,0,0,0,0,0,0,0,0,0,0,0,0,0,0,0
41.776095344,-87.604616452,5,0,0,0,0,0,1,0,3,0,0,0,0,0,0,0,1,0,3,1,1
41.776096823,-87.600964954,2,0,0,0,0,0,0,0,1,0,0,0,0,0,0,0,0,1,2,0,0
41.77610687,-87.596099865,3,0,0,0,0,2,0,0,0,0,0,0,0,0,0,0,1,0,2,0,0
41.77610957,-87.60339913,3,0,0,1,0,0,0,0,1,0,0,0,0,0,0,0,0,0,1,0,0
41.77611101,-87.599747632,3,1,1,0,0,1,0,0,0,0,0,1,0,0,0,0,0,0,0,2,0
41.776117418,-87.597316904,3,0,0,0,1,0,0,0,0,0,0,2,0,0,0,0,0,0,1,0,2
41.776122464,-87.598534007,1,0,0,1,0,0,0,0,0,0,0,0,0,0,0,0,0,0,0,0,1
41.776125178,-87.592972432,1,0,0,0,0,0,0,0,1,0,0,0,0,0,0,0,0,0,0,0,1
41.776126035,-87.603398943,1,0,0,0,0,0,0,0,0,0,0,0,0,0,0,0,1,0,1,0,0
41.776126078,-87.596099645,2,0,0,0,0,0,0,0,0,0,0,0,0,0,0,0,2,0,0,1,0
41.776135263,-87.600968183,1,0,0,0,0,1,0,0,0,0,0,0,0,0,0,0,0,0,1,0,0
41.776141673,-87.598533788,1,0,0,0,0,1,0,0,0,0,0,0,0,0,0,0,0,0,0,0,1
41.776146707,-87.599750892,1,1,0,0,0,0,0,1,0,0,0,0,0,0,0,0,0,0,0,1,0
41.776155835,-87.597316465,1,0,0,0,1,0,0,0,0,0,0,0,0,0,0,0,0,0,0,0,0
41.776157302,-87.594552173,2,0,0,0,1,0,0,0,1,0,0,0,0,0,0,0,0,0,2,0,0
41.77615948,-87.602185069,10,2,0,3,1,4,0,0,1,0,0,0,0,0,0,0,0,1,2,7,0
41.776160882,-87.598533569,1,0,0,0,0,0,0,0,0,0,0,0,0,0,0,0,1,0,0,0,0
41.776164519,-87.596102871,2,0,0,0,0,0,0,0,1,0,0,0,0,0,0,0,1,0,2,0,0
41.776170937,-87.600967777,1,0,1,0,0,0,0,0,0,0,0,0,0,0,0,0,0,0,0,0,1
41.776175067,-87.597319911,1,0,0,0,0,0,0,0,0,0,0,0,0,0,0,0,1,0,1,0,0
41.776185124,-87.599750454,3,0,1,0,0,0,1,0,0,0,0,0,0,0,0,0,1,0,0,1,0
41.776191532,-87.597319723,1,0,0,0,0,0,0,0,0,0,0,0,0,0,0,0,0,0,0,0,0
41.776195153,-87.602184664,1,1,0,1,0,0,0,0,0,0,0,0,0,0,0,0,0,0,0,0,1
41.776195719,-87.594551732,1,0,0,0,0,0,0,0,0,0,0,0,0,0,0,0,1,0,1,0,0
41.776200149,-87.603401769,4,1,0,1,1,0,0,0,0,0,0,0,0,0,0,0,2,0,1,0,3
41.776214928,-87.594551511,1,0,0,0,0,0,0,0,0,0,0,0,0,0,0,0,1,0,1,0,0
41.776215756,-87.592975057,1,0,0,0,0,1,0,0,0,0,0,0,0,0,0,0,0,0,1,0,0
41.776215787,-87.598536608,2,0,0,0,1,1,0,0,0,0,0,0,0,0,0,0,0,0,1,0,0
41.776219357,-87.603401551,1,0,0,0,1,0,0,0,0,0,0,0,0,0,0,0,0,0,0,1,0
41.776229309,-87.605835764,1,0,0,1,0,0,0,0,0,0,0,0,0,0,0,0,0,0,1,0,0
41.776229949,-87.597319284,3,0,0,0,1,0,0,0,0,0,0,0,0,0,0,0,0,0,0,1,2
41.776233571,-87.602184227,2,0,0,0,0,0,0,0,0,0,0,0,0,0,0,0,2,0,2,0,0
41.776234996,-87.598536389,1,0,0,1,0,0,0,0,0,0,0,0,0,0,0,0,0,0,0,1,0
41.77623861,-87.596102022,1,0,0,0,0,1,0,0,0,0,0,0,0,0,0,0,0,0,1,0,0
41.77624505,-87.6009706,1,1,0,1,0,0,0,0,0,0,0,0,0,0,0,0,0,0,1,0,0
41.776250625,-87.594554768,1,0,0,0,0,0,0,0,0,0,0,0,0,0,0,0,1,0,0,0,1
41.77625146,-87.598536201,3,0,1,0,0,0,0,0,1,0,0,0,0,0,0,0,1,0,0,2,1
41.776252803,-87.602187675,2,0,0,0,0,0,0,0,1,0,0,0,0,0,0,0,1,0,0,1,1
41.776264259,-87.600970382,3,0,0,3,0,0,0,0,0,0,0,0,0,0,0,0,0,0,0,0,1
41.776265645,-87.597322542,2,0,0,2,0,0,0,0,0,0,0,0,0,0,0,0,0,0,0,0,2
41.776269267,-87.602187488,1,0,0,0,0,0,0,0,0,0,0,0,0,0,0,0,1,0,0,1,0
41.776281965,-87.604618005,1,0,1,0,0,0,0,0,0,0,0,0,0,0,0,0,0,0,0,1,0
41.776288476,-87.60218727,4,0,0,0,0,0,0,0,0,0,0,0,0,0,0,0,4,0,1,0,3
41.776289847,-87.592974205,1,0,0,0,0,0,0,0,0,0,0,0,0,0,0,0,1,0,0,0,0
41.776302676,-87.600969944,1,0,0,0,0,0,0,0,0,0,0,0,0,0,0,0,0,0,0,1,0
41.776304063,-87.597322103,1,0,0,0,0,0,0,0,0,0,0,0,0,0,0,0,1,0,0,1,0
41.776307684,-87.602187052,1,0,0,0,0,0,0,0,0,0,0,1,0,0,0,0,0,0,1,0,0
41.776319164,-87.600973423,1,0,0,0,0,1,0,0,0,0,0,0,0,0,0,0,0,0,1,0,0
41.776322631,-87.605838376,12,1,2,2,1,2,0,0,1,0,0,2,0,1,0,0,0,0,3,1,6
41.776326893,-87.602186833,2,0,0,0,0,0,0,0,1,0,0,1,0,0,0,0,0,0,0,2,0
41.776331932,-87.59610462,1,0,0,0,0,0,0,0,0,0,0,0,0,0,0,0,1,0,0,1,0
41.776347496,-87.592977208,1,0,0,0,0,0,0,0,1,0,0,0,0,0,0,0,0,0,0,0,0
41.776351097,-87.603403724,1,0,0,1,0,0,0,0,0,0,0,0,0,0,0,0,0,0,0,0,0
41.77636259,-87.602190094,2,0,1,0,0,0,0,0,0,0,0,0,0,0,0,0,1,0,0,1,1
41.776382364,-87.594556922,2,0,1,0,0,0,0,0,1,0,0,0,0,0,0,0,0,0,1,0,1
41.776388234,-87.599755472,1,0,0,1,0,0,0,0,0,0,0,0,0,0,0,0,0,0,0,0,1
41.776397385,-87.597324702,2,0,0,0,0,1,0,0,1,0,0,0,0,0,0,0,0,0,1,1,0
41.776402402,-87.592980242,1,0,1,0,0,0,0,0,0,0,0,0,0,0,0,0,0,0,0,0,0
41.776437246,-87.594556292,1,0,0,0,0,0,0,0,1,0,0,0,0,0,0,0,0,0,1,0,0
41.776565234,-87.588875924,2,0,0,0,0,1,0,0,0,0,0,0,0,0,0,0,1,0,1,0,0
41.776724439,-87.588881416,1,0,0,0,0,0,0,0,0,0,0,0,0,1,0,0,0,0,0,0,1
41.776757223,-87.586322042,6,1,1,1,0,1,0,0,1,0,0,0,0,0,0,0,1,1,1,1,3
41.776785202,-87.605213563,4,0,0,0,0,0,0,0,0,0,0,0,0,0,0,0,1,2,4,0,0
41.776785504,-87.60526122,2,0,0,0,0,0,0,0,1,0,0,0,0,1,0,0,0,0,0,1,1
41.776795343,-87.604216245,2,0,1,0,0,0,0,0,0,0,0,0,0,0,0,0,1,0,0,1,1
41.776795459,-87.604234575,1,1,0,0,0,0,0,0,0,0,0,0,0,0,0,0,0,1,0,0,1
41.77679711,-87.604062246,1,1,0,0,0,0,0,0,0,0,0,0,0,0,0,0,0,1,1,0,0
41.776797226,-87.604080575,3,1,1,2,0,0,0,0,0,0,0,0,0,0,0,0,0,0,2,0,0
41.776797342,-87.604098905,3,0,0,0,0,1,0,0,0,0,0,0,0,0,0,0,0,1,0,2,1
41.776797435,-87.604113569,1,1,0,0,0,0,0,0,0,0,1,0,0,0,0,0,0,0,0,0,0
41.776797552,-87.604131898,1,1,0,0,0,0,0,0,0,0,0,0,0,0,1,0,0,0,0,1,0
41.776797668,-87.604150228,1,0,0,1,0,0,0,0,0,0,0,0,0,0,0,0,0,0,0,0,0
41.776797761,-87.604164891,1,0,0,0,0,0,0,0,0,0,0,0,0,0,0,0,1,0,0,0,1
41.776865078,-87.59750633,1,0,0,0,0,0,0,0,1,0,0,0,0,0,0,0,0,0,0,0,0
41.776870374,-87.597047996,1,0,0,0,0,0,0,0,0,0,0,0,0,0,0,0,0,1,0,0,1
41.776872531,-87.596956316,1,0,0,0,0,0,0,0,0,0,0,0,0,0,0,0,1,0,0,0,1
41.776929876,-87.590517827,1,0,0,0,0,0,0,0,0,0,0,0,0,0,0,0,1,0,0,0,1
41.776931411,-87.590330834,1,1,0,1,0,0,0,0,0,0,0,0,0,0,0,0,0,0,1,0,0
41.776933681,-87.590257484,9,0,1,1,1,0,1,0,0,0,0,0,0,0,0,0,4,0,1,1,3
41.776949964,-87.588534185,3,0,0,0,0,2,0,0,0,0,0,0,0,0,0,0,0,0,0,0,1
41.776951853,-87.588402181,1,0,0,0,0,0,0,0,0,0,0,0,0,0,0,0,1,0,0,1,0
41.776952423,-87.588490163,1,0,0,0,0,0,0,0,0,0,0,0,0,0,0,0,1,0,0,0,0
41.7769562,-87.588226153,3,1,0,1,0,1,0,0,0,0,0,1,0,0,0,0,0,0,0,1,0
41.776964353,-87.587368169,1,0,0,0,1,0,0,0,0,0,0,0,0,0,0,0,0,0,0,0,0
41.776964782,-87.587434156,2,0,0,0,0,2,0,0,0,0,0,0,0,0,0,0,0,0,1,0,1
41.776965067,-87.587478147,1,0,0,1,0,0,0,0,0,0,0,0,0,0,0,0,0,0,0,0,1
41.776966074,-87.587210503,1,0,0,0,0,0,0,0,0,0,0,0,0,0,0,0,1,0,0,1,0
41.776966216,-87.587232499,3,0,0,1,0,0,0,0,0,0,0,0,0,0,0,0,1,0,1,0,1
41.776966526,-87.587280156,1,0,0,0,0,0,0,0,0,0,0,0,0,0,0,0,0,1,0,0,0
41.776966812,-87.587324147,1,0,0,0,0,1,0,0,0,0,0,0,0,0,0,0,0,0,0,0,1
41.777231135,-87.605861104,1,0,0,1,0,0,0,0,0,0,0,0,0,0,0,0,0,0,0,0,0
41.777286466,-87.604632297,2,0,1,0,0,0,0,0,0,0,0,0,0,0,0,0,0,0,0,0,1
41.777297443,-87.604632173,1,1,0,1,0,0,0,0,0,0,0,0,0,0,0,0,0,0,0,1,0
41.777366068,-87.604635062,2,0,0,1,0,0,1,0,0,0,0,0,0,0,0,0,0,0,1,0,0
41.777390765,-87.604634783,1,0,0,0,0,0,0,0,1,0,0,0,0,0,0,0,0,0,1,0,0
41.777404485,-87.604634627,1,0,0,0,0,0,0,0,0,0,0,0,0,1,0,0,0,0,0,1,0
41.777445647,-87.604634161,1,0,0,0,0,1,0,0,0,0,0,0,0,0,0,0,0,0,1,0,0
41.777601657,-87.605867915,1,0,0,0,0,0,0,0,0,0,0,0,0,0,0,0,1,0,0,0,0
41.777620866,-87.605867698,6,0,1,1,1,0,0,0,1,0,0,0,0,0,0,0,0,1,0,1,1
41.777627216,-87.600390275,1,0,0,1,0,0,0,0,0,0,0,0,0,0,0,0,0,0,0,0,1
41.777651439,-87.601607189,1,0,0,0,0,0,0,0,0,0,0,0,0,0,0,0,1,0,0,0,0
41.777675193,-87.599308189,2,0,0,0,0,0,0,0,0,0,0,0,0,0,0,0,2,0,0,0,1
41.777679377,-87.600393347,1,0,0,1,0,0,0,0,0,0,0,0,0,0,0,0,0,0,0,0,1
41.777687112,-87.601606783,1,0,0,0,0,0,0,0,0,0,0,0,0,0,0,0,1,0,0,0,1
41.77769498,-87.605870527,1,0,0,1,0,0,0,0,0,0,0,0,0,0,0,0,0,0,1,0,0
41.77769787,-87.593005671,1,0,0,0,1,0,0,0,0,0,0,0,0,0,0,0,0,0,0,0,0
41.777703777,-87.604227953,1,0,0,0,0,1,0,0,0,0,0,0,0,0,0,0,0,0,1,0,0
41.777714189,-87.60587031,1,0,0,0,0,1,0,0,0,0,0,0,0,0,0,0,0,0,0,0,1
41.77771505,-87.600392941,5,0,0,0,0,1,0,0,0,0,0,0,0,1,0,0,3,0,1,2,2
41.777722785,-87.601606378,1,0,0,0,0,1,0,0,0,0,0,0,0,0,0,0,0,0,0,0,0
41.77772781,-87.602827178,2,0,0,1,0,0,0,0,0,0,0,1,0,0,0,0,0,0,0,0,1
41.777729002,-87.596139946,8,0,0,0,1,1,0,0,1,0,0,0,0,0,0,0,5,0,3,1,0
41.777730098,-87.599311229,2,0,0,0,0,0,0,0,0,0,0,0,0,1,0,0,1,0,0,1,1
41.777733397,-87.605870092,2,0,1,0,0,0,0,0,0,0,1,0,0,0,0,0,0,0,0,0,0
41.77773925,-87.60160619,1,0,0,0,0,0,0,0,0,0,0,0,0,0,0,0,1,0,1,0,0
41.777746482,-87.594588927,2,0,0,0,0,0,0,0,1,0,0,0,0,0,0,0,0,0,0,0,2
41.777747019,-87.60282696,2,0,0,0,0,0,0,0,0,0,0,2,0,0,0,0,0,0,1,0,1
41.777750747,-87.600396201,2,1,1,1,0,0,0,0,0,0,0,0,0,0,0,0,0,0,0,1,1
41.777752775,-87.593008706,1,0,0,1,0,0,0,0,0,0,0,0,0,0,0,0,0,0,1,0,0
41.777767211,-87.600396013,2,0,1,1,0,0,0,0,0,0,0,0,0,0,0,0,0,0,0,1,0
41.777774946,-87.601609451,1,0,0,0,0,1,0,0,0,0,0,0,0,0,0,0,0,0,0,0,1
41.777792147,-87.586372357,1,0,0,1,0,0,0,0,0,0,0,0,0,0,0,0,0,0,0,0,1
41.777801364,-87.594588297,1,0,0,0,0,1,0,0,0,0,0,0,0,0,0,0,0,0,0,1,0
41.777802884,-87.600395607,3,0,0,0,0,0,0,0,0,0,0,0,0,1,0,0,0,0,0,1,1
41.777807511,-87.605872921,1,0,0,0,0,0,0,0,0,0,0,0,0,0,0,0,1,0,1,0,0
41.777810401,-87.593008043,18,0,1,4,1,2,0,0,5,0,0,2,0,0,0,0,3,0,4,7,2
41.777829633,-87.593011488,2,0,0,0,0,0,0,0,0,0,0,0,0,0,0,0,0,1,1,1,0
41.777835813,-87.600395232,1,0,0,1,0,0,0,0,0,0,0,0,0,0,0,0,0,0,0,0,0
41.777839804,-87.594591522,1,0,0,1,0,0,0,0,0,0,0,0,0,0,0,0,0,0,0,0,0
41.777840341,-87.602829567,2,0,0,0,0,0,0,0,0,0,1,1,0,0,0,0,0,0,0,0,2
41.77784151,-87.596138658,1,0,0,0,0,0,0,0,0,0,0,0,0,0,0,0,1,0,1,0,0
41.777848842,-87.593011267,4,0,1,0,0,0,0,0,1,0,0,1,0,0,0,0,1,0,0,0,1
41.777855022,-87.600395013,1,0,0,1,0,0,0,0,0,0,0,0,0,0,0,0,0,0,0,0,0
41.777856806,-87.60282938,1,0,0,0,0,0,0,0,0,0,1,0,0,0,0,0,0,0,0,0,1
41.777860957,-87.59148597,1,0,0,0,0,0,0,0,0,0,0,1,0,0,0,0,0,0,1,0,0
41.777861767,-87.599302395,2,0,0,1,0,0,0,0,0,0,0,0,0,0,0,0,1,0,1,1,0
41.77786278,-87.601612119,2,0,0,0,0,0,0,0,0,0,0,0,0,0,0,0,1,0,1,1,0
41.777866284,-87.58637883,1,0,0,1,0,0,0,0,0,0,0,0,0,0,0,0,0,0,0,1,0
41.777876014,-87.602829162,2,0,1,1,0,0,0,0,0,0,0,0,0,0,0,0,0,0,0,0,0
41.777878209,-87.599298542,1,0,0,0,0,0,0,0,0,0,0,0,0,1,0,0,0,0,1,0,0
41.777895223,-87.602828944,1,0,0,0,0,0,0,0,0,0,0,0,0,0,0,0,1,0,0,1,0
41.777896583,-87.591478227,1,0,0,0,0,1,0,0,0,0,0,0,0,0,0,0,0,0,0,1,0
41.777899159,-87.596141664,1,0,0,0,0,1,0,0,0,0,0,0,0,0,0,0,0,0,0,0,0
41.777903724,-87.593010636,1,0,0,0,0,0,0,0,0,0,0,0,0,0,0,0,1,0,0,0,0
41.777907183,-87.600398086,1,0,0,0,0,0,0,0,0,0,0,0,0,0,0,0,1,0,0,0,0
41.777914432,-87.602828726,1,0,0,0,0,0,0,0,0,0,0,1,0,0,0,0,0,0,0,1,0
41.777916579,-87.599290772,1,0,0,1,0,0,0,0,0,0,0,0,0,0,0,0,0,0,0,0,0
41.777922956,-87.593014081,2,0,0,2,0,0,0,0,0,0,0,0,0,0,0,0,0,0,0,1,0
41.777928723,-87.604647024,1,0,0,0,0,0,1,0,0,0,0,0,0,0,0,0,0,0,0,0,0
41.777930896,-87.602828539,1,0,0,0,0,0,0,0,0,0,0,0,0,0,0,0,1,0,0,0,0
41.777936507,-87.605875129,1,1,0,1,0,0,0,0,0,0,0,0,0,0,0,0,0,0,0,0,1
41.777940112,-87.600397711,2,0,0,0,0,0,0,0,0,0,0,1,0,0,0,0,1,0,0,0,2
41.777954137,-87.591466565,2,0,0,0,0,0,0,0,1,0,0,0,0,0,0,0,1,0,0,0,0
41.777959321,-87.600397492,1,0,0,0,0,0,0,0,0,0,0,0,0,0,0,0,0,1,0,0,0
41.777961373,-87.593013639,3,1,0,2,0,0,0,0,0,0,0,0,0,0,0,0,1,0,3,0,0
41.777969337,-87.602831769,1,0,0,1,0,0,0,0,0,0,0,0,0,0,0,0,0,0,1,0,0
41.77797218,-87.605874726,1,0,0,0,0,0,0,0,0,0,0,0,0,0,0,0,0,1,1,0,0
41.778008946,-87.596144073,3,3,0,1,0,0,0,0,0,0,0,2,0,0,0,0,0,0,1,0,1
41.77801062,-87.605877958,2,1,0,1,0,1,0,0,0,0,0,0,0,0,0,0,0,0,0,0,1
41.778015745,-87.598061446,18,4,4,4,0,0,2,0,2,1,0,1,0,0,0,0,3,1,0,10,8
41.778023364,-87.599252891,1,0,0,0,0,1,0,0,0,0,0,0,0,0,0,0,0,0,0,1,0
41.778028155,-87.596143853,1,0,0,1,0,0,0,0,0,0,0,0,0,0,0,0,0,0,0,0,0
41.77802969,-87.596811093,1,0,0,0,0,0,0,0,0,0,0,0,0,0,0,0,1,0,0,0,0
41.778038231,-87.593016422,1,0,0,0,0,0,0,0,0,0,0,0,0,0,0,0,1,0,0,0,1
41.778044411,-87.600400189,1,0,0,0,0,0,0,0,0,0,0,0,0,0,0,0,1,0,0,0,0
41.778047363,-87.596143633,1,0,0,0,0,0,0,0,0,0,0,1,0,0,0,0,0,0,0,0,1
41.778047465,-87.586387726,34,2,5,5,2,4,0,0,7,0,0,3,0,0,0,0,7,0,8,14,8
41.77805744,-87.593016201,1,0,0,0,0,0,0,0,0,0,0,0,0,0,0,0,0,0,1,0,0
41.778057719,-87.60464923,1,0,0,0,0,0,0,0,0,0,0,0,0,0,0,0,1,0,0,1,0
41.778062659,-87.602834376,6,1,1,2,0,0,0,0,0,0,0,2,0,0,0,0,0,0,0,5,1
41.778073904,-87.593016011,1,0,0,0,0,1,0,0,0,0,0,0,0,0,0,0,0,0,0,0,1
41.778087843,-87.601616893,1,1,0,1,0,0,0,0,0,0,0,0,0,0,0,0,0,0,1,0,0
41.778093113,-87.59301579,8,0,1,7,0,0,0,0,0,0,0,0,0,0,0,0,0,0,2,1,3
41.778094523,-87.59922275,1,0,0,0,0,0,0,0,0,0,0,0,0,1,0,0,0,0,0,1,0
41.778112345,-87.593019235,1,0,0,0,0,0,0,0,1,0,0,0,0,0,0,0,0,0,0,0,1
41.778115781,-87.600403043,1,0,0,1,0,0,0,0,0,0,0,0,0,0,0,0,0,0,1,0,0
41.778117219,-87.596766097,1,0,0,0,0,0,0,0,1,0,0,0,0,0,0,0,0,0,0,1,0
41.778117541,-87.602833754,2,0,0,0,0,0,0,0,0,0,0,0,0,0,0,0,2,0,1,0,0
41.778119748,-87.594595642,1,0,0,0,0,0,0,0,1,0,0,0,0,0,0,0,0,0,0,1,0
41.778120407,-87.605880384,1,1,0,0,0,0,0,0,0,0,0,0,0,0,0,0,0,0,0,0,0
41.778121477,-87.59614645,2,0,0,0,0,0,0,0,0,0,0,1,0,1,0,0,0,0,0,0,1
41.778131553,-87.593019014,1,0,0,1,0,0,0,0,0,0,0,0,0,0,0,0,0,0,0,0,0
41.778139616,-87.605880167,3,0,0,2,0,1,0,0,0,0,0,0,0,0,0,0,0,0,1,0,1
41.778140686,-87.59614623,2,0,0,0,0,0,0,0,0,0,0,0,0,0,0,0,2,0,0,1,1
41.778141504,-87.597986684,1,1,0,0,0,0,0,0,0,0,0,0,0,0,0,0,0,1,1,0,0
41.77815653,-87.604651777,1,0,1,0,0,0,0,0,0,0,0,0,0,0,0,0,0,0,1,0,0
41.778165682,-87.599192608,1,0,0,0,0,0,0,0,0,0,0,0,0,1,0,0,0,0,0,0,1
41.778176485,-87.586393561,1,0,0,0,0,0,0,0,0,0,0,0,0,0,0,0,1,0,1,0,0
41.7781821,-87.599185088,2,0,0,0,0,0,0,0,0,0,0,0,0,0,0,0,2,0,1,1,0
41.77819343,-87.597953094,2,0,0,0,0,0,0,0,0,0,0,2,0,0,0,0,0,0,0,1,1
41.778201262,-87.599177537,1,0,0,0,0,0,0,0,1,0,0,0,0,0,0,0,0,0,0,0,1
41.778212182,-87.586396813,1,1,0,0,0,0,0,0,0,0,0,0,0,0,0,0,0,1,0,0,0
41.778222388,-87.604651032,2,1,0,0,0,0,0,0,0,0,0,1,0,0,0,0,0,1,0,1,1
41.77823139,-87.58639659,1,0,0,0,0,0,0,0,0,0,0,0,0,0,0,0,1,0,1,0,0
41.77825534,-87.604654325,5,2,0,2,0,0,0,0,1,0,0,2,0,0,0,0,0,0,3,1,0
41.77827072,-87.594601242,1,0,1,0,0,0,0,0,0,0,0,0,0,0,0,0,0,0,0,1,0
41.778321993,-87.586402872,14,0,2,7,0,0,0,0,2,0,0,0,0,0,0,0,3,0,5,1,2
41.778354151,-87.604656873,1,1,0,0,0,0,0,0,0,0,0,1,0,0,0,0,0,0,0,1,0
41.778436411,-87.589657198,8,0,0,1,0,3,0,0,2,0,1,0,0,0,0,0,1,0,1,1,1
41.778601467,-87.605141689,1,0,0,0,0,0,0,0,0,0,0,1,0,0,0,0,0,0,0,0,0
41.778601769,-87.605189348,1,0,0,0,0,0,0,0,0,0,0,1,0,0,0,0,0,0,0,0,1
41.778618186,-87.603883963,4,0,1,3,0,0,0,0,0,0,0,0,0,0,0,0,0,0,1,1,0
41.778618326,-87.603905959,2,0,0,1,1,0,0,0,0,0,0,0,0,0,0,0,0,0,0,1,0
41.778714191,-87.595710705,4,0,0,0,1,1,0,0,0,0,0,0,0,0,0,0,2,0,2,0,1
41.778714497,-87.595758364,1,0,0,0,0,0,0,0,0,0,0,1,0,0,0,0,0,0,0,1,0
41.778716417,-87.595630021,1,0,0,0,0,0,0,0,0,0,0,0,0,0,0,0,1,0,0,1,0
41.77871988,-87.59531468,1,0,0,0,0,0,0,0,0,0,0,1,0,0,0,0,0,0,0,1,0
41.778752596,-87.592296944,1,0,0,0,0,1,0,0,0,0,0,0,0,0,0,0,0,0,1,0,0
41.778752927,-87.592348268,1,0,0,0,0,0,0,0,0,0,0,0,0,0,0,0,1,0,0,0,0
41.778755687,-87.590650742,1,0,0,0,0,0,0,0,1,0,0,0,0,0,0,0,0,0,1,0,0
41.778761703,-87.587343673,1,0,0,0,0,1,0,0,0,0,0,0,0,0,0,0,0,0,0,0,1
41.778763899,-87.587259323,1,0,1,0,0,0,0,0,0,0,0,0,0,0,0,0,0,0,1,0,0
41.778773318,-87.588711067,1,0,1,0,0,0,0,0,0,0,0,0,0,0,0,0,0,0,0,0,0
41.778775492,-87.588623051,1,0,0,0,0,0,0,0,1,0,0,0,0,0,0,0,0,0,0,1,0
41.778871742,-87.59631384,17,2,3,4,1,1,0,0,3,0,0,0,0,0,0,0,1,0,2,6,8
41.779032556,-87.599142391,1,0,0,0,0,0,0,0,0,0,0,0,0,1,0,0,0,0,0,0,0
41.779054509,-87.599142141,1,1,0,0,0,0,0,0,0,0,0,0,0,0,0,0,0,1,0,0,0
41.77906823,-87.599141984,3,0,0,1,0,1,0,0,0,0,0,0,0,0,0,0,1,0,0,1,0
41.779073887,-87.596168539,1,0,0,0,0,0,0,0,1,0,0,0,0,0,0,0,0,0,0,0,1
41.779090182,-87.599141734,2,0,0,0,0,0,0,0,0,0,0,1,0,0,0,0,1,0,1,1,0
41.779101159,-87.599141609,1,0,0,0,0,0,0,0,0,0,0,0,0,0,0,0,1,0,0,0,0
41.779114078,-87.604618939,3,0,1,0,0,0,0,0,1,0,0,0,0,1,0,0,0,0,0,1,1
41.779123111,-87.599141358,1,0,0,0,0,0,0,0,0,0,0,0,0,0,0,0,1,0,1,0,0
41.779142513,-87.596171419,1,0,0,0,1,0,0,0,0,0,0,0,0,0,0,0,0,0,0,1,0
41.77915524,-87.604618473,1,0,0,0,0,0,0,0,0,0,0,0,0,0,0,0,1,0,0,0,0
41.779207401,-87.604621549,1,0,0,0,0,1,0,0,0,0,0,0,0,0,0,0,0,0,0,1,0
41.779248562,-87.604621083,2,0,0,0,0,1,0,0,0,0,0,1,0,0,0,0,0,0,0,0,0
41.779276026,-87.604624438,1,0,0,0,0,1,0,0,0,0,0,0,0,0,0,0,0,0,0,0,0
41.779315904,-87.598391228,1,0,0,0,0,0,0,0,1,0,0,0,0,0,0,0,0,0,0,1,0
41.779388822,-87.601646099,1,0,0,0,0,0,0,0,0,0,0,0,0,0,0,0,1,0,1,0,0
41.779411513,-87.588945662,1,0,0,0,0,0,0,0,0,0,0,0,0,0,0,0,1,0,0,0,0
41.779418642,-87.605909707,1,0,0,0,1,0,0,0,0,0,0,0,0,0,0,0,0,0,1,0,0
41.779419504,-87.600432194,3,0,1,1,0,0,0,0,0,0,0,1,0,0,0,0,0,0,1,1,0
41.77943785,-87.60590949,3,0,0,0,1,1,0,0,0,0,0,0,0,0,0,0,1,0,1,0,2
41.779446471,-87.60164911,2,0,0,0,0,0,0,0,0,0,0,0,0,0,0,0,2,0,1,0,0
41.779468424,-87.60164886,1,0,0,0,0,1,0,0,0,0,0,0,0,0,0,0,0,0,0,1,0
41.779479897,-87.600435172,1,0,0,1,0,0,0,0,0,0,0,0,0,0,0,0,0,0,0,0,0
41.779492755,-87.605912536,2,1,0,1,0,0,0,0,0,0,0,0,0,0,0,0,0,1,0,0,2
41.779509098,-87.602865623,1,0,0,1,0,0,0,0,0,0,0,0,0,0,0,0,0,0,0,0,0
41.779511964,-87.605912319,14,1,6,3,0,0,1,0,0,0,0,0,0,0,1,0,3,0,4,4,4
41.779522807,-87.604159685,2,0,1,0,0,0,0,0,0,0,0,0,0,0,0,0,1,0,1,1,0
41.779524597,-87.604009345,1,1,1,0,0,0,0,0,0,0,0,0,0,0,0,0,0,0,0,1,0
41.779537523,-87.600434516,1,0,0,0,0,1,0,0,0,0,0,0,0,0,0,0,0,0,0,0,0
41.779547539,-87.602868853,1,0,0,0,0,0,0,0,0,0,0,0,0,0,0,0,1,0,1,0,0
41.77956449,-87.601651435,1,0,0,0,0,0,0,0,0,0,0,0,0,0,0,0,0,0,0,0,0
41.779566188,-87.594626703,1,0,0,0,0,0,0,0,0,0,0,0,0,1,0,0,0,0,0,0,1
41.779566747,-87.602868635,3,0,0,2,0,0,0,0,0,0,0,0,0,0,0,0,0,0,1,0,0
41.779567017,-87.593050167,1,0,0,0,0,1,0,0,0,0,0,0,0,0,0,0,0,0,0,0,1
41.779597916,-87.600437495,1,0,0,1,0,0,0,0,0,0,0,0,0,0,0,0,0,0,0,0,1
41.77960242,-87.60286823,2,0,1,0,0,0,0,0,0,0,0,0,0,0,0,0,1,0,1,0,0
41.779605286,-87.605914931,2,0,1,0,1,0,0,0,0,0,0,0,0,0,0,0,0,0,1,0,1
41.779617125,-87.600437276,1,0,0,1,0,0,0,0,0,0,0,0,0,0,0,0,0,0,0,1,0
41.779623837,-87.594629708,2,0,0,1,0,0,0,0,1,0,0,0,0,0,0,0,0,0,1,0,1
41.77962486,-87.601650748,4,0,0,2,1,0,0,0,0,0,0,0,0,0,0,0,1,0,1,1,0
41.779631054,-87.596180489,6,0,1,4,0,0,0,0,0,0,0,0,0,0,0,0,1,0,3,1,2
41.779652891,-87.59147265,1,0,0,0,0,0,0,0,1,0,0,0,0,0,0,0,0,0,0,0,0
41.779663301,-87.601653978,1,0,0,0,0,0,0,0,0,0,0,0,0,0,0,0,1,0,0,1,0
41.779664007,-87.596183778,1,0,0,0,0,1,0,0,0,0,0,0,0,0,0,0,0,0,0,1,0
41.779714416,-87.594632335,1,0,0,1,0,0,0,0,0,0,0,0,0,0,0,0,0,0,0,1,0
41.779715936,-87.600439817,1,0,1,0,0,0,0,0,0,0,0,0,0,0,0,0,0,0,0,1,0
41.779723671,-87.601653292,1,0,0,0,0,0,0,0,1,0,0,0,0,0,0,0,0,0,1,0,0
41.779731416,-87.602870433,6,0,1,1,0,2,0,0,0,0,0,2,0,0,0,0,0,0,2,2,2
41.779735144,-87.600439599,1,0,0,0,0,0,0,0,1,0,0,0,0,0,0,0,0,0,0,1,0
41.779752833,-87.594631894,3,0,0,0,1,0,0,0,1,0,0,0,0,0,0,0,1,0,1,2,0
41.779762088,-87.601652855,1,0,1,0,0,0,0,0,0,0,0,0,0,0,0,0,0,0,0,0,1
41.779762587,-87.58806901,1,0,0,0,0,0,0,0,0,0,0,0,0,0,0,0,1,0,0,0,1
41.779769321,-87.594635371,1,0,0,0,0,0,0,0,0,0,0,0,0,0,0,0,1,0,0,1,0
41.779769955,-87.605916736,7,0,1,2,1,0,0,0,0,0,0,0,0,0,0,0,3,0,2,0,2
41.77978132,-87.601656303,1,0,0,0,0,1,0,0,0,0,0,0,0,0,0,0,0,0,0,0,1
41.77978853,-87.59463515,2,0,0,0,0,0,0,0,0,0,0,1,0,0,0,0,1,0,0,0,2
41.779789164,-87.605916519,1,0,0,0,0,0,0,0,1,0,0,0,0,0,0,0,0,0,0,0,0
41.779795538,-87.600442577,1,0,1,0,0,0,0,0,0,0,0,0,0,0,0,0,0,0,0,0,1
41.779805237,-87.597238071,1,0,1,0,0,0,0,0,0,0,0,0,0,0,0,0,0,0,0,0,1
41.779808274,-87.602873227,1,0,0,0,0,0,0,0,0,0,0,0,0,0,0,0,1,0,0,0,1
41.779822481,-87.601655835,1,1,0,1,0,0,0,0,0,0,0,0,0,0,0,0,0,0,0,1,0
41.77984169,-87.601655616,1,0,0,0,0,1,0,0,0,0,0,0,0,0,0,0,0,0,0,0,1
41.77984397,-87.602876488,1,1,0,0,0,0,0,0,1,0,0,0,0,0,0,0,0,0,0,0,1
41.77986262,-87.5946343,4,0,0,0,0,0,0,0,1,0,0,0,0,0,0,0,1,0,1,1,1
41.779872827,-87.586450869,15,1,0,7,0,1,0,0,1,0,0,1,0,0,0,0,4,1,4,3,5
41.779886132,-87.599158319,1,0,0,0,0,0,0,0,0,0,0,0,0,1,0,0,0,0,0,1,0
41.779898852,-87.602875865,1,0,0,0,0,0,0,0,1,0,0,0,0,0,0,0,0,0,0,0,1
41.779930114,-87.591480454,2,0,0,0,0,0,0,0,1,0,0,0,0,0,0,0,1,0,0,0,1
41.7799566,-87.605921959,16,1,2,4,0,1,0,0,1,0,0,2,0,4,0,0,1,0,7,1,3
41.779992175,-87.602878472,1,0,0,0,0,0,0,0,0,0,0,0,0,1,0,0,0,0,1,0,0
41.779993159,-87.60044766,1,0,1,0,0,0,0,0,0,0,0,0,0,0,0,0,0,0,0,0,1
41.780006094,-87.604638171,1,0,0,0,0,0,0,0,0,0,0,0,0,1,0,0,0,0,0,1,0
41.780036279,-87.604637829,18,0,1,0,2,2,0,0,1,0,0,0,0,0,0,0,11,0,3,5,0
41.780084938,-87.594639081,1,0,0,0,0,0,0,0,0,0,0,0,0,0,0,0,1,0,0,0,1
41.780114086,-87.591496665,1,0,0,0,0,0,0,0,0,0,0,0,0,1,0,0,0,0,0,0,1
41.780155491,-87.586451255,9,1,0,3,0,1,0,0,1,0,0,0,1,0,0,0,3,0,2,2,4
41.780211432,-87.597244425,5,0,1,4,0,0,0,0,0,0,0,0,0,0,0,0,0,0,0,2,1
41.780226662,-87.596195666,1,0,0,0,0,0,0,0,0,0,0,1,0,0,0,0,0,0,0,1,0
41.780369412,-87.588967581,2,0,0,1,0,0,0,0,0,0,0,0,0,1,0,0,0,0,0,1,0
41.780415657,-87.605608794,16,2,1,6,0,4,0,0,1,0,0,1,0,2,0,0,1,0,5,2,6
41.78041724,-87.605425457,3,1,0,1,1,0,0,0,0,0,0,0,0,1,0,0,0,0,1,1,1
41.780419705,-87.605381432,1,1,0,0,0,0,0,0,0,0,1,0,0,0,0,0,0,0,0,0,1
41.780421287,-87.605198095,4,1,0,0,0,1,0,0,0,0,0,0,0,0,0,0,1,1,2,2,0
41.780423149,-87.605058751,1,0,0,0,0,1,0,0,0,0,0,0,0,0,0,0,0,0,1,0,0
41.780428242,-87.60456373,1,0,0,1,0,0,0,0,0,0,0,0,0,0,0,0,0,0,1,0,0
41.780430614,-87.604505041,1,0,0,0,0,1,0,0,0,0,0,0,0,0,0,0,0,0,1,0,0
41.780437635,-87.603881675,1,0,0,0,0,0,0,0,0,0,0,0,0,0,0,0,0,1,1,0,0
41.780437938,-87.603929334,1,1,0,0,0,0,0,0,0,0,0,1,0,0,0,0,0,0,0,0,0
41.780438077,-87.603951331,1,1,0,0,0,0,0,0,0,0,0,0,0,0,0,0,0,0,0,0,0
41.780439401,-87.603727666,22,3,6,2,0,4,3,0,0,0,0,0,0,1,0,0,3,2,8,6,5
41.780439471,-87.603738665,1,1,0,0,0,0,0,0,0,0,0,0,0,0,0,0,0,1,0,1,0
41.780439937,-87.603811987,2,0,0,1,0,0,0,0,0,0,0,1,0,0,0,0,0,0,1,1,0
41.780440958,-87.603540663,5,1,0,1,0,0,0,0,0,0,0,0,0,0,0,0,1,2,0,1,1
41.780454612,-87.602235272,10,3,1,3,0,2,1,0,0,0,0,1,0,0,0,0,0,0,1,2,2
41.780463711,-87.601509222,1,0,0,0,0,0,0,0,1,0,0,0,0,0,0,0,0,0,0,0,0
41.780516326,-87.596859633,1,0,0,0,0,0,1,0,0,0,0,0,0,0,0,0,0,0,0,0,0
41.780525476,-87.595719279,1,0,0,0,0,0,0,0,1,0,0,0,0,0,0,0,0,0,0,0,0
41.780526088,-87.595814598,1,0,0,1,0,0,0,0,0,0,0,0,0,0,0,0,0,0,1,0,0
41.780527396,-87.595590933,1,0,0,0,0,0,0,0,0,0,0,0,0,0,0,0,0,0,0,1,0
41.780542619,-87.594116866,1,1,0,0,0,0,0,0,0,0,0,1,0,0,0,0,0,0,0,0,1
41.780557398,-87.592576809,1,0,1,0,0,0,0,0,0,0,0,0,0,0,0,0,0,0,0,1,0
41.780561326,-87.59190948,1,0,0,0,0,1,0,0,0,0,0,0,0,0,0,0,0,0,1,0,0
41.780580821,-87.589830406,1,0,0,0,0,0,0,0,0,0,0,0,0,0,0,0,1,0,0,0,1
41.780581644,-87.58868648,1,0,0,0,0,1,0,0,0,0,0,0,0,0,0,0,0,0,0,0,1
41.78058339,-87.588532471,1,0,1,0,0,0,0,0,0,0,0,0,0,0,0,0,0,0,0,0,1
41.780586406,-87.588151131,1,0,0,0,0,1,0,0,0,0,0,0,0,0,0,0,0,0,0,1,0
41.780607832,-87.586801647,1,0,0,0,0,1,0,0,0,0,0,0,0,0,0,0,0,0,1,0,0
