lat,lon,Total_Crimes,Total_Arrests,ASSAULT,BATTERY,BURGLARY,Damage,Trespass,HOMICIDE,MOTOR VEHICLE THEFT,OFFENSE INVOLVING CHILDREN,OTHER NARCOTIC VIOLATION,OTHER OFFENSE,PUBLIC PEACE VIOLATION,ROBBERY,SEX OFFENSE,STALKING,THEFT,WEAPONS VIOLATION,Summer,Winter,Spring
41.99039459,-87.75151761,1,0,0,1,0,0,0,0,0,0,0,0,0,0,0,0,0,0,1,0,0
41.99039467,-87.70719991,3,0,0,1,0,0,0,0,0,0,0,0,0,1,0,0,1,0,0,0,1
41.99039761,-87.74833206,2,0,0,0,0,0,0,0,1,0,0,0,0,0,0,0,1,0,0,2,0
41.99040637,-87.70582406,1,0,0,0,0,1,0,0,0,0,0,0,0,0,0,0,0,0,0,0,0
41.99040971,-87.70493017,1,0,0,1,0,0,0,0,0,0,0,0,0,0,0,0,0,0,0,0,0
41.99040998,-87.70497799,55,15,7,2,0,1,2,0,0,0,0,0,0,1,0,0,40,0,15,14,12
41.99041317,-87.70455861,2,0,1,0,0,0,0,0,0,0,0,1,0,0,0,0,0,0,0,1,0
41.9904191,-87.70363895,2,0,0,0,0,1,0,0,0,0,0,0,0,0,0,0,0,0,1,0,0
41.99042084,-87.70345501,1,0,0,1,0,0,0,0,0,0,0,0,0,0,0,0,0,0,1,0,0
41.99042677,-87.70253534,1,0,0,0,0,0,0,0,0,0,0,0,0,0,0,0,0,0,0,0,1
41.99042779,-87.74833179,2,1,1,0,0,0,0,0,0,0,0,0,0,0,0,0,1,0,2,0,0
41.99043257,-87.70109702,1,1,0,0,0,0,0,0,0,0,0,0,0,0,0,0,0,1,0,1,0
41.99043473,-87.70099033,1,0,0,0,0,1,0,0,0,0,0,0,0,0,0,0,0,0,1,0,0
41.99043828,-87.70014057,1,0,0,0,0,0,0,0,0,0,0,0,0,0,0,0,1,0,1,0,0
41.99044283,-87.78129042,1,0,0,0,0,0,0,0,1,0,0,0,0,0,0,0,0,0,1,0,0
41.99044426,-87.74833164,1,0,0,0,0,0,0,0,0,0,0,0,0,0,0,0,1,0,0,1,0
41.99048095,-87.78811727,1,0,0,0,1,0,0,0,0,0,0,0,0,0,0,0,0,0,0,0,0
41.99048901,-87.77891375,1,0,0,0,0,0,0,0,0,0,0,1,0,0,0,0,0,0,1,0,0
41.99049755,-87.78814655,1,0,0,0,0,1,0,0,0,0,0,0,0,0,0,0,0,0,0,0,0
41.99052109,-87.74833093,1,0,0,0,0,0,0,0,0,0,0,1,0,0,0,0,0,0,1,0,0
41.99052278,-87.78136697,1,0,0,0,0,0,0,0,0,0,0,0,0,0,0,0,1,0,0,0,1
41.99052591,-87.70761428,2,0,0,1,0,0,0,0,0,0,0,0,0,0,0,0,0,0,1,0,1
41.99055035,-87.78139248,1,0,0,1,0,0,0,0,0,0,0,0,0,0,0,0,0,0,0,0,1
41.99057734,-87.77788669,1,0,0,0,0,1,0,0,0,0,0,0,0,0,0,0,0,0,0,0,1
41.99057791,-87.78141799,1,1,0,1,0,0,0,0,0,0,0,0,0,0,0,0,0,0,0,0,1
41.99062399,-87.77788629,1,1,0,1,0,0,0,0,0,0,0,0,0,0,0,0,0,0,0,0,0
41.9906505,-87.70781538,2,0,0,0,0,0,0,0,0,0,0,0,0,1,0,0,0,0,0,1,0
41.99068647,-87.7078702,2,0,0,1,0,0,0,0,1,0,0,0,0,0,0,0,0,0,1,1,0
41.99071455,-87.7778855,1,0,0,0,0,0,0,0,0,0,0,0,0,0,0,0,1,0,1,0,0
41.99072082,-87.78604793,1,0,0,0,0,0,0,0,0,0,0,0,0,0,0,0,0,0,1,0,0
41.99076115,-87.74590096,1,0,0,0,0,0,0,0,1,0,0,0,0,0,0,0,0,0,0,0,0
41.99081034,-87.77953629,1,0,1,0,0,0,0,0,0,0,0,0,0,0,0,0,0,0,0,1,0
41.99085404,-87.78578562,1,0,0,0,0,0,0,0,1,0,0,0,0,0,0,0,0,0,0,0,1
41.99090026,-87.77543771,1,0,0,0,0,0,0,0,0,0,0,0,0,0,0,0,1,0,0,0,1
41.99091441,-87.73466553,1,0,0,0,0,0,0,0,1,0,0,0,0,0,0,0,0,0,0,1,0
41.99094193,-87.72012433,1,0,0,0,0,0,0,0,0,0,0,0,0,0,0,0,0,0,0,0,1
41.99098913,-87.71766298,1,0,0,0,0,1,0,0,0,0,0,0,0,0,0,0,0,0,0,1,0
41.99100579,-87.77287658,1,0,0,0,0,0,0,0,0,0,0,0,0,0,0,0,1,0,0,0,0
41.99102483,-87.73007378,1,0,0,0,0,0,0,0,0,0,0,0,0,0,0,0,1,0,1,0,0
41.9910263,-87.70427302,1,0,0,0,0,0,0,0,0,0,0,1,0,0,0,0,0,0,0,0,0
41.99103147,-87.71278493,1,0,0,0,0,0,0,0,0,0,0,0,0,0,0,0,1,0,0,0,1
41.99104572,-87.78054583,1,0,0,0,0,1,0,0,0,0,0,0,0,0,0,0,0,0,0,0,1
41.99105726,-87.73839048,1,0,0,0,1,0,0,0,0,0,0,0,0,0,0,0,0,0,0,1,0
41.99106313,-87.78188465,1,1,0,0,0,0,1,0,0,0,0,0,0,0,0,0,0,0,0,0,0
41.99109532,-87.70184823,3,0,0,0,0,2,0,0,0,0,0,0,0,0,0,0,1,0,0,0,2
41.99113616,-87.77316235,1,0,0,0,0,0,0,0,0,0,0,0,0,0,0,0,0,0,0,1,0
41.99114071,-87.72137678,1,0,0,0,0,0,0,0,0,0,0,0,0,0,0,0,0,0,0,0,0
41.99115608,-87.71400865,1,0,0,0,0,0,0,0,0,0,0,0,0,0,0,0,1,0,1,0,0
41.99116629,-87.704279,1,0,0,0,0,0,0,0,0,0,0,0,0,0,0,0,1,0,0,0,0
41.99117379,-87.71119445,1,0,0,0,0,0,0,0,0,0,0,0,0,0,0,0,0,0,0,0,0
41.99118314,-87.70185104,1,0,0,0,0,0,0,0,1,0,0,0,0,0,0,0,0,0,0,1,0
41.99119293,-87.70063705,4,0,0,2,0,1,1,0,0,0,0,0,0,0,0,0,0,0,0,1,2
41.99120235,-87.70185085,1,0,0,0,0,0,0,0,0,0,0,0,0,0,0,0,0,0,0,0,0
41.99120977,-87.70671004,1,0,0,0,0,0,0,0,0,0,0,0,0,0,0,0,0,0,0,1,0
41.99121057,-87.72886548,1,0,1,0,0,0,0,0,0,0,0,0,0,0,0,0,0,0,0,0,0
41.99122546,-87.78944988,1,0,0,0,0,0,0,0,0,0,0,0,0,0,0,0,1,0,0,1,0
41.99122823,-87.70306449,1,1,0,0,0,0,0,0,0,0,0,0,0,0,0,0,0,0,1,0,0
41.99124509,-87.78205964,1,0,0,0,0,0,0,0,0,0,0,1,0,0,0,0,0,0,0,0,1
41.99125109,-87.75375001,1,0,0,0,0,0,0,0,0,0,0,0,0,0,0,0,1,0,0,1,0
41.99128445,-87.70883179,1,0,0,0,0,0,0,0,0,0,0,0,0,0,0,0,0,0,0,0,1
41.99129018,-87.70185366,1,0,0,1,0,0,0,0,0,0,0,0,0,0,0,0,0,0,0,1,0
41.99130133,-87.79214924,1,0,0,0,0,0,0,0,0,0,0,0,0,0,0,0,1,0,0,0,1
41.99135212,-87.70064283,1,0,1,0,0,0,0,0,0,0,0,0,0,0,0,0,0,0,0,0,1
41.99141173,-87.77905288,1,0,0,0,0,0,0,0,0,0,0,0,0,0,0,0,0,0,1,0,0
41.99141613,-87.77542953,1,0,0,0,0,0,0,0,0,0,0,0,0,0,0,0,1,0,1,0,0
41.99142786,-87.77898285,1,0,0,0,0,0,0,0,0,0,0,0,0,0,0,0,1,0,1,0,0
41.99145747,-87.77886488,1,0,0,0,0,0,0,0,0,0,0,0,0,0,0,0,1,0,0,0,1
41.99147181,-87.78989656,2,0,0,1,0,0,0,0,0,0,0,1,0,0,0,0,0,0,0,0,2
41.99150344,-87.70671819,1,0,0,1,0,0,0,0,0,0,0,0,0,0,0,0,0,0,1,0,0
41.99151393,-87.7808986,1,0,0,0,0,0,0,0,0,0,0,0,0,1,0,0,0,0,0,1,0
41.99152831,-87.78274876,1,0,0,0,0,0,0,0,1,0,0,0,0,0,0,0,0,0,0,1,0
41.99155849,-87.7827485,1,0,0,0,0,0,0,0,0,0,0,0,0,0,0,0,1,0,1,0,0
41.99156494,-87.78237691,2,0,0,0,2,0,0,0,0,0,0,0,0,0,0,0,0,0,1,0,0
41.99159517,-87.70793855,15,1,6,1,0,2,0,0,0,0,0,2,0,0,0,0,0,0,4,4,4
41.99162033,-87.7055105,1,0,0,0,0,0,0,0,0,0,0,0,0,0,0,0,1,0,0,0,1
41.99163671,-87.75457785,1,0,0,0,0,0,0,0,0,0,0,0,0,0,0,0,0,0,0,1,0
41.99166049,-87.74254525,1,0,0,0,0,0,0,0,0,0,0,1,0,0,0,0,0,0,0,1,0
41.99169993,-87.7055134,1,0,0,0,0,1,0,0,0,0,0,0,0,0,0,0,0,0,1,0,0
41.99172883,-87.78623425,1,0,0,0,0,1,0,0,0,0,0,0,0,0,0,0,0,0,0,0,0
41.99177703,-87.75247615,1,1,0,0,0,0,1,0,0,0,0,0,0,0,0,0,0,0,0,0,1
41.99179205,-87.75490751,1,0,0,0,0,0,0,0,1,0,0,0,0,0,0,0,0,0,1,0,0
41.99179714,-87.70673003,1,0,0,0,0,0,0,0,0,0,0,0,0,0,1,0,0,0,0,0,1
41.99180697,-87.70551602,1,0,0,1,0,0,0,0,0,0,0,0,0,0,0,0,0,0,1,0,0
41.99181086,-87.74833016,1,0,0,0,0,0,0,0,0,0,0,1,0,0,0,0,0,0,0,1,0
41.99183375,-87.78063834,1,0,0,0,0,0,0,0,1,0,0,0,0,0,0,0,0,0,0,0,1
41.99184102,-87.78386801,1,0,0,0,0,0,0,0,0,0,0,0,0,0,0,0,1,0,1,0,0
41.99185232,-87.73665786,1,0,0,0,0,0,0,0,0,0,0,0,0,0,0,0,0,0,0,0,1
41.99186025,-87.74832971,2,1,0,0,0,2,0,0,0,0,0,0,0,0,0,0,0,0,0,1,1
41.99187276,-87.74380134,1,0,0,0,0,0,0,0,0,0,0,0,0,0,0,0,1,0,1,0,0
41.99187674,-87.70673292,1,0,0,0,0,0,0,0,0,0,0,1,0,0,0,0,0,0,0,0,1
41.99188805,-87.75381044,1,0,0,0,1,0,0,0,0,0,0,0,0,0,0,0,0,0,0,1,0
41.99191737,-87.7296791,1,0,0,0,0,0,0,0,0,0,0,0,0,0,0,0,1,0,0,1,0
41.99191904,-87.73418895,1,0,0,0,0,0,0,0,0,0,0,0,0,0,0,0,1,0,0,0,0
41.99192452,-87.70794637,1,0,0,0,0,0,0,0,1,0,0,0,0,0,0,0,0,0,0,0,0
41.99193183,-87.72669569,1,0,0,0,0,0,0,0,0,0,0,0,0,0,0,0,0,1,0,1,0
41.99200425,-87.71710878,1,0,0,0,0,0,0,0,0,0,0,0,0,0,0,0,1,0,1,0,0
41.99201393,-87.73924603,1,0,0,0,0,0,0,0,1,0,0,0,0,0,0,0,0,0,0,1,0
41.99202651,-87.71004948,8,0,2,1,0,1,0,0,0,0,0,0,0,0,0,0,3,0,5,1,1
41.99205696,-87.710097,6,0,0,1,0,1,2,0,1,0,0,0,0,0,0,0,1,0,3,2,1
41.99207403,-87.73919397,2,0,0,0,0,0,0,0,0,0,0,0,0,0,0,0,2,0,1,0,0
41.99214213,-87.78543247,1,0,0,0,0,0,0,0,0,0,0,1,0,0,0,0,0,0,0,0,0
41.9921528,-87.70552734,1,1,0,1,0,0,0,0,0,0,0,0,0,0,0,0,0,0,0,0,1
41.99216415,-87.70259176,1,0,0,0,0,0,0,0,0,0,0,0,0,0,0,0,1,0,1,0,0
41.99217334,-87.7759563,1,0,0,0,0,0,0,0,1,0,0,0,0,0,0,0,0,0,1,0,0
41.99217486,-87.70104667,1,0,0,0,0,1,0,0,0,0,0,0,0,0,0,0,0,0,0,0,1
41.99217503,-87.74068283,1,0,0,0,0,0,0,0,1,0,0,0,0,0,0,0,0,0,1,0,0
41.99217504,-87.70107978,2,1,0,0,0,0,0,0,0,0,0,1,0,0,0,0,1,0,1,1,0
41.99218113,-87.70019319,1,0,0,0,0,1,0,0,0,0,0,0,0,0,0,0,0,0,0,0,0
41.99218317,-87.70006442,1,0,0,0,0,0,0,0,0,0,0,0,0,0,0,0,1,0,1,0,0
41.99218606,-87.77971933,1,0,0,0,0,0,0,0,1,0,0,0,0,0,0,0,0,0,0,1,0
41.99220131,-87.78864333,1,0,0,0,1,0,0,0,0,0,0,0,0,0,0,0,0,0,0,1,0
41.99223688,-87.71038218,2,0,0,1,0,0,0,0,0,0,0,0,0,0,1,0,0,0,0,1,0
41.99224282,-87.78871655,1,0,0,0,0,0,0,0,0,0,0,0,0,0,0,0,0,0,0,1,0
41.99225901,-87.71041507,4,1,0,1,0,1,0,0,0,0,0,0,0,1,0,0,1,0,2,0,1
41.99225984,-87.70552996,1,0,1,0,0,0,0,0,0,0,0,0,0,0,0,0,0,0,0,1,0
41.99226221,-87.78875317,1,0,0,0,0,0,1,0,0,0,0,0,0,0,0,0,0,0,0,0,1
41.99228094,-87.77947573,1,0,0,0,0,1,0,0,0,0,0,0,0,0,0,0,0,0,0,0,1
41.99228945,-87.78238538,1,0,1,0,0,0,0,0,0,0,0,0,0,0,0,0,0,0,0,0,0
41.99229103,-87.79136468,2,0,0,0,0,0,0,0,0,0,0,0,0,0,0,0,1,0,0,1,0
41.99229776,-87.71047722,2,0,0,0,0,1,1,0,0,0,0,0,0,0,0,0,0,0,1,0,0
41.99230755,-87.74832929,3,1,0,2,0,1,0,0,0,0,0,0,0,0,0,0,0,0,1,1,1
41.99233654,-87.78247694,4,1,1,2,0,0,0,0,0,0,0,0,0,0,0,0,1,0,1,0,1
41.99235711,-87.75485825,1,0,0,0,0,0,0,0,0,0,0,0,0,0,0,0,1,0,0,1,0
41.99236043,-87.728873,1,0,0,1,0,0,0,0,0,0,0,0,0,0,0,0,0,0,0,0,0
41.99239788,-87.73130048,1,0,0,0,0,0,0,0,1,0,0,0,0,0,0,0,0,0,1,0,0
41.99239875,-87.73251439,1,0,0,0,0,0,0,0,0,0,0,0,0,0,0,0,0,0,0,0,1
41.9924103,-87.72016541,1,0,0,0,0,0,0,0,0,0,0,0,0,1,0,0,0,0,0,0,0
41.99241608,-87.73372815,1,0,0,0,0,0,0,0,1,0,0,0,0,0,0,0,0,0,0,0,1
41.99243529,-87.73372797,1,0,0,0,0,0,0,0,1,0,0,0,0,0,0,0,0,0,0,1,0
41.99244296,-87.74475618,1,0,0,0,0,0,0,0,0,0,0,1,0,0,0,0,0,0,0,1,0
41.99250485,-87.70919507,1,0,0,0,0,1,0,0,0,0,0,0,0,0,0,0,0,0,0,1,0
41.99250588,-87.7288753,1,0,1,0,0,0,0,0,0,0,0,0,0,0,0,0,0,0,1,0,0
41.99254126,-87.7361585,1,0,0,0,1,0,0,0,0,0,0,0,0,0,0,0,0,0,0,0,1
41.99254156,-87.72887496,1,0,0,0,0,0,0,0,0,0,0,0,0,0,0,0,0,0,1,0,0
41.99254192,-87.71147541,1,0,0,0,0,0,0,0,0,0,0,0,0,0,0,0,1,0,0,0,1
41.99256832,-87.78676046,2,0,0,0,0,0,0,0,0,0,0,0,0,0,0,0,1,0,0,1,1
41.99259526,-87.78035218,1,0,0,0,0,0,0,0,0,0,0,0,0,0,0,0,0,0,0,0,1
41.99259808,-87.72141432,1,0,0,1,0,0,0,0,0,0,0,0,0,0,0,0,0,0,0,0,1
41.99260362,-87.7276347,1,0,0,0,0,0,0,0,0,0,0,0,0,0,0,0,0,0,0,0,1
41.99261065,-87.72017084,1,0,0,0,0,0,0,0,0,0,0,0,0,0,0,0,1,0,0,1,0
41.99262566,-87.70068539,4,1,0,1,0,1,0,0,1,0,0,1,0,0,0,0,0,0,1,1,2
41.99263476,-87.73251585,3,0,0,0,0,0,0,0,0,0,0,2,0,0,0,0,1,0,0,3,0
41.99265131,-87.7164919,1,0,0,0,0,0,0,0,0,0,0,0,0,0,0,0,1,0,0,0,1
41.99266804,-87.70190257,2,0,0,0,0,0,0,0,1,0,0,0,0,0,0,0,0,0,1,1,0
41.99266989,-87.78160592,1,0,0,0,0,0,0,0,0,0,0,0,0,0,0,0,1,0,1,0,0
41.99268056,-87.70068853,1,1,0,1,0,0,0,0,0,0,0,0,0,0,0,0,0,0,0,0,0
41.99268213,-87.71406007,1,0,0,0,0,0,0,0,0,0,0,0,0,0,0,0,1,0,0,0,1
41.99268397,-87.73616084,1,0,0,0,0,0,0,0,1,0,0,0,0,0,0,0,0,0,0,0,1
41.9926886,-87.73494319,1,0,0,0,0,0,0,0,1,0,0,0,0,0,0,0,0,0,0,1,0
41.99269459,-87.78160571,2,0,0,0,0,0,0,0,1,0,0,0,0,0,0,0,1,0,0,0,1
41.99270697,-87.7337291,1,0,0,0,0,0,0,0,0,0,0,0,0,0,0,0,0,0,0,0,1
41.99271623,-87.70068817,2,0,0,1,0,0,0,0,0,0,0,1,0,0,0,0,0,0,0,0,1
41.99271733,-87.77835366,1,0,0,0,0,0,0,0,0,0,0,0,0,0,0,0,1,0,0,0,1
41.99271769,-87.72017349,1,0,0,0,0,0,0,0,0,0,0,0,0,0,0,0,1,0,1,0,0
41.99272268,-87.72887692,7,1,0,1,0,0,0,0,1,0,0,0,0,0,0,0,4,0,2,2,1
41.99272317,-87.78355878,1,0,0,0,0,0,0,0,0,0,0,0,0,0,0,0,0,0,1,0,0
41.99273246,-87.78035099,1,0,0,1,0,0,0,0,0,0,0,0,0,0,0,0,0,0,0,0,0
41.99273546,-87.70069166,1,0,0,0,0,0,0,0,0,0,0,1,0,0,0,0,0,0,0,0,0
41.99274264,-87.73372876,1,0,0,0,0,0,0,0,0,0,0,0,0,0,0,0,0,0,0,1,0
41.99275441,-87.7803508,2,0,0,1,0,0,0,0,0,0,0,0,0,0,0,0,1,0,1,1,0
41.9927727,-87.71406287,3,0,0,0,1,0,0,0,1,0,0,0,0,0,0,0,1,0,1,0,0
41.99277811,-87.73737757,1,0,0,0,0,1,0,0,0,0,0,0,0,0,0,0,0,0,1,0,0
41.9927824,-87.78160495,1,0,0,0,0,0,0,0,1,0,0,0,0,0,0,0,0,0,0,0,1
41.99279298,-87.71528028,1,0,0,0,0,0,0,0,1,0,0,0,0,0,0,0,0,0,0,0,0
41.99280161,-87.71893301,1,0,0,0,0,0,0,0,0,0,0,0,0,0,0,0,0,0,1,0,0
41.99281111,-87.72639306,1,0,0,0,0,0,0,0,1,0,0,0,0,0,0,0,0,0,0,1,0
41.99282866,-87.71527993,1,0,0,0,0,0,0,0,0,0,0,0,0,0,0,0,1,0,0,0,1
41.99284407,-87.71406586,1,0,1,0,0,0,0,0,0,0,0,0,0,0,0,0,0,0,1,0,0
41.99284589,-87.73616301,1,0,0,0,0,1,0,0,0,0,0,0,0,0,0,0,0,0,1,0,0
41.99284892,-87.71649734,1,0,0,0,0,1,0,0,0,0,0,0,0,0,0,0,0,0,0,1,0
41.99285193,-87.70190811,2,0,0,0,0,0,0,0,0,0,0,0,0,0,0,0,2,0,0,0,1
41.99285647,-87.75158348,1,0,1,0,0,0,0,0,0,0,0,0,0,0,0,0,0,0,0,0,0
41.99286769,-87.72515652,1,0,0,0,0,0,0,0,0,0,0,0,0,0,0,0,1,0,1,0,0
41.99287506,-87.70312181,1,0,0,0,0,0,0,0,0,0,0,0,0,0,1,0,0,0,0,0,1
41.99287668,-87.78754871,1,0,0,1,0,0,0,0,0,0,0,0,0,0,0,0,0,0,0,0,1
41.99290547,-87.78610279,1,0,0,0,0,0,0,0,1,0,0,0,0,0,0,0,0,0,0,0,0
41.99291357,-87.78034942,1,0,0,0,0,0,0,0,0,0,0,0,0,0,0,0,0,0,0,0,1
41.99292029,-87.71650033,1,0,0,0,0,0,0,0,0,0,0,0,0,0,0,0,1,0,0,0,1
41.99292327,-87.70190741,1,0,0,0,0,0,0,0,0,0,0,0,0,0,0,0,1,0,1,0,0
41.99293846,-87.71528623,1,0,0,0,0,0,0,0,0,0,0,0,0,0,0,0,0,0,0,1,0
41.99299403,-87.74572593,1,0,0,0,0,1,0,0,0,0,0,0,0,0,0,0,0,0,0,0,1
41.99300152,-87.70767832,1,0,0,0,0,0,0,0,0,0,0,0,0,0,0,0,0,1,1,0,0
41.99300308,-87.70746127,1,0,0,0,1,0,0,0,0,0,0,0,0,0,0,0,0,0,0,1,0
41.9930103,-87.74141448,1,0,0,0,0,0,0,0,0,0,0,0,0,0,0,0,1,0,0,0,1
41.99301218,-87.70611114,1,0,0,0,0,0,0,0,0,0,0,0,0,0,0,0,1,0,0,0,0
41.99301404,-87.70594927,1,0,0,0,0,0,0,0,1,0,0,0,0,0,0,0,0,0,0,0,1
41.99305228,-87.7858146,1,0,0,0,0,1,0,0,0,0,0,0,0,0,0,0,0,0,0,1,0
41.99306875,-87.70191333,1,0,0,0,0,0,0,0,1,0,0,0,0,0,0,0,0,0,1,0,0
41.99307217,-87.77909365,1,0,0,0,0,0,0,0,0,0,0,0,0,1,0,0,0,0,1,0,0
41.99307949,-87.78576654,1,0,0,0,0,0,0,0,0,1,0,0,0,0,0,0,0,0,1,0,0
41.99310899,-87.71180096,1,1,0,0,0,0,0,0,0,0,0,1,0,0,0,0,0,0,1,0,0
41.9931192,-87.738592,1,0,0,0,0,1,0,0,0,0,0,0,0,0,0,0,0,0,1,0,0
41.99311939,-87.78035132,1,0,0,0,0,1,0,0,0,0,0,0,0,0,0,0,0,0,0,1,0
41.99313112,-87.71183385,9,1,0,1,0,0,0,0,0,0,0,0,0,0,0,0,8,0,2,2,1
41.99315174,-87.77909296,1,1,0,1,0,0,0,0,0,0,0,0,0,0,0,0,0,0,0,1,0
41.99315833,-87.78561137,1,0,0,0,0,0,0,0,0,0,0,0,0,0,0,0,1,0,0,1,0
41.99317222,-87.76531646,1,0,1,0,0,0,0,0,0,0,0,0,0,0,0,0,0,0,1,0,0
41.99319232,-87.75559744,1,0,0,0,0,0,0,0,0,0,0,0,0,0,0,0,1,0,1,0,0
41.99322438,-87.70677856,1,0,0,0,0,0,0,0,1,0,0,0,0,0,0,0,0,0,0,1,0
41.99322802,-87.71199109,2,0,1,0,0,0,0,0,1,0,0,0,0,0,0,0,0,0,2,0,0
41.99323561,-87.78398109,1,0,0,0,0,1,0,0,0,0,0,0,0,0,0,0,0,0,0,1,0
41.99324357,-87.78910898,2,2,0,2,0,0,0,0,0,0,0,0,0,0,0,0,0,0,2,0,0
41.9932459,-87.70921726,1,0,1,0,0,0,0,0,0,0,0,0,0,0,0,0,0,0,1,0,0
41.99325053,-87.7790921,1,0,0,0,0,0,0,0,0,0,0,1,0,0,0,0,0,0,0,0,0
41.99325077,-87.78543032,1,0,0,0,0,0,0,0,0,0,0,1,0,0,0,0,0,0,0,0,0
41.9932535,-87.78542662,1,0,0,0,0,0,0,0,0,0,0,0,0,0,0,0,1,0,0,1,0
41.99325413,-87.70921718,1,0,0,0,0,0,0,0,1,0,0,0,0,0,0,0,0,0,0,1,0
41.99326679,-87.71205693,4,0,0,0,2,1,0,0,0,0,0,0,0,0,0,0,1,0,2,0,0
41.99328159,-87.70922059,1,0,0,1,0,0,0,0,0,0,0,0,0,0,0,0,0,0,0,1,0
41.99328246,-87.78402115,1,0,0,0,0,0,0,0,0,0,0,0,0,0,0,0,0,0,0,0,0
41.99329345,-87.78402473,2,1,0,0,0,1,0,0,0,0,0,0,0,0,0,0,1,0,0,0,2
41.99330555,-87.71211909,2,0,0,1,0,0,0,0,0,0,0,0,0,0,0,0,1,0,0,2,0
41.99331549,-87.78404294,1,0,0,1,0,0,0,0,0,0,0,0,0,0,0,0,0,0,0,1,0
41.99332363,-87.7043534,1,0,0,0,0,0,0,0,0,0,0,1,0,0,0,0,0,0,0,0,1
41.99334041,-87.78754107,1,0,0,1,0,0,0,0,0,0,0,0,0,0,0,0,0,0,0,0,0
41.99341381,-87.72516235,1,0,0,0,0,0,0,0,1,0,0,0,0,0,0,0,0,0,0,0,1
41.99352138,-87.76767134,1,0,0,0,0,0,0,0,0,0,0,0,0,0,0,0,0,1,0,0,0
41.99357066,-87.704362,1,0,0,0,0,1,0,0,0,0,0,0,0,0,0,0,0,0,0,0,0
41.99362066,-87.7437705,1,0,0,0,0,0,0,0,0,0,0,0,0,0,0,0,1,0,0,0,0
41.99365336,-87.75233769,1,0,0,0,0,0,0,0,0,0,0,0,0,1,0,0,0,0,0,0,1
41.99365867,-87.73943306,1,0,0,0,0,0,0,0,1,0,0,0,0,0,0,0,0,0,0,0,1
41.99370817,-87.79276893,2,0,0,1,0,0,0,0,0,0,0,0,0,0,0,0,1,0,0,0,0
41.99371493,-87.79071252,1,0,0,0,0,0,0,0,0,0,0,0,0,0,0,0,0,0,0,0,0
41.99371553,-87.72461873,2,0,0,0,0,0,0,0,0,0,0,0,0,0,0,0,1,0,0,1,0
41.9937269,-87.72159479,1,0,0,0,0,0,0,0,0,0,0,0,0,0,0,0,0,1,1,0,0
41.99372805,-87.74975094,3,1,0,3,0,0,0,0,0,0,0,0,0,0,0,0,0,0,0,1,2
41.99373078,-87.74223917,1,0,0,0,0,0,1,0,0,0,0,0,0,0,0,0,0,0,1,0,0
41.99373182,-87.74833464,1,0,1,0,0,0,0,0,0,0,0,0,0,0,0,0,0,0,0,1,0
41.99375772,-87.7181182,3,0,0,0,1,0,0,0,0,0,0,0,0,0,0,0,2,0,0,0,1
41.99383611,-87.74833736,2,0,0,0,0,0,0,0,0,0,0,0,0,0,0,0,2,0,0,1,0
41.99384443,-87.75648913,1,0,0,0,0,0,0,0,0,0,0,0,0,0,0,0,0,0,0,0,0
41.99384816,-87.71299668,1,0,0,0,0,0,0,0,0,0,0,0,0,0,0,0,1,0,0,1,0
41.99388868,-87.70480766,1,0,0,0,0,0,0,0,0,0,0,0,0,0,0,0,0,0,0,0,1
41.99389072,-87.70467889,1,0,0,0,0,0,0,0,0,0,0,0,0,0,0,0,1,0,0,1,0
41.99391569,-87.74833663,1,0,0,0,0,0,0,0,1,0,0,0,0,0,0,0,0,0,0,0,0
41.99394042,-87.7027324,1,0,0,0,0,0,0,0,0,0,0,0,0,0,0,0,0,0,1,0,0
41.99396156,-87.70108785,1,0,1,0,0,0,0,0,0,0,0,0,0,0,0,0,0,0,0,1,0
41.99396817,-87.70029688,1,0,0,0,0,0,0,0,0,0,0,1,0,0,0,0,0,0,1,0,0
41.99398003,-87.75780853,1,0,0,0,0,0,0,0,0,0,0,0,0,0,0,0,0,0,0,1,0
41.99398308,-87.71409896,2,0,0,0,0,0,0,0,0,0,0,0,0,0,0,0,2,0,1,0,0
41.99399239,-87.78614865,1,0,0,0,0,0,0,0,0,1,0,0,0,0,0,0,0,0,0,1,0
41.99401984,-87.71328195,71,1,2,0,0,0,0,0,0,0,0,0,0,0,0,0,69,0,26,8,15
41.99401997,-87.74833568,1,0,0,0,0,0,0,0,1,0,0,0,0,0,0,0,0,0,0,1,0
41.99404048,-87.75345984,1,0,0,0,0,0,0,0,0,0,0,0,0,0,0,0,0,0,1,0,0
41.99405227,-87.7386017,1,0,0,1,0,0,0,0,0,0,0,0,0,0,0,0,0,0,1,0,0
41.99407485,-87.74833518,1,0,0,0,0,0,0,0,0,0,0,1,0,0,0,0,0,0,0,0,1
41.99409182,-87.71339896,1,0,0,0,0,1,0,0,0,0,0,0,0,0,0,0,0,0,0,0,1
41.99410383,-87.73374174,1,0,0,0,0,0,0,0,0,0,0,0,0,0,0,0,1,0,0,0,1
41.99410568,-87.71342458,2,1,0,0,0,0,0,0,0,0,0,0,1,0,0,0,1,0,1,0,0
41.99411215,-87.78479389,1,0,0,1,0,0,0,0,0,0,0,0,0,0,0,0,0,0,0,1,0
41.99413612,-87.71347211,4,0,2,0,0,0,0,0,0,0,0,0,0,0,0,0,2,0,2,1,1
41.99413846,-87.73617299,1,0,0,0,0,0,0,0,0,0,0,0,0,0,0,0,0,0,1,0,0
41.99414127,-87.75767465,1,0,0,0,0,0,0,0,0,0,0,0,0,0,0,0,1,0,1,0,0
41.99416935,-87.75999562,2,0,0,0,0,1,0,0,0,0,0,0,0,0,0,0,1,0,0,2,0
41.99417127,-87.72517354,1,0,0,0,0,1,0,0,0,0,0,0,0,0,0,0,0,0,0,1,0
41.9941904,-87.71897484,1,0,0,0,0,0,0,0,0,0,0,0,0,0,0,0,0,1,1,0,0
41.99419141,-87.73738645,1,0,0,0,0,0,0,0,0,0,0,0,0,0,0,0,1,0,1,0,0
41.99420253,-87.72641294,1,0,0,0,0,0,0,0,1,0,0,0,0,0,0,0,0,0,0,0,1
41.99421411,-87.7239371,2,0,1,0,0,0,0,0,1,0,0,0,0,0,0,0,0,0,0,0,1
41.9942453,-87.71897799,1,0,0,0,0,0,0,0,0,0,0,0,0,0,0,1,0,0,0,0,0
41.99425647,-87.73617557,1,0,0,0,0,0,0,0,0,0,0,0,0,0,0,0,1,0,1,0,0
41.99425872,-87.74833717,1,0,0,0,0,0,0,0,0,0,0,0,0,1,0,0,0,0,0,0,1
41.99426137,-87.71532493,1,0,0,0,0,0,0,0,0,0,0,0,0,0,0,0,0,0,1,0,0
41.99426373,-87.78035245,1,0,0,0,0,0,0,0,0,0,0,0,0,0,0,0,1,0,0,0,1
41.99426622,-87.71368053,1,0,0,0,0,0,0,0,1,0,0,0,0,0,0,0,0,0,1,0,0
41.99427773,-87.72145341,1,0,0,0,0,0,0,0,0,0,0,1,0,0,0,0,0,0,0,0,0
41.99428616,-87.74833692,2,0,0,0,0,0,0,0,1,0,0,0,0,0,0,0,1,0,0,1,1
41.99429164,-87.70925486,2,0,0,0,0,0,0,0,0,0,0,0,0,0,0,0,2,0,0,1,0
41.99430468,-87.72393992,1,0,0,0,0,0,0,0,0,0,0,1,0,0,0,0,0,0,1,0,0
41.99430679,-87.72021342,1,0,0,0,0,0,0,0,0,0,0,0,0,0,0,0,1,0,0,1,0
41.99431609,-87.72765157,1,0,0,0,0,0,0,0,0,0,0,0,0,0,0,0,0,0,1,0,0
41.99432877,-87.72641542,1,0,0,0,0,0,0,0,1,0,0,0,0,0,0,0,0,0,0,0,1
41.99433233,-87.78035185,1,0,0,0,0,0,0,0,0,0,0,0,0,0,0,0,1,0,0,0,1
41.9943353,-87.72765139,1,0,0,0,0,0,0,0,0,0,0,0,0,0,0,0,1,0,0,1,0
41.99433722,-87.73010135,1,0,0,0,0,0,0,0,0,0,0,0,0,0,1,0,0,0,0,1,0
41.994339,-87.73253293,1,0,0,0,0,0,0,0,0,0,0,0,0,0,0,0,1,0,1,0,0
41.99435281,-87.72889093,1,0,0,0,0,0,0,0,0,0,0,1,0,0,0,0,0,0,0,0,1
41.99435289,-87.70438741,1,0,0,1,0,0,0,0,0,0,0,0,0,0,0,0,0,0,0,1,0
41.99435459,-87.73131883,1,0,0,0,0,0,0,0,0,0,0,0,0,0,0,0,1,0,0,1,0
41.99435519,-87.70681529,1,0,0,0,1,0,0,0,0,0,0,0,0,0,0,0,0,0,0,1,0
41.99435849,-87.71654531,1,0,0,0,0,0,0,0,1,0,0,0,0,0,0,0,0,0,0,0,0
41.99436299,-87.74833622,1,0,0,0,0,0,0,0,0,0,0,0,0,0,0,0,1,0,1,0,0
41.99436502,-87.71776288,1,0,0,0,0,0,0,0,1,0,0,0,0,0,0,0,0,0,0,1,0
41.99436706,-87.75892336,1,0,0,0,0,0,0,0,0,0,0,0,0,0,0,0,0,0,0,0,1
41.99438191,-87.70317316,1,0,0,0,0,0,0,0,1,0,0,0,0,0,0,0,0,0,1,0,0
41.99439175,-87.73738826,1,0,0,0,0,0,0,0,1,0,0,0,0,0,0,0,0,0,0,0,1
41.99439986,-87.75889731,1,0,0,0,0,0,0,0,0,0,0,0,0,0,0,0,0,0,0,1,0
41.99440779,-87.70439054,1,0,0,1,0,0,0,0,0,0,0,0,0,0,0,0,0,0,0,0,0
41.99441365,-87.70195889,2,0,0,1,0,0,0,0,0,0,0,0,0,0,0,0,0,0,0,2,0
41.99442227,-87.75135953,1,0,0,0,0,0,0,0,0,0,0,0,0,0,0,0,1,0,0,0,0
41.99442319,-87.73131818,1,0,0,0,0,0,0,0,0,0,0,0,0,0,0,0,0,0,0,0,1
41.99442675,-87.78286724,3,0,0,0,0,0,0,0,0,0,0,0,0,0,0,0,3,0,2,0,1
41.99443581,-87.72641808,1,0,0,0,0,0,0,0,0,0,0,0,0,0,0,0,0,0,1,0,0
41.99443679,-87.70317262,1,0,0,1,0,0,0,0,0,0,0,0,0,0,0,0,0,0,0,0,1
41.99444053,-87.73253197,1,0,0,0,0,0,0,0,0,0,0,0,0,0,0,0,1,0,0,1,0
41.99444259,-87.74833917,1,1,0,0,0,0,0,0,1,0,0,0,0,0,0,0,0,0,0,0,0
41.99445207,-87.70195851,3,0,0,1,0,0,0,0,0,0,0,0,0,0,0,0,1,0,0,0,3
41.99446111,-87.70560766,1,0,0,0,0,0,0,0,0,0,0,1,0,0,0,0,0,0,1,0,0
41.99446827,-87.71654792,1,0,0,0,0,0,0,0,0,0,0,0,0,0,0,0,1,0,1,0,0
41.99447248,-87.70317595,2,0,0,0,0,0,0,0,0,0,0,0,0,0,0,0,0,0,0,0,2
41.99447285,-87.78160874,1,0,0,0,0,1,0,0,0,0,0,0,0,0,0,0,0,0,0,0,1
41.99447774,-87.76517242,1,1,0,0,0,0,0,0,0,0,0,0,0,0,0,0,0,1,0,0,1
41.99448794,-87.72021904,1,0,0,0,0,0,0,0,0,0,0,0,0,0,0,0,1,0,0,1,0
41.99448994,-87.73253519,1,0,0,0,0,1,0,0,0,0,0,0,0,0,0,0,0,0,0,0,1
41.994492,-87.70926026,1,0,0,0,0,1,0,0,0,0,0,0,0,0,0,0,0,0,1,0,0
41.99449415,-87.74446874,1,1,1,0,0,0,0,0,0,0,0,0,0,0,0,0,0,0,0,0,1
41.99449678,-87.7056073,3,0,0,1,0,0,0,0,0,0,0,0,0,0,0,0,2,0,1,1,0
41.99450727,-87.70803144,1,0,0,0,0,0,0,0,0,0,0,0,0,0,0,0,1,0,0,0,0
41.99451988,-87.70682104,2,0,1,0,0,0,0,0,0,0,0,0,0,0,0,0,1,0,0,1,0
41.99452287,-87.73253488,1,0,0,0,1,0,0,0,0,0,0,0,0,0,0,0,0,0,1,0,0
41.99452344,-87.70196149,1,0,0,1,0,0,0,0,0,0,0,0,0,0,0,0,0,0,0,1,0
41.99452736,-87.70317541,3,0,0,1,1,0,0,0,1,0,0,0,0,0,0,0,0,0,1,0,0
41.99453871,-87.70074738,1,0,0,0,0,0,0,0,1,0,0,0,0,0,0,0,0,0,0,0,0
41.99455038,-87.72888906,1,0,0,0,0,0,0,0,0,0,0,0,0,0,0,0,1,0,0,0,1
41.99457714,-87.70075067,1,0,0,0,0,0,0,0,1,0,0,0,0,0,0,0,0,0,0,0,1
41.99457834,-87.70196462,2,0,1,0,0,0,0,0,1,0,0,0,0,0,0,0,0,0,0,1,0
41.99459873,-87.70317838,1,0,1,0,0,0,0,0,0,0,0,0,0,0,0,0,0,0,0,0,1
41.99461616,-87.74955154,1,0,1,0,0,0,0,0,0,0,0,0,0,0,0,0,0,0,0,1,0
41.99461752,-87.7177678,1,0,0,0,0,1,0,0,0,0,0,0,0,0,0,0,0,0,1,0,0
41.99461867,-87.79032227,1,0,0,0,0,0,0,0,0,0,0,0,0,0,0,0,0,0,0,0,1
41.99462966,-87.70682364,1,0,0,0,0,0,0,0,0,0,0,0,0,0,0,0,0,0,0,1,0
41.99463202,-87.70075013,1,0,0,0,0,1,0,0,0,0,0,0,0,0,0,0,0,0,0,1,0
41.99463322,-87.70196408,2,0,0,0,0,1,0,1,0,0,0,0,0,0,0,0,0,0,1,0,1
41.99463716,-87.70318168,1,0,0,1,0,0,0,0,0,0,0,0,0,0,0,0,0,0,0,0,0
41.99463747,-87.7092662,1,0,0,0,0,0,0,0,0,0,0,0,0,0,0,0,0,0,1,0,0
41.99464849,-87.70074997,2,0,1,0,0,0,0,0,0,0,0,0,0,0,0,0,1,0,0,0,1
41.99465732,-87.74955116,1,0,0,0,0,0,0,0,0,0,0,0,0,0,0,0,1,0,1,0,0
41.99466305,-87.70439907,1,0,0,1,0,0,0,0,0,0,0,0,0,0,0,0,0,0,0,1,0
41.9946762,-87.71898856,1,0,1,0,0,0,0,0,0,0,0,0,0,0,0,0,0,0,0,0,1
41.99468132,-87.74833698,1,0,0,0,0,0,0,0,0,0,0,0,0,0,0,0,1,0,0,1,0
41.99468226,-87.70439888,1,0,0,0,0,1,0,0,0,0,0,0,0,0,0,0,0,0,0,1,0
41.99468456,-87.70682678,1,0,0,0,0,0,0,0,0,0,0,0,0,0,0,0,1,0,0,0,0
41.9946893,-87.70318117,1,0,0,0,0,1,0,0,0,0,0,0,0,0,0,0,0,0,1,0,0
41.99469237,-87.70926934,1,0,0,0,0,0,0,0,0,0,0,0,0,0,0,0,1,0,1,0,0
41.9946985,-87.74955447,1,0,0,0,0,0,1,0,0,0,0,0,0,0,0,0,0,0,0,0,0
41.99470147,-87.70439869,2,1,0,0,1,0,0,0,0,0,0,0,0,1,0,0,0,0,1,1,0
41.99470377,-87.70682659,1,0,0,0,0,0,0,0,1,0,0,0,0,0,0,0,0,0,0,0,1
41.99470733,-87.70196703,1,0,0,0,0,0,0,0,0,0,0,0,0,0,0,0,0,0,0,1,0
41.99470851,-87.70318098,1,0,0,0,1,0,0,0,0,0,0,0,0,0,0,0,0,0,0,0,0
41.9947226,-87.70075291,1,0,0,1,0,0,0,0,0,0,0,0,0,0,0,0,0,0,0,0,0
41.99472411,-87.70804035,1,0,0,0,0,0,0,0,0,0,0,1,0,0,0,0,0,0,0,0,0
41.99473908,-87.70075643,1,0,0,0,0,0,0,0,0,0,0,0,0,0,0,0,0,0,0,1,0
41.99475899,-87.7144777,36,10,3,2,0,2,3,0,0,0,0,0,0,1,0,0,25,0,7,8,9
41.99477045,-87.78645468,1,0,0,0,0,0,0,0,0,0,0,0,0,0,0,0,0,0,0,0,0
41.9947775,-87.70075605,2,0,0,1,0,0,0,0,0,0,0,0,0,0,0,0,1,0,0,0,2
41.99479792,-87.70197349,3,0,0,1,0,0,0,0,0,0,0,0,0,0,0,0,1,0,1,1,0
41.99480861,-87.71655935,1,0,0,0,0,0,0,0,0,0,0,0,0,0,0,0,1,0,1,0,0
41.99485661,-87.71375205,1,0,1,0,0,0,0,0,0,0,0,0,0,0,0,0,0,0,0,0,0
41.99485983,-87.78448213,2,0,0,2,0,0,0,0,0,0,0,0,0,0,0,0,0,0,1,0,0
41.9949077,-87.70197608,1,0,0,1,0,0,0,0,0,0,0,0,0,0,0,0,0,0,0,0,1
41.99490989,-87.72889302,1,0,0,0,0,0,0,0,1,0,0,0,0,0,0,0,0,0,0,0,0
41.99492482,-87.71367782,1,1,0,0,0,0,1,0,0,0,0,0,0,0,0,0,0,0,0,1,0
41.99499831,-87.78994013,1,0,0,0,0,0,0,0,0,0,0,0,0,0,0,0,1,0,0,0,1
41.99503484,-87.74341533,1,0,0,0,0,0,0,0,1,0,0,0,0,0,0,0,0,0,1,0,0
41.99510425,-87.75544404,1,0,0,0,0,0,0,0,0,0,0,1,0,0,0,0,0,0,0,0,0
41.99512932,-87.75117284,1,0,0,0,0,0,0,0,0,0,0,0,0,0,0,0,1,0,0,0,0
41.99517852,-87.71339945,4,0,0,0,2,0,1,0,0,0,0,0,0,0,0,0,1,0,2,2,0
41.99519216,-87.71338461,2,0,0,0,1,1,0,0,0,0,0,0,0,0,0,0,0,0,2,0,0
41.99523309,-87.71334007,1,0,0,0,1,0,0,0,0,0,0,0,0,0,0,0,0,0,1,0,0
41.99527488,-87.78750247,1,0,0,0,0,0,0,0,0,0,0,0,0,0,0,0,1,0,0,0,1
41.99533658,-87.72966887,3,1,0,0,0,0,1,0,1,0,0,0,0,0,0,0,1,0,1,2,0
41.99534206,-87.73648915,1,0,0,0,0,0,1,0,0,0,0,0,0,0,0,0,0,0,0,0,1
41.99535972,-87.75331911,1,0,0,0,0,0,1,0,0,0,0,0,0,0,0,0,0,0,0,1,0
41.99537608,-87.7609523,1,0,0,0,0,0,0,0,0,0,0,0,0,0,0,0,1,0,1,0,0
41.99537642,-87.7154944,7,2,0,3,0,0,0,0,0,0,0,1,0,0,0,0,3,0,0,5,1
41.9953803,-87.78601169,1,1,0,0,0,0,0,0,0,0,0,1,0,0,0,0,0,0,0,0,0
41.99540382,-87.74419548,1,0,0,0,0,0,0,0,0,0,0,0,0,0,0,0,0,0,0,0,0
41.9954051,-87.78603355,2,0,0,0,1,1,0,0,0,0,0,0,0,0,0,0,0,0,1,0,0
41.9954205,-87.75231426,1,0,0,0,0,0,0,0,1,0,0,0,0,0,0,0,0,0,1,0,0
41.9954207,-87.71556387,1,0,0,0,0,0,0,0,0,0,0,0,0,0,0,0,0,0,0,0,0
41.99543178,-87.71558215,2,1,0,0,0,1,0,0,0,0,0,0,0,0,0,0,0,0,1,0,0
41.99545474,-87.78608463,1,1,0,0,0,0,0,0,0,0,0,0,0,0,0,0,0,0,0,0,0
41.99548918,-87.72427074,1,0,0,0,0,0,0,0,0,0,0,0,0,0,0,0,1,0,0,1,0
41.99551963,-87.75509816,1,0,0,0,0,1,0,0,0,0,0,0,0,0,0,0,0,0,1,0,0
41.9956036,-87.78622682,1,0,0,0,0,1,0,0,0,0,0,0,0,0,0,0,0,0,0,0,1
41.99560655,-87.76758666,1,0,0,1,0,0,0,0,0,0,0,0,0,0,0,0,0,0,0,0,0
41.99563986,-87.70839558,1,0,0,0,0,0,0,0,1,0,0,0,0,0,0,0,0,0,0,0,0
41.99564432,-87.75642873,1,0,0,0,0,0,0,0,0,0,0,0,0,0,0,0,1,0,0,1,0
41.99565808,-87.70720718,1,0,0,1,0,0,0,0,0,0,0,0,0,0,0,0,0,0,0,0,0
41.99565924,-87.76769656,1,0,1,0,0,0,0,0,0,0,0,0,0,0,0,0,0,0,0,0,1
41.99566304,-87.76071429,1,0,0,0,0,0,0,0,0,0,0,0,0,0,0,0,0,0,0,0,1
41.99567168,-87.70618068,1,1,0,0,0,0,0,0,0,0,0,0,0,0,0,0,0,1,0,0,1
41.99567229,-87.70629103,1,0,0,0,0,1,0,0,0,0,0,0,0,0,0,0,0,0,1,0,0
41.99567338,-87.73740574,1,0,0,0,0,1,0,0,0,0,0,0,0,0,0,0,0,0,1,0,0
41.99567611,-87.70598566,1,0,0,0,0,1,0,0,0,0,0,0,0,0,0,0,0,0,0,1,0
41.99570631,-87.73740543,1,0,0,0,0,0,0,0,0,0,0,0,0,0,0,0,1,0,1,0,0
41.99571017,-87.70368612,1,0,0,0,0,0,0,0,1,0,0,0,0,0,0,0,0,0,0,0,1
41.99572425,-87.70275158,1,0,0,0,0,0,0,0,1,0,0,0,0,0,0,0,0,0,0,0,1
41.9957261,-87.7025897,1,0,0,0,0,0,0,0,0,0,0,0,0,0,0,0,1,0,0,0,1
41.9957465,-87.7013093,1,0,0,0,0,1,0,0,0,0,0,0,0,0,0,0,0,0,0,0,1
41.9957466,-87.70132769,1,0,0,0,0,1,0,0,0,0,0,0,0,0,0,0,0,0,1,0,0
41.99574743,-87.78531326,1,0,0,1,0,0,0,0,0,0,0,0,0,0,0,0,0,0,0,0,1
41.99574846,-87.70116581,1,1,0,1,0,0,0,0,0,0,0,0,0,0,0,0,0,0,0,1,0
41.99574866,-87.70120259,1,0,0,0,0,0,0,0,0,0,0,0,0,0,0,0,0,0,0,1,0
41.99575364,-87.75633945,1,0,0,0,0,0,0,0,0,0,0,0,0,0,0,0,1,0,1,0,0
41.99575747,-87.70031225,1,0,0,0,0,0,0,0,1,0,0,0,0,0,0,0,0,0,0,1,0
41.99580427,-87.73619053,1,0,0,0,0,0,0,0,0,0,0,0,0,0,0,0,1,0,0,0,0
41.99583696,-87.75435586,1,0,0,0,0,1,0,0,0,0,0,0,0,0,0,0,0,0,0,0,1
41.99586272,-87.78647108,1,1,1,0,0,0,0,0,0,0,0,0,0,0,0,0,0,0,0,0,1
41.99587457,-87.71780719,1,0,0,0,0,1,0,0,0,0,0,0,0,0,0,0,0,0,0,0,1
41.99588464,-87.78531208,2,0,0,0,0,0,0,0,0,0,0,0,0,0,0,0,1,0,1,0,0
41.99589805,-87.76051721,1,0,0,0,0,0,0,0,0,0,0,0,0,0,0,0,1,0,0,0,0
41.99590958,-87.78651482,1,1,0,1,0,0,0,0,0,0,0,0,0,0,0,0,0,0,0,0,1
41.99591656,-87.7576329,1,0,0,0,0,0,0,0,0,0,0,0,0,0,0,0,1,0,1,0,0
41.99592264,-87.76049491,1,0,0,0,0,0,0,0,0,0,0,0,0,0,0,0,0,0,0,0,1
41.99592995,-87.72149276,1,0,0,0,0,0,0,0,0,0,0,0,0,0,0,0,1,0,0,0,0
41.99593028,-87.7467915,1,0,0,0,0,0,0,0,0,0,0,0,0,0,0,0,0,0,0,0,0
41.99593532,-87.73133336,1,0,0,0,0,0,0,0,1,0,0,0,0,0,0,0,0,0,0,0,1
41.99593952,-87.78531161,1,0,0,0,0,0,0,0,1,0,0,0,0,0,0,0,0,0,0,0,1
41.99595795,-87.76428371,1,0,0,0,0,0,0,0,0,0,0,0,0,0,0,0,1,0,0,0,1
41.995971,-87.73133302,1,0,0,0,0,0,0,0,0,0,0,1,0,0,0,0,0,0,0,0,1
41.9959725,-87.73740662,1,0,0,0,0,0,0,0,0,0,0,1,0,0,0,0,0,0,0,0,0
41.99597494,-87.72272839,1,0,0,0,0,0,0,0,0,0,0,0,0,0,0,0,0,0,0,1,0
41.99598246,-87.75328034,1,1,0,0,0,0,0,0,1,0,0,0,0,0,0,0,0,0,1,0,0
41.99598293,-87.72890493,1,0,0,1,0,0,0,0,0,0,0,0,0,0,0,0,0,0,0,0,1
41.9959928,-87.73497846,1,0,0,0,1,0,0,0,0,0,0,0,0,0,0,0,0,0,0,0,0
41.99601315,-87.71652933,1,0,0,1,0,0,0,0,0,0,0,0,0,0,0,0,0,0,0,0,1
41.99602847,-87.73497812,1,0,0,0,0,0,0,0,0,0,0,0,0,0,0,0,1,0,1,0,0
41.99604022,-87.72520357,1,0,0,0,0,1,0,0,0,0,0,0,0,0,0,0,0,0,1,0,0
41.99604056,-87.72890439,1,0,0,0,0,0,0,0,0,0,0,0,0,0,0,0,1,0,0,1,0
41.99604319,-87.78748855,7,1,0,1,0,0,1,0,0,0,0,1,0,0,0,0,4,0,2,1,4
41.99604741,-87.72397112,2,0,0,0,0,0,0,0,1,0,0,0,0,0,0,0,1,0,0,1,0
41.99605618,-87.7483391,1,0,0,0,0,0,0,0,0,0,0,0,0,0,0,0,1,0,0,0,0
41.9960647,-87.70931112,1,0,0,0,0,1,0,0,0,0,0,0,0,0,0,0,0,0,0,1,0
41.996068,-87.72890413,1,0,1,0,0,0,0,0,0,0,0,0,0,0,0,0,0,0,0,1,0
41.99607338,-87.78748829,2,0,0,1,0,0,0,0,0,0,0,0,0,0,0,0,1,0,0,1,0
41.996075,-87.78667527,1,0,0,0,0,0,0,0,0,0,0,0,0,0,0,0,0,0,0,0,0
41.99608525,-87.7337636,1,0,0,1,0,0,0,0,0,0,0,0,0,0,0,0,0,0,1,0,0
41.99608547,-87.70808589,2,0,0,0,0,0,0,0,0,0,0,0,0,0,0,0,0,0,0,1,0
41.99608793,-87.72643917,1,0,0,0,0,0,0,0,1,0,0,0,0,0,0,0,0,0,0,1,0
41.99610658,-87.78409251,5,0,1,0,0,0,0,0,0,0,0,3,0,0,0,1,0,0,2,0,0
41.99612563,-87.72890358,1,0,0,0,0,0,0,0,0,0,0,0,0,0,0,0,0,0,0,0,0
41.99614199,-87.70687502,1,0,0,0,0,0,0,0,0,0,0,0,0,0,0,0,1,0,0,0,1
41.99615283,-87.7920971,1,0,0,0,0,0,0,0,0,0,0,0,0,0,0,0,0,0,1,0,0
41.99617476,-87.73619442,1,0,0,0,0,0,0,0,0,0,0,0,0,0,0,0,1,0,0,1,0
41.99617813,-87.70445037,1,0,0,0,0,0,0,0,1,0,0,0,0,0,0,0,0,0,0,0,1
41.99618848,-87.71903287,1,0,0,0,0,0,0,0,0,0,0,0,0,0,0,0,1,0,1,0,0
41.99619414,-87.70687819,1,0,0,0,0,0,0,0,0,0,0,0,0,0,0,0,0,0,0,0,1
41.99619575,-87.70566418,1,0,0,0,0,0,0,0,0,0,0,0,0,0,0,0,0,0,0,0,1
41.99620419,-87.71684386,2,0,0,0,0,0,0,0,1,0,0,0,0,0,0,0,0,0,0,1,1
41.99620988,-87.72149744,1,0,0,0,0,1,0,0,0,0,0,0,0,0,0,0,0,0,0,1,0
41.99623612,-87.70201813,1,0,0,0,0,0,0,0,0,0,0,0,0,0,0,0,1,0,0,0,0
41.99624741,-87.70809166,1,1,0,0,0,0,0,0,0,0,0,0,0,0,0,0,1,0,0,0,0
41.99625019,-87.74228576,1,0,0,1,0,0,0,0,0,0,0,0,0,0,0,0,0,0,1,0,0
41.99625416,-87.70080764,1,1,0,1,0,0,0,0,0,0,0,0,0,0,0,0,0,0,0,1,0
41.99626825,-87.70688114,1,0,0,0,0,0,0,0,0,0,0,0,0,0,0,0,0,0,0,0,0
41.99627062,-87.70080748,1,0,0,0,0,0,0,0,0,0,0,0,0,0,0,0,1,0,0,1,0
41.99628632,-87.70566697,2,0,0,0,0,0,0,0,0,0,0,0,0,1,0,0,1,0,0,2,0
41.99629103,-87.70202127,1,0,1,0,0,0,0,0,0,0,0,0,0,0,0,0,0,0,1,0,0
41.99629552,-87.71903552,1,0,0,0,0,0,0,0,0,0,0,0,0,0,0,0,1,0,1,0,0
41.99630393,-87.70688079,1,0,1,0,0,0,0,0,0,0,0,0,0,0,0,0,0,0,0,0,0
41.99630749,-87.70202111,1,0,0,0,0,1,0,0,0,0,0,0,0,0,0,0,0,0,1,0,0
41.99631721,-87.70931969,1,0,1,0,0,0,0,0,0,0,0,0,0,0,0,0,0,0,0,0,1
41.99631787,-87.78409069,1,0,0,0,0,0,0,0,0,0,0,1,0,0,0,0,0,0,0,1,0
41.99632201,-87.7056703,1,0,0,0,0,1,0,0,0,0,0,0,0,0,0,0,0,0,0,0,1
41.99632314,-87.7068806,2,0,1,1,0,0,0,0,0,0,0,0,0,0,0,0,0,0,0,0,1
41.9963236,-87.70445629,1,0,0,0,0,0,0,0,0,0,0,1,0,0,0,0,0,0,0,0,1
41.99632514,-87.70323493,1,0,0,0,1,0,0,0,0,0,0,0,0,0,0,0,0,0,0,1,0
41.9963267,-87.70202092,1,0,0,1,0,0,0,0,0,0,0,0,0,0,0,0,0,0,0,0,1
41.99633799,-87.70809445,1,1,0,0,0,0,0,0,0,1,0,0,0,0,0,0,0,0,0,0,0
41.9963396,-87.70688044,2,0,0,0,0,1,0,0,1,0,0,0,0,0,0,0,0,0,1,1,0
41.99634281,-87.7044561,1,1,0,0,0,1,0,0,0,0,0,0,0,0,0,0,0,0,0,0,1
41.99634473,-87.70081042,2,0,1,0,0,0,0,0,0,0,0,1,0,0,0,0,0,0,1,0,0
41.99634591,-87.70202073,3,0,2,1,0,0,0,0,0,0,0,0,0,0,0,0,0,0,0,1,0
41.99636877,-87.73498229,1,0,0,0,0,0,0,0,0,0,0,0,0,0,0,0,1,0,1,0,0
41.99639375,-87.75866969,1,0,0,0,0,0,0,0,0,0,0,0,0,0,0,0,0,0,0,0,0
41.99639771,-87.70445924,1,0,0,0,0,0,0,0,0,0,0,0,0,0,0,0,1,0,0,1,0
41.99639963,-87.70081356,3,0,0,0,0,0,0,0,0,0,0,0,0,0,0,0,2,0,0,2,0
41.99640297,-87.75722385,1,0,0,0,0,0,0,0,0,0,0,0,0,0,0,0,1,0,0,0,0
41.99640778,-87.70932248,2,0,0,0,0,0,0,0,0,0,0,1,0,0,0,0,0,0,2,0,0
41.99641044,-87.79028128,1,0,0,0,0,0,0,0,0,0,0,0,0,0,0,0,0,0,0,0,0
41.99641096,-87.70688342,1,0,0,0,0,0,1,0,0,0,0,0,0,0,0,0,0,0,0,1,0
41.99641259,-87.70567309,2,0,0,0,0,0,0,0,0,0,0,1,0,0,0,0,1,0,1,1,0
41.99641417,-87.70445908,1,0,0,0,0,0,0,0,1,0,0,0,0,0,0,0,0,0,0,0,0
41.99641727,-87.7020237,1,0,0,0,0,0,0,0,0,0,0,0,0,0,0,0,1,0,1,0,0
41.99643338,-87.70445889,1,0,0,0,0,0,0,0,1,0,0,0,0,0,0,0,0,0,1,0,0
41.99643531,-87.70081321,1,0,0,0,1,0,0,0,0,0,0,0,0,0,0,0,0,0,1,0,0
41.99645255,-87.71201123,4,1,0,0,2,1,0,0,0,0,0,0,0,0,0,0,1,0,2,1,0
41.99645535,-87.78587004,1,0,0,0,0,0,0,0,0,0,0,0,0,0,0,0,1,0,1,0,0
41.99645573,-87.78595097,1,0,1,0,0,0,0,0,0,0,0,0,0,0,0,0,0,0,0,0,1
41.99646182,-87.7239782,1,0,0,0,0,1,0,0,0,0,0,0,0,0,0,0,0,0,0,0,1
41.99646587,-87.70688656,1,0,1,0,0,0,0,0,0,0,0,0,0,0,0,0,0,0,1,0,0
41.99647061,-87.70324085,1,0,0,0,0,1,0,0,0,0,0,0,0,0,0,0,0,0,0,0,1
41.99648386,-87.76408773,1,0,0,0,0,0,0,0,0,0,0,0,0,1,0,0,0,0,0,1,0
41.99649021,-87.70081634,1,0,0,0,0,0,0,0,0,0,0,0,0,0,0,0,1,0,1,0,0
41.99649138,-87.70202665,1,0,0,0,0,0,0,0,0,0,0,0,0,0,0,0,1,0,1,0,0
41.9964925,-87.74833879,1,0,0,0,0,0,1,0,0,0,0,0,0,0,0,0,0,0,0,0,1
41.99649675,-87.78707265,2,0,0,0,0,0,0,0,0,0,0,0,0,2,0,0,0,0,0,0,0
41.99650905,-87.70324415,1,0,1,0,0,0,0,0,0,0,0,0,0,0,0,0,0,0,0,0,0
41.99652493,-87.75856183,1,0,0,0,0,0,0,0,0,0,0,0,0,0,0,0,0,0,0,0,0
41.99652907,-87.71195162,4,0,0,0,0,1,0,0,0,0,0,0,0,1,0,0,1,0,0,0,1
41.99653834,-87.70809985,3,0,1,0,0,1,1,0,0,0,0,0,0,0,0,0,0,0,0,0,0
41.99654472,-87.7032438,1,0,0,1,0,0,0,0,0,0,0,0,0,0,0,0,0,0,1,0,0
41.99656275,-87.70202962,1,0,1,0,0,0,0,0,0,0,0,0,0,0,0,0,0,0,0,1,0
41.99656576,-87.74228284,1,0,0,0,0,1,0,0,0,0,0,0,0,0,0,0,0,0,0,0,0
41.99656843,-87.78714193,1,1,0,0,0,0,0,0,0,0,1,0,0,0,0,0,0,0,0,0,1
41.99657727,-87.70567883,1,0,1,0,0,0,0,0,0,0,0,0,0,0,0,0,0,0,0,0,0
41.99658195,-87.70202943,1,0,0,0,0,1,0,0,0,0,0,0,0,0,0,0,0,0,0,0,1
41.99658582,-87.74834161,1,0,0,0,0,1,0,0,0,0,0,0,0,0,0,0,0,0,1,0,0
41.99661132,-87.70688881,2,1,1,1,0,0,0,0,0,0,0,0,0,0,0,0,0,0,0,1,0
41.99665022,-87.70446779,2,0,0,1,0,0,0,0,0,0,0,0,0,0,0,0,0,0,0,0,0
41.99667226,-87.74592385,2,1,0,0,0,1,0,0,1,0,0,0,0,0,0,0,0,0,0,2,0
41.99667449,-87.72890943,1,0,0,0,1,0,0,0,0,0,0,0,0,0,0,0,0,0,1,0,0
41.99667912,-87.74834076,1,0,0,0,1,0,0,0,0,0,0,0,0,0,0,0,0,0,0,0,1
41.99668901,-87.70203573,1,0,0,0,0,1,0,0,0,0,0,0,0,0,0,0,0,0,1,0,0
41.99669019,-87.70324972,1,0,0,0,0,0,0,0,0,0,0,0,0,0,0,0,1,0,1,0,0
41.99670625,-87.78726951,1,0,0,0,0,0,0,0,1,0,0,0,0,0,0,0,0,0,0,1,0
41.99671328,-87.78990715,1,0,0,0,0,0,0,0,0,0,0,0,0,0,0,0,0,0,0,0,1
41.99672626,-87.70082504,1,0,0,0,0,0,0,0,1,0,0,0,0,0,0,0,0,0,1,0,0
41.99672929,-87.73255091,1,0,1,0,0,0,0,0,0,0,0,0,0,0,0,0,0,0,1,0,0
41.99674831,-87.78286195,3,0,1,1,0,0,0,0,0,0,0,0,0,0,0,0,1,0,1,0,2
41.99676329,-87.76398959,2,0,0,0,0,0,0,0,0,0,0,0,0,0,0,0,1,0,1,0,0
41.99683534,-87.71786415,1,0,0,0,0,0,0,0,1,0,0,0,0,0,0,0,0,0,0,0,1
41.9969465,-87.72274853,1,0,0,0,0,0,0,0,0,0,0,0,0,0,0,0,1,0,0,1,0
41.99698768,-87.72275182,1,0,0,0,0,0,0,0,0,0,0,1,0,0,0,0,0,0,0,1,0
41.99702884,-87.72275142,1,0,0,0,1,0,0,0,0,0,0,0,0,0,0,0,0,0,1,0,0
41.99719138,-87.73538294,1,0,0,0,0,0,0,0,0,0,0,0,0,0,0,0,0,0,1,0,0
41.9971922,-87.73554112,1,0,0,0,0,0,0,0,1,0,0,0,0,0,0,0,0,0,1,0,0
41.99719323,-87.73785141,3,2,1,2,0,0,0,0,0,0,0,0,0,0,0,0,0,0,1,1,1
41.99719455,-87.72761324,1,0,0,0,0,1,0,0,0,0,0,0,0,0,0,0,0,0,1,0,0
41.99719594,-87.73890353,1,0,0,1,0,0,0,0,0,0,0,0,0,0,0,0,0,0,1,0,0
41.99719749,-87.7292135,3,0,2,1,0,0,0,0,0,0,0,0,0,0,0,0,0,0,0,0,1
41.99720291,-87.72556038,2,0,0,0,0,0,0,0,0,0,0,0,0,0,0,0,2,0,2,0,0
41.99721239,-87.72320952,3,2,0,3,0,0,0,0,0,0,0,0,0,0,0,0,0,0,0,1,2
41.99721258,-87.72324631,2,0,0,0,0,0,0,0,0,0,0,2,0,0,0,0,0,0,0,1,1
41.99721298,-87.72331988,1,0,0,0,0,0,0,0,0,0,0,0,0,0,0,0,0,0,0,1,0
41.99722339,-87.72063792,1,0,0,0,0,1,0,0,0,0,0,0,0,0,0,0,0,0,1,0,0
41.99722493,-87.71989846,1,0,1,0,0,0,0,0,0,0,0,0,0,0,0,0,0,0,0,0,0
41.99723839,-87.74769552,1,0,0,0,0,1,0,0,0,0,0,0,0,0,0,0,0,0,0,0,0
41.99728594,-87.71745514,1,0,0,0,0,0,0,0,0,0,0,0,0,0,0,0,1,0,0,1,0
41.99728758,-87.71724911,4,1,1,1,0,0,1,0,0,1,0,0,0,0,0,0,0,0,0,2,1
41.9972878,-87.71728957,2,0,1,0,0,0,0,0,0,0,0,0,0,0,0,0,1,0,0,2,0
41.99730063,-87.71508215,1,0,0,1,0,0,0,0,0,0,0,0,0,0,0,0,0,0,0,0,0
41.99730622,-87.71459282,6,0,3,1,0,0,0,0,0,0,0,0,0,0,0,0,1,0,1,4,1
41.99732031,-87.79293334,1,0,0,0,0,0,0,0,0,0,0,0,0,0,0,0,1,0,1,0,0
41.9973231,-87.76178098,1,0,0,0,0,0,1,0,0,0,0,0,0,0,0,0,0,0,1,0,0
41.99732363,-87.76133584,1,0,0,0,1,0,0,0,0,0,0,0,0,0,0,0,0,0,1,0,0
41.99732527,-87.76111509,1,0,0,0,0,0,0,0,0,0,0,1,0,0,0,0,0,0,0,1,0
41.99732657,-87.7641354,1,0,0,1,0,0,0,0,0,0,0,0,0,0,0,0,0,0,0,0,0
41.99732699,-87.76422001,1,0,0,0,0,0,0,0,0,0,0,1,0,0,0,0,0,0,0,0,1
41.99732739,-87.75989002,1,0,0,0,0,0,0,0,0,0,0,1,0,0,0,0,0,0,0,0,0
41.99733542,-87.79032124,1,0,1,0,0,0,0,0,0,0,0,0,0,0,0,0,0,0,1,0,0
41.99733545,-87.76260861,1,0,0,0,1,0,0,0,0,0,0,0,0,0,0,0,0,0,1,0,0
41.99734149,-87.78870618,3,0,0,0,0,0,0,0,0,0,0,0,0,0,0,0,3,0,1,1,1
41.99734196,-87.78880551,1,0,1,0,0,0,0,0,0,0,0,0,0,0,0,0,0,0,0,0,0
41.99734541,-87.78837506,1,0,0,1,0,0,0,0,0,0,0,0,0,0,0,0,0,0,1,0,0
41.9973839,-87.70967715,5,1,0,1,0,1,0,0,0,0,0,1,0,1,0,0,1,0,3,1,1
41.99738778,-87.78459653,2,0,0,0,0,0,0,0,0,0,0,2,0,0,0,0,0,0,0,2,0
41.99738958,-87.78439786,1,0,0,0,0,0,0,0,1,0,0,0,0,0,0,0,0,0,0,0,1
41.99740017,-87.7086322,1,0,0,1,0,0,0,0,0,0,0,0,0,0,0,0,0,0,0,1,0
41.99740025,-87.70864692,1,1,0,0,0,0,0,0,0,0,0,0,0,1,0,0,0,0,0,1,0
41.99740264,-87.70858067,1,0,0,0,0,0,0,0,0,0,0,0,0,1,0,0,0,0,0,0,1
41.99740272,-87.70859539,1,0,0,0,0,0,0,0,0,0,0,1,0,0,0,0,0,0,0,0,0
41.9974047,-87.70845557,1,0,1,0,0,0,0,0,0,0,0,0,0,0,0,0,0,0,0,0,1
41.9974048,-87.70847397,1,0,0,0,0,0,0,0,0,0,0,0,0,0,1,0,0,0,0,0,0
41.9974049,-87.70849236,1,0,0,0,0,1,0,0,0,0,0,0,0,0,0,0,0,0,0,0,1
41.99741898,-87.70755044,2,0,1,0,0,0,0,0,1,0,0,0,0,0,0,0,0,0,0,2,0
41.99742126,-87.70746581,1,0,0,0,0,0,0,0,0,0,0,0,0,0,0,0,1,0,1,0,0
41.99742554,-87.70724503,3,1,1,0,1,0,0,0,0,0,0,0,0,1,0,0,0,0,1,0,0
41.99742579,-87.70728918,1,0,0,0,1,0,0,0,0,0,0,0,0,0,0,0,0,0,0,1,0
41.99744206,-87.70624791,1,0,1,0,0,0,0,0,0,0,0,0,0,0,0,0,0,0,1,0,0
41.99744432,-87.70615959,1,0,0,0,0,0,0,0,1,0,0,0,0,0,0,0,0,0,1,0,0
41.99744658,-87.70607128,1,0,0,0,0,0,0,0,0,0,0,0,0,0,0,0,1,0,0,0,1
41.99745904,-87.70533907,1,0,1,0,0,0,0,0,0,0,0,0,0,0,0,0,0,0,1,0,0
41.99746132,-87.70525443,1,0,1,0,0,0,0,0,0,0,0,0,0,0,0,0,0,0,0,0,0
41.99746382,-87.70521026,1,0,0,0,1,0,0,0,0,0,0,0,0,0,0,0,0,0,0,1,0
41.99746562,-87.70503734,1,1,0,1,0,0,0,0,0,0,0,0,0,0,0,0,0,0,1,0,0
41.99747546,-87.76705139,1,0,0,0,0,0,0,0,0,0,0,0,0,0,0,0,1,0,1,0,0
41.99748655,-87.70384887,1,0,0,0,0,0,0,0,0,0,0,0,0,0,0,0,1,0,1,0,0
41.99748881,-87.70376056,3,0,0,2,0,0,0,0,0,0,0,0,0,0,0,0,0,0,1,1,1
41.99749087,-87.70363546,2,0,0,1,0,1,0,0,0,0,0,0,0,0,0,0,0,0,1,0,0
41.99749097,-87.70365385,1,0,0,0,0,0,0,0,0,0,0,0,0,0,0,0,1,0,1,0,0
41.99749107,-87.70367224,2,0,0,0,0,0,0,0,1,0,0,0,0,0,0,0,1,0,1,1,0
41.99750509,-87.70272664,2,1,0,0,0,1,0,1,0,0,0,0,0,0,0,0,0,0,2,0,0
41.99750533,-87.70277079,1,0,0,0,0,0,0,0,1,0,0,0,0,0,0,0,0,0,0,0,0
41.99750713,-87.70259786,1,0,1,0,0,0,0,0,0,0,0,0,0,0,0,0,0,0,0,0,0
41.99750737,-87.70264201,1,0,0,0,0,0,0,0,0,0,0,0,0,0,0,0,1,0,0,1,0
41.99750761,-87.70268615,1,0,0,0,0,1,0,0,0,0,0,0,0,0,0,0,0,0,0,0,0
41.99751142,-87.70238077,2,0,0,2,0,0,0,0,0,0,0,0,0,0,0,0,0,0,1,0,0
41.99751434,-87.7671467,1,0,0,0,0,0,0,0,0,0,0,0,0,0,0,0,1,0,1,0,0
41.99752994,-87.76585896,1,0,0,0,0,0,0,0,0,0,0,0,0,0,0,0,1,0,1,0,0
41.99753011,-87.70128797,1,0,0,1,0,0,0,0,0,0,0,0,0,0,0,0,0,0,0,0,0
41.99753041,-87.70134315,2,0,0,0,1,1,0,0,0,0,0,0,0,0,0,0,0,0,1,0,1
41.9975308,-87.70141304,2,1,0,0,1,0,1,0,0,0,0,0,0,0,0,0,0,0,1,0,1
41.99753227,-87.70118126,1,0,0,0,0,0,0,0,0,0,0,0,0,0,0,0,1,0,0,0,0
41.99753237,-87.70119966,1,1,0,0,0,0,0,0,0,0,0,1,0,0,0,0,0,0,0,0,0
41.99753247,-87.70121805,1,0,0,0,0,0,0,0,1,0,0,0,0,0,0,0,0,0,1,0,0
41.99753267,-87.70125484,3,0,0,0,0,0,0,0,0,0,0,0,0,1,0,0,1,0,1,0,2
41.9975448,-87.70046744,6,0,0,0,1,1,0,0,0,0,0,0,0,1,0,0,3,0,1,0,2
41.99754528,-87.70055573,2,1,1,0,0,0,0,0,0,0,0,0,0,0,0,0,1,0,2,0,0
41.99754732,-87.70042695,1,0,1,0,0,0,0,0,0,0,0,0,0,0,0,0,0,0,1,0,0
41.99755066,-87.79231703,1,0,0,0,0,0,0,0,1,0,0,0,0,0,0,0,0,0,0,0,1
41.99755112,-87.70012157,1,0,0,0,0,0,0,0,0,0,0,0,0,0,0,0,1,0,0,1,0
41.99755159,-87.70020618,1,0,0,0,0,0,0,0,1,0,0,0,0,0,0,0,0,0,0,1,0
41.99765419,-87.76048674,2,0,0,0,0,0,0,0,0,0,0,0,0,0,0,0,2,0,1,0,0
41.99770562,-87.76365377,1,0,0,1,0,0,0,0,0,0,0,0,0,0,0,0,0,0,0,0,0
41.99779408,-87.76600009,2,1,0,1,0,1,0,0,0,0,0,0,0,0,0,0,0,0,1,0,0
41.99784588,-87.7093489,2,1,0,1,0,0,0,0,1,0,0,0,0,0,0,0,0,0,1,0,1
41.9978601,-87.76603262,1,0,0,0,0,0,0,0,0,0,0,0,0,0,0,0,1,0,1,0,0
41.99786113,-87.76790883,1,0,1,0,0,0,0,0,0,0,0,0,0,0,0,0,0,0,0,0,0
41.99792943,-87.70454349,4,0,0,1,0,0,0,0,1,0,0,0,0,0,0,0,2,0,1,1,2
41.99797846,-87.70698577,1,0,0,0,0,1,0,0,0,0,0,0,0,0,0,0,0,0,1,0,0
41.99798861,-87.7033252,2,0,1,0,0,1,0,0,0,0,0,0,0,0,0,0,0,0,1,0,0
41.9979941,-87.70935481,1,1,0,0,0,1,0,0,0,0,0,0,0,0,0,0,0,0,0,0,0
41.99799439,-87.70088238,1,0,1,0,0,0,0,0,0,0,0,0,0,0,0,0,0,0,0,0,0
41.99800782,-87.70332501,1,0,0,1,0,0,0,0,0,0,0,0,0,0,0,0,0,0,0,0,0
41.99801413,-87.70698542,1,0,0,0,0,0,0,0,0,0,0,1,0,0,0,0,0,0,0,0,0
41.99807606,-87.70576343,1,0,0,0,0,0,0,0,0,0,0,0,0,0,0,0,1,0,0,1,0
41.99810114,-87.70332777,4,1,0,1,0,2,0,0,0,0,0,0,0,0,0,0,0,0,0,1,0
41.99810264,-87.70210269,2,0,0,0,0,1,0,0,0,0,0,0,0,0,0,0,0,0,0,0,1
41.99810587,-87.70820959,1,0,0,0,0,0,0,0,0,0,0,1,0,0,0,0,0,0,1,0,0
41.99810663,-87.70935739,1,0,0,1,0,0,0,0,0,0,0,0,0,0,0,0,0,0,0,0,0
41.99811173,-87.70576308,1,0,0,0,1,0,0,0,0,0,0,0,0,0,0,0,0,0,0,1,0
41.99812035,-87.70332758,2,0,1,0,0,1,0,0,0,0,0,0,0,0,0,0,0,0,2,0,0
41.99812565,-87.79088107,1,0,0,0,0,0,0,0,0,0,0,1,0,0,0,0,0,0,1,0,0
41.99813681,-87.70332742,2,0,0,0,0,0,0,0,2,0,0,0,0,0,0,0,0,0,0,1,1
41.99814586,-87.70698781,3,0,0,0,0,0,0,0,0,0,0,0,0,0,0,0,2,0,0,0,3
41.99815602,-87.70332723,6,1,1,1,0,3,0,0,0,0,0,1,0,0,0,0,0,0,1,0,3
41.99817525,-87.70333072,2,0,0,1,0,1,0,0,0,0,0,0,0,0,0,0,0,0,0,2,0
41.99818072,-87.70935666,1,0,0,0,0,0,0,0,0,0,0,0,0,0,0,0,0,0,0,0,0
41.99820023,-87.7008877,1,0,0,0,0,0,0,0,1,0,0,0,0,0,0,0,0,0,0,0,1
41.99821997,-87.70699076,1,0,0,0,0,0,0,0,0,0,0,1,0,0,0,0,0,0,1,0,0
41.99823397,-87.79289986,1,0,0,0,0,0,0,0,0,0,0,0,0,0,0,0,1,0,0,1,0
41.99823418,-87.792944,2,0,0,1,0,0,0,0,0,0,0,0,0,0,0,0,0,0,1,1,0
41.99823437,-87.70210507,2,1,1,0,0,0,0,0,0,0,0,0,0,0,0,0,1,0,0,1,1
41.99824349,-87.70576914,2,0,0,1,0,0,0,0,0,0,0,0,0,0,0,0,1,0,0,1,1
41.99825358,-87.70210488,2,0,0,0,0,0,0,0,2,0,0,0,0,0,0,0,0,0,0,1,1
41.99825511,-87.70088716,1,0,0,0,0,0,0,0,0,0,0,1,0,0,0,0,0,0,0,1,0
41.9982627,-87.70576895,1,0,0,0,0,1,0,0,0,0,0,0,0,0,0,0,0,0,0,0,0
41.99827487,-87.7069939,1,0,0,0,0,0,0,0,0,0,0,0,0,0,0,0,0,0,0,1,0
41.9983176,-87.70577209,1,0,0,1,0,0,0,0,0,0,0,0,0,0,0,0,0,0,0,0,1
41.99834112,-87.70455415,1,0,0,0,0,1,0,0,0,0,0,0,0,0,0,0,0,0,0,0,1
41.99834843,-87.70088991,1,0,0,0,0,0,0,0,0,0,0,0,0,0,0,0,1,0,1,0,0
41.99834896,-87.70699318,1,0,0,0,0,0,0,0,0,0,0,0,0,0,0,1,0,0,0,0,0
41.99835758,-87.70455399,4,0,0,1,0,0,0,0,0,0,0,0,0,0,0,0,3,0,2,1,1
41.99837951,-87.76341599,1,0,0,1,0,0,0,0,0,0,0,0,0,0,0,0,0,0,0,0,0
41.9983987,-87.76341214,1,0,0,0,0,0,0,0,0,0,0,0,0,0,0,0,1,0,1,0,0
41.99841091,-87.70577486,1,0,0,0,0,0,0,0,0,0,0,1,0,0,0,0,0,0,0,0,1
41.9984552,-87.703339,1,0,0,0,0,0,0,0,0,0,0,0,0,0,0,0,1,0,0,0,0
41.99852814,-87.78894991,1,0,0,0,1,0,0,0,0,0,0,0,0,0,0,0,0,0,0,0,1
41.99913571,-87.78976145,2,1,0,0,0,1,0,0,0,0,0,0,0,0,0,0,1,0,1,1,0
41.99922534,-87.70868425,1,0,0,0,0,0,0,0,1,0,0,0,0,0,0,0,0,0,1,0,0
41.99923974,-87.70780116,1,0,0,0,0,0,0,0,1,0,0,0,0,0,0,0,0,0,0,0,1
41.99924179,-87.70767238,1,0,0,0,0,0,0,0,1,0,0,0,0,0,0,0,0,0,0,0,0
41.99924357,-87.70749577,1,0,0,0,0,0,0,0,0,0,0,0,0,0,0,0,1,0,1,0,0
41.99925069,-87.76311758,1,1,0,0,0,0,0,0,0,0,0,0,0,0,0,0,0,0,0,0,0
41.9993116,-87.70387871,3,1,0,2,0,0,0,0,1,0,0,0,0,0,0,0,0,0,0,0,1
41.9993248,-87.79086721,1,0,0,0,0,0,0,0,0,0,0,0,0,0,0,0,1,0,1,0,0
41.99933034,-87.70279324,2,0,0,0,0,0,0,0,0,0,0,0,0,0,0,0,2,0,1,0,0
41.99933211,-87.76681419,3,0,0,0,0,2,0,0,0,0,0,0,0,0,0,0,1,0,0,3,0
41.9993369,-87.70248782,2,0,1,0,0,0,1,0,0,0,0,0,0,0,0,0,0,0,1,0,1
41.99935186,-87.76415046,1,0,0,0,0,0,1,0,0,0,0,0,0,0,0,0,0,0,0,1,0
41.99935522,-87.70132877,2,0,0,0,0,0,0,0,1,0,0,0,0,0,0,0,1,0,0,1,1
41.99935766,-87.70127356,1,0,0,0,0,0,0,0,0,0,0,0,0,0,0,0,0,0,0,0,1
41.99937453,-87.70034998,1,0,0,0,0,1,0,0,0,0,0,0,0,0,0,0,0,0,0,1,0
41.99939066,-87.79086665,1,0,0,0,0,0,0,0,0,0,0,0,0,0,0,0,1,0,0,1,0
41.99941536,-87.79086644,2,0,0,1,0,1,0,0,0,0,0,0,0,0,0,0,0,0,0,0,2
41.99944519,-87.76304962,2,0,0,0,1,0,0,0,0,0,0,0,0,0,0,0,0,0,0,0,0
41.99954379,-87.76301195,1,0,0,0,0,1,0,0,0,0,0,0,0,0,0,0,0,0,0,0,1
41.9996983,-87.70936391,1,0,0,1,0,0,0,0,0,0,0,0,0,0,0,0,0,0,0,0,1
41.99970478,-87.70702771,1,0,0,0,0,0,0,0,1,0,0,0,0,0,0,0,0,0,0,1,0
41.99975456,-87.70458806,2,0,0,0,0,0,0,0,1,0,0,1,0,0,0,0,0,0,0,0,0
41.99981952,-87.70092685,1,0,0,1,0,0,0,0,0,0,0,0,0,0,0,0,0,0,0,0,0
41.99982867,-87.70459101,3,1,1,1,0,0,0,0,0,0,0,0,0,0,0,0,0,0,0,2,0
41.99984359,-87.70581228,1,0,0,0,0,1,0,0,0,0,0,0,0,0,0,0,0,0,1,0,0
41.99984944,-87.70337307,1,0,0,1,0,0,0,0,0,0,0,0,0,0,0,0,0,0,0,1,0
41.99986515,-87.70825491,1,0,0,0,0,0,0,0,0,0,0,1,0,0,0,0,0,0,0,0,1
41.99986864,-87.70337288,1,0,0,0,0,0,0,0,1,0,0,0,0,0,0,0,0,0,0,1,0
41.99988217,-87.70936579,1,0,0,0,0,0,0,0,1,0,0,0,0,0,0,0,0,0,0,1,0
41.99988435,-87.70825472,1,0,0,0,0,1,0,0,0,0,0,0,0,0,0,0,0,0,0,1,0
41.99988884,-87.7700909,1,0,0,0,0,0,0,0,0,0,0,0,0,0,0,0,1,0,0,0,0
41.99991608,-87.79230067,1,0,0,0,0,0,0,0,0,0,0,0,0,0,0,0,1,0,0,0,1
41.9999177,-87.70581524,1,0,0,0,0,0,0,0,0,0,0,0,0,0,0,0,1,0,1,0,0
41.99991924,-87.7045938,1,0,0,0,0,0,0,0,1,0,0,0,0,0,0,0,0,0,0,0,1
41.99992435,-87.70703291,1,0,0,0,0,0,0,0,0,0,0,1,0,0,0,0,0,0,0,0,0
41.99992779,-87.70215088,1,0,0,1,0,0,0,0,0,0,0,0,0,0,0,0,0,0,0,0,1
41.9999293,-87.70092944,3,0,1,0,0,1,0,0,0,0,0,0,0,0,0,0,0,0,1,0,2
41.99994275,-87.70337583,1,0,0,0,0,0,0,0,0,0,0,1,0,0,0,0,0,0,1,0,0
41.99994851,-87.70092925,1,0,0,0,0,0,0,0,0,0,0,0,0,0,0,0,0,0,0,1,0
41.99997689,-87.70459691,1,0,0,0,0,0,0,0,1,0,0,0,0,0,0,0,0,0,0,1,0
41.99998695,-87.70093255,1,0,0,0,0,0,0,0,0,0,0,0,0,0,0,0,1,0,0,1,0
42.00001256,-87.70459656,2,0,0,0,0,0,0,0,1,0,0,0,0,0,1,0,0,0,0,1,0
42.00004183,-87.70093201,1,0,0,0,0,0,0,0,1,0,0,0,0,0,0,0,0,0,0,1,0
42.00004957,-87.70936784,1,0,0,0,0,0,0,0,1,0,0,0,0,0,0,0,0,0,0,0,1
42.00005098,-87.70459618,1,0,0,0,0,0,0,0,0,0,0,0,0,0,0,0,1,0,0,0,0
42.00005953,-87.70215325,1,0,0,1,0,0,0,0,0,0,0,0,0,0,0,0,0,0,0,0,1
42.00009522,-87.70215658,1,0,0,1,0,0,0,0,0,0,0,0,0,0,0,0,0,0,1,0,0
42.0001027,-87.79230277,1,0,0,0,1,0,0,0,0,0,0,0,0,0,0,0,0,0,0,0,1
42.00010824,-87.70703847,1,0,0,0,1,0,0,0,0,0,0,0,0,0,0,0,0,0,1,0,0
42.00013278,-87.76280803,1,0,0,1,0,0,0,0,0,0,0,0,0,0,0,0,0,0,0,1,0
42.00013515,-87.70093476,1,0,0,0,0,1,0,0,0,0,0,0,0,0,0,0,0,0,0,0,1
42.00014013,-87.70936695,1,0,0,0,0,0,0,0,0,0,0,0,0,0,0,0,1,0,0,0,1
42.00016076,-87.70459878,1,0,0,0,0,0,0,0,0,0,0,0,0,0,0,0,1,0,0,1,0
42.00017082,-87.70093441,1,1,0,1,0,0,0,0,0,0,0,0,0,0,0,0,0,0,0,0,0
42.0001758,-87.7093666,1,0,0,0,0,0,0,0,0,0,0,0,0,0,0,0,1,0,1,0,0
42.00019927,-87.77128016,1,0,0,0,0,0,0,0,0,0,0,0,0,0,0,0,1,0,0,0,1
42.00020925,-87.70093771,3,0,0,1,0,0,0,0,0,0,0,0,0,0,0,0,2,0,1,0,2
42.00021841,-87.70460189,1,0,0,1,0,0,0,0,0,0,0,0,0,0,0,0,0,0,0,0,1
42.00022695,-87.70215896,1,0,0,1,0,0,0,0,0,0,0,0,0,0,0,0,0,0,0,0,0
42.00023761,-87.7046017,1,0,0,1,0,0,0,0,0,0,0,0,0,0,0,0,0,0,1,0,0
42.00024342,-87.70215879,2,0,0,1,0,0,0,0,0,0,0,0,0,0,0,0,0,0,0,1,0
42.00026263,-87.7021586,2,0,0,0,0,1,0,0,1,0,0,0,0,0,0,0,0,0,0,0,2
42.00026414,-87.70093716,1,0,0,0,0,0,0,0,1,0,0,0,0,0,0,0,0,0,0,0,1
42.00030007,-87.76389184,1,0,0,0,0,0,1,0,0,0,0,0,0,0,0,0,0,0,0,1,0
42.00031326,-87.70338321,1,0,0,0,1,0,0,0,0,0,0,0,0,0,0,0,0,0,1,0,0
42.00031904,-87.7009403,1,0,0,0,0,0,0,0,0,0,0,0,1,0,0,0,0,0,0,0,0
42.00033824,-87.70094011,2,0,0,0,0,2,0,0,0,0,0,0,0,0,0,0,0,0,0,1,1
42.00040658,-87.70338597,1,1,0,0,0,0,0,0,0,0,0,0,0,0,1,0,0,0,0,0,0
42.00040697,-87.77110542,1,0,0,0,0,0,1,0,0,0,0,0,0,0,0,0,0,0,0,0,1
42.00064228,-87.70583755,1,0,0,0,0,0,0,0,1,0,0,0,0,0,0,0,0,0,0,1,0
42.00105697,-87.7069004,1,0,0,0,0,0,0,0,0,0,0,0,0,0,0,0,0,1,0,1,0
42.00106003,-87.76551856,1,0,0,0,0,0,0,0,1,0,0,0,0,0,0,0,0,0,0,0,0
42.00109341,-87.70603546,1,0,0,1,0,0,0,0,0,0,0,0,0,0,0,0,0,0,1,0,0
42.00113115,-87.70390493,1,0,0,0,0,0,0,0,0,0,0,0,0,0,0,0,1,0,0,1,0
42.0011333,-87.70379821,2,0,0,0,0,1,0,0,1,0,0,0,0,0,0,0,0,0,0,0,2
42.00115904,-87.70248822,1,0,1,0,0,0,0,0,0,0,0,0,0,0,0,0,0,0,0,0,1
42.00120047,-87.70004492,1,0,0,0,0,0,0,0,1,0,0,0,0,0,0,0,0,0,0,1,0
42.00128815,-87.76781226,2,0,0,0,0,0,0,0,0,0,0,2,0,0,0,0,0,0,0,0,2
42.00139841,-87.76624401,1,0,0,0,0,0,0,0,0,0,0,0,0,0,0,0,0,0,1,0,0
42.0015714,-87.70462168,1,0,0,0,0,1,0,0,0,0,0,0,0,0,0,0,0,0,0,1,0
42.001629,-87.70461744,1,0,0,0,0,0,0,0,0,0,0,0,0,0,0,0,1,0,0,0,0
42.00163916,-87.70097138,1,0,0,0,0,0,0,0,0,0,0,0,0,0,0,0,0,0,0,1,0
42.00165412,-87.70219268,4,0,0,0,2,2,0,0,0,0,0,0,0,0,0,0,0,0,1,3,0
42.00167781,-87.77004202,1,0,0,0,0,0,0,0,1,0,0,0,0,0,0,0,0,0,1,0,0
42.00173877,-87.70461636,1,0,0,0,0,0,0,0,0,0,0,0,0,0,0,0,0,0,0,1,0
42.00174313,-87.70340958,1,0,0,0,0,0,0,0,0,0,0,0,0,0,0,0,0,0,0,0,1
42.00179365,-87.70461582,1,0,0,0,0,0,0,0,0,0,0,0,0,0,0,0,1,0,0,0,1
42.00183206,-87.70461544,1,0,0,0,0,0,0,0,0,0,0,0,0,0,0,0,1,0,0,1,0
42.0018721,-87.7034083,1,0,0,0,0,0,0,0,0,0,0,0,0,0,0,0,0,0,1,0,0
42.00199943,-87.70461011,2,0,0,0,0,0,0,0,2,0,0,0,0,0,0,0,0,0,1,0,1
42.00211792,-87.70219913,1,0,0,0,0,0,0,0,0,0,0,0,0,0,0,0,0,0,1,0,0
42.00215634,-87.70219875,1,0,0,0,1,0,0,0,0,0,0,0,0,0,0,0,0,0,1,0,0
42.00260142,-87.76423923,1,0,0,0,0,0,0,0,0,0,0,0,0,0,0,0,0,0,0,1,0
42.00272123,-87.77579067,1,0,0,0,0,0,0,0,0,0,0,0,0,0,0,0,0,0,0,1,0
42.00287637,-87.76712124,1,0,0,0,0,0,0,0,1,0,0,0,0,0,0,0,0,0,0,0,0
42.00290375,-87.76488775,1,0,0,1,0,0,0,0,0,0,0,0,0,0,0,0,0,0,0,0,0
42.00294514,-87.70392016,1,0,0,0,0,0,0,0,1,0,0,0,0,0,0,0,0,0,0,1,0
42.00296493,-87.70302593,1,0,0,0,0,0,0,0,0,0,0,0,0,0,0,0,0,0,0,0,0
42.00300642,-87.77180733,1,0,0,0,0,1,0,0,0,0,0,0,0,0,0,0,0,0,1,0,0
42.00300672,-87.7673997,1,0,0,0,0,0,0,0,0,0,0,0,0,0,0,0,0,0,1,0,0
42.00302012,-87.70008942,1,0,0,0,0,0,0,0,1,0,0,0,0,0,0,0,0,0,0,0,1
42.00335312,-87.77763946,1,0,0,0,0,0,0,0,0,0,0,0,0,0,0,0,1,0,0,0,1
42.00335883,-87.70579982,6,0,1,4,0,0,0,0,0,0,0,1,0,0,0,0,0,0,1,0,0
42.00337865,-87.77048691,2,0,0,0,0,0,0,0,0,0,0,0,0,0,0,0,2,0,0,0,1
42.0034116,-87.70341151,1,0,0,0,0,0,0,0,1,0,0,0,0,0,0,0,0,0,0,1,0
42.0034352,-87.70221187,1,0,0,0,0,0,0,0,0,0,0,0,0,0,0,0,0,0,1,0,0
42.00346204,-87.70460307,1,0,0,0,0,1,0,0,0,0,0,0,0,0,0,0,0,0,0,0,1
42.00351203,-87.70221111,1,0,0,0,0,0,0,0,0,0,0,0,0,0,0,0,1,0,0,0,0
42.00353615,-87.70460602,1,0,0,0,0,0,0,0,0,0,0,0,0,0,0,0,1,0,1,0,0
42.00363803,-87.76409754,1,0,0,0,0,0,0,0,0,0,0,0,0,0,0,0,0,0,0,0,0
42.00366087,-87.70734211,1,0,0,0,0,0,0,0,0,0,0,0,0,0,0,0,1,0,1,0,0
42.0036693,-87.70687477,1,0,0,1,0,0,0,0,0,0,0,0,0,0,0,0,0,0,0,1,0
42.00373453,-87.76975161,1,0,0,0,0,0,0,0,0,0,0,0,0,0,0,0,1,0,0,0,1
42.0037512,-87.70579228,1,0,0,0,0,0,0,0,1,0,0,0,0,0,0,0,0,0,0,1,0
42.00377763,-87.70460364,1,1,0,0,0,0,0,0,1,0,0,0,0,0,0,0,0,0,0,0,1
42.00378962,-87.70579191,1,0,0,0,0,0,0,0,1,0,0,0,0,0,0,0,0,0,0,1,0
42.0038301,-87.76686627,1,0,0,0,0,0,0,0,0,0,0,0,0,0,0,0,0,0,0,0,0
42.00383527,-87.70460675,1,0,0,0,0,0,0,0,1,0,0,0,0,0,0,0,0,0,0,0,1
42.00390936,-87.70460602,1,0,0,0,0,0,0,0,0,0,0,0,0,0,0,0,1,0,0,1,0
42.00393299,-87.70341005,1,0,0,0,0,0,0,0,1,0,0,0,0,0,0,0,0,0,0,1,0
42.00419473,-87.76291891,1,0,0,0,0,0,1,0,0,0,0,0,0,0,0,0,0,0,0,0,1
42.00432896,-87.70706698,1,0,0,0,0,0,0,0,0,0,0,0,0,0,0,0,1,0,1,0,0
42.00433206,-87.70662912,2,0,0,0,0,1,0,0,0,0,0,0,0,0,0,0,0,0,1,0,1
42.00443569,-87.77059533,1,0,0,0,0,0,0,0,1,0,0,0,0,0,0,0,0,0,0,0,1
42.00449148,-87.76354541,1,0,0,1,0,0,0,0,0,0,0,0,0,0,0,0,0,0,0,1,0
42.0046468,-87.76387883,1,0,0,0,0,0,0,0,1,0,0,0,0,0,0,0,0,0,0,0,0
42.00467177,-87.7639338,1,0,0,0,0,0,0,0,0,0,0,0,0,0,0,0,0,0,1,0,0
42.00467862,-87.70828506,2,0,0,0,0,0,0,0,0,0,0,1,1,0,0,0,0,0,0,0,1
42.00468749,-87.70789865,1,0,1,0,0,0,0,0,0,0,0,0,0,0,0,0,0,0,0,1,0
42.00471689,-87.76639482,2,0,0,0,0,1,0,0,0,0,0,0,0,0,0,0,0,0,2,0,0
42.00473672,-87.7053558,1,0,0,0,0,0,0,0,0,0,0,0,0,0,0,0,1,0,1,0,0
42.00473923,-87.70531163,1,0,0,0,0,0,0,0,0,0,0,0,0,0,0,0,0,0,0,1,0
42.00476964,-87.70385067,1,0,0,0,1,0,0,0,0,0,0,0,0,0,0,0,0,0,0,1,0
42.0048195,-87.70143658,1,0,0,0,1,0,0,0,0,0,0,0,0,0,0,0,0,0,1,0,0
42.00483438,-87.76296838,1,0,0,0,0,0,0,0,0,0,0,0,0,0,0,0,0,0,0,0,0
42.00483475,-87.70071898,1,0,0,0,0,0,1,0,0,0,0,0,0,0,0,0,0,0,1,0,0
42.00483541,-87.76428187,1,0,0,1,0,0,0,0,0,0,0,0,0,0,0,0,0,0,0,0,0
42.0048417,-87.7666623,1,0,0,0,0,0,0,0,1,0,0,0,0,0,0,0,0,0,0,1,0
42.00484521,-87.70012651,1,0,0,0,0,0,0,0,0,0,0,0,0,1,0,0,0,0,0,0,1
42.00486197,-87.70617873,1,0,0,0,0,0,0,0,1,0,0,0,0,0,0,0,0,0,0,0,1
42.00492204,-87.76681611,1,0,0,0,0,0,0,0,0,0,0,0,0,0,0,0,0,0,0,1,0
42.00492328,-87.7715366,1,0,0,0,0,0,0,0,0,0,0,0,0,0,0,0,0,0,0,0,0
42.00509645,-87.776664,1,0,0,0,0,0,0,0,1,0,0,0,0,0,0,0,0,0,0,1,0
42.00516704,-87.7714388,1,0,0,0,0,1,0,0,0,0,0,0,0,0,0,0,0,0,0,0,1
42.00518609,-87.77647557,1,0,0,0,0,0,0,0,0,0,0,0,0,0,0,0,0,0,0,0,1
42.00523262,-87.78156362,1,0,0,1,0,0,0,0,0,0,0,0,0,0,0,0,0,0,0,1,0
42.00526766,-87.70459265,1,0,0,0,0,0,0,0,0,0,0,0,0,0,0,0,1,0,1,0,0
42.00533352,-87.704592,2,0,0,0,0,2,0,0,0,0,0,0,0,0,0,0,0,0,0,0,2
42.00538405,-87.70932675,6,1,0,0,0,0,0,0,1,0,0,0,0,0,0,0,2,1,2,1,2
42.00542062,-87.7655313,1,0,0,0,0,0,0,0,0,0,0,0,0,0,0,0,1,0,1,0,0
42.00566351,-87.77816021,1,0,0,0,0,0,0,0,0,0,0,0,0,0,0,0,1,0,0,0,1
42.0056892,-87.70289602,1,0,0,0,0,0,0,0,0,0,0,0,0,0,0,0,0,0,0,1,0
42.00573887,-87.76496185,1,0,0,0,0,0,0,0,0,0,0,0,0,0,0,0,0,0,0,0,1
42.0059454,-87.70457862,1,0,0,0,0,0,0,0,0,0,0,0,0,0,0,0,1,0,0,0,0
42.00602023,-87.77026862,1,0,0,0,0,0,0,0,0,0,0,0,0,0,0,0,0,0,0,0,1
42.00632756,-87.78156519,1,0,0,0,0,0,0,0,0,0,0,0,0,0,0,0,0,0,0,0,1
42.0063856,-87.76201629,1,0,0,0,0,1,0,0,0,0,0,0,0,0,0,0,0,0,0,0,1
42.00652014,-87.76701534,1,0,0,0,0,0,0,0,1,0,0,0,0,0,0,0,0,0,0,0,1
42.00655432,-87.78249779,1,0,0,0,0,0,0,0,0,0,0,0,0,0,0,0,1,0,0,0,1
42.00661164,-87.77617983,1,0,0,0,0,0,0,0,0,0,0,0,0,0,0,0,1,0,0,0,1
42.00664413,-87.70039566,1,1,0,1,0,0,0,0,0,0,0,0,0,0,0,0,0,0,0,0,0
42.00686134,-87.7638738,1,0,0,0,0,0,0,0,0,0,0,0,0,0,0,0,0,0,0,0,0
42.00698101,-87.77538922,1,0,0,0,0,0,0,0,1,0,0,0,0,0,0,0,0,0,0,0,0
42.00709426,-87.76491299,1,0,0,0,0,0,0,0,0,0,0,0,0,0,0,0,0,0,1,0,0
42.00714283,-87.70928013,9,0,0,0,0,2,0,0,1,1,0,1,0,0,0,1,1,0,3,3,2
42.00715626,-87.78212834,2,0,0,0,0,0,0,0,0,0,0,0,0,0,0,0,2,0,0,1,0
42.00723336,-87.70927556,1,0,0,0,0,0,0,0,0,0,0,0,0,0,0,0,1,0,1,0,0
42.00731781,-87.77806856,1,0,0,0,0,0,0,0,0,0,0,0,0,0,1,0,0,0,0,0,1
42.00733986,-87.77808676,2,0,0,1,0,0,0,0,0,0,0,0,0,0,0,0,1,0,0,0,1
42.00738757,-87.77097773,1,0,0,0,0,0,0,0,0,0,0,0,0,0,0,0,0,0,1,0,0
42.00770164,-87.77516583,1,0,0,0,0,0,0,0,0,0,0,0,0,0,0,0,0,0,1,0,0
42.00818282,-87.78274866,1,0,0,0,0,0,0,0,0,0,0,0,0,0,0,0,1,0,0,0,0
42.00839078,-87.70313427,1,0,0,0,0,0,0,0,0,0,0,0,0,0,0,0,0,0,0,0,1
42.00839286,-87.70301282,1,0,0,0,0,0,0,0,1,0,0,0,0,0,0,0,0,0,0,0,1
42.00843419,-87.70104758,1,0,0,0,0,0,0,0,0,0,0,0,0,0,0,0,1,0,0,0,1
42.00843653,-87.70097397,1,0,0,0,0,0,0,0,0,0,0,0,0,0,0,0,0,0,0,0,0
42.00843846,-87.70082677,1,0,0,0,0,0,0,0,0,0,0,0,0,0,0,0,1,0,0,0,0
42.00844717,-87.70041458,1,0,0,0,0,0,0,0,0,0,0,0,0,0,0,0,1,0,0,1,0
42.00844758,-87.70048817,1,0,0,0,0,0,1,0,0,0,0,0,0,0,0,0,0,0,0,0,0
42.00844965,-87.70036673,1,0,0,0,0,0,0,0,1,0,0,0,0,0,0,0,0,0,0,1,0
42.00857143,-87.77683607,1,0,0,0,0,0,0,0,0,0,0,0,0,0,0,0,1,0,0,0,0
42.00861292,-87.77917218,1,0,0,0,0,0,0,0,0,0,0,0,0,0,0,0,1,0,0,0,1
42.00898115,-87.70922905,9,1,0,0,0,0,1,0,2,0,0,2,0,0,0,0,0,0,2,2,4
42.00902259,-87.78333014,1,1,0,1,0,0,0,0,0,0,0,0,0,0,0,0,0,0,0,1,0
42.00924437,-87.78494722,1,0,0,0,0,0,0,0,0,0,0,0,0,0,0,0,1,0,0,0,1
42.00925828,-87.70922266,11,1,0,0,1,1,0,0,2,0,0,0,0,0,0,0,4,1,6,1,3
42.00928675,-87.70338299,1,0,0,0,0,0,0,0,0,0,0,0,0,1,0,0,0,0,0,1,0
42.00929506,-87.70289721,1,0,0,0,0,0,0,0,0,0,0,0,0,0,0,0,1,0,0,0,0
42.00929547,-87.7029708,1,0,0,0,0,0,0,0,0,0,0,0,0,0,0,0,1,0,0,0,0
42.00929714,-87.70277577,2,0,0,1,0,0,0,0,0,0,0,0,0,0,1,0,0,0,0,0,0
42.00933694,-87.70103128,1,0,0,0,0,1,0,0,0,0,0,0,0,0,0,0,0,0,0,0,0
42.00934083,-87.70074056,1,0,0,0,0,0,0,0,0,0,0,0,0,0,0,0,1,0,0,1,0
42.00934343,-87.70071478,2,0,0,0,0,0,0,0,2,0,0,0,0,0,0,0,0,0,1,0,1
42.00934967,-87.70035412,1,0,0,0,0,0,0,0,0,0,0,0,0,0,0,0,1,0,1,0,0
42.00943813,-87.77730686,1,0,0,0,0,0,0,0,0,0,0,1,0,0,0,0,0,0,1,0,0
42.00948499,-87.70450329,2,0,0,1,0,1,0,0,0,0,0,0,0,0,0,0,0,0,0,1,0
42.01013451,-87.78229397,1,0,0,0,0,0,0,0,0,0,0,0,0,0,0,0,0,0,0,1,0
42.01019311,-87.70302449,1,0,0,0,0,0,0,0,0,0,0,0,0,0,0,0,0,0,0,0,0
42.01019989,-87.70275949,1,0,0,0,0,0,0,0,0,0,0,0,0,0,0,0,1,0,0,0,1
42.01024138,-87.70082363,1,0,0,0,0,0,0,0,0,0,0,1,0,0,0,0,0,0,1,0,0
42.01024605,-87.7006764,1,0,0,0,0,0,0,0,0,0,0,0,0,0,0,1,0,0,0,0,1
42.01024801,-87.70053288,1,0,0,0,0,0,0,0,0,0,0,0,0,0,0,0,1,0,0,0,0
42.01025242,-87.70033781,1,0,0,0,0,0,0,0,1,0,0,0,0,0,0,0,0,0,1,0,0
42.01031855,-87.77777753,1,0,0,0,0,0,0,0,0,0,0,0,0,0,0,0,1,0,0,0,1
42.01038082,-87.77590408,1,0,0,0,0,0,0,0,1,0,0,0,0,0,0,0,0,0,0,0,0
42.01038499,-87.70448706,1,0,0,0,0,0,0,0,0,0,0,0,0,0,0,0,1,0,0,1,0
42.01046622,-87.77597325,1,1,0,0,0,0,0,0,0,0,0,0,0,0,0,0,0,1,0,0,1
42.01090985,-87.70914396,7,0,1,2,0,0,1,0,0,0,0,1,0,0,0,0,1,0,0,2,3
42.01101277,-87.77493819,1,0,0,0,0,0,0,0,0,0,0,0,0,0,0,0,1,0,0,0,1
42.01102212,-87.78312526,2,0,0,0,0,1,0,0,0,0,0,1,0,0,0,0,0,0,2,0,0
42.01108688,-87.70337259,1,0,1,0,0,0,0,0,0,0,0,0,0,0,0,0,0,0,0,0,1
42.01108908,-87.70327321,1,0,0,0,0,0,0,0,0,0,0,0,0,0,0,0,1,0,0,0,1
42.01109794,-87.70288677,1,0,0,0,0,0,0,0,1,0,0,0,0,0,0,0,0,0,1,0,0
42.0110982,-87.7029346,1,0,0,0,0,0,0,0,0,0,0,0,0,0,0,0,1,0,0,0,1
42.01110264,-87.70274322,1,0,0,0,0,0,0,0,0,0,0,0,0,0,0,0,1,0,0,0,1
42.01114386,-87.70075949,1,0,0,0,0,0,0,0,0,0,0,0,0,0,0,0,1,0,0,0,1
42.01116138,-87.7806955,1,0,0,0,0,0,0,0,0,0,0,1,0,0,0,0,0,0,1,0,0
42.01120398,-87.77814883,1,0,0,0,0,0,0,0,0,0,0,1,0,0,0,0,0,0,1,0,0
42.01186955,-87.70849799,1,0,1,0,0,0,0,0,0,0,0,0,0,0,0,0,0,0,1,0,0
42.01188305,-87.70795327,1,0,0,0,0,0,0,0,0,0,0,0,0,0,0,0,1,0,0,0,1
42.01188953,-87.70763308,1,0,0,1,0,0,0,0,0,0,0,0,0,0,0,0,0,0,0,0,0
42.0118939,-87.70742697,1,0,0,0,0,0,0,0,0,0,0,0,0,0,0,0,1,0,0,0,1
42.0118964,-87.70738279,2,0,0,0,0,1,0,0,0,0,0,0,0,0,0,0,1,0,1,0,0
42.01194949,-87.70504568,2,0,0,1,1,0,0,0,0,0,0,0,0,0,0,0,0,0,1,0,0
42.01195825,-87.77355004,1,0,0,1,0,0,0,0,0,0,0,0,0,0,0,0,0,0,0,0,0
42.01195837,-87.77357579,1,0,0,0,0,1,0,0,0,0,0,0,0,0,0,0,0,0,1,0,0
42.01196568,-87.77507704,1,0,0,0,0,1,0,0,0,0,0,0,0,0,0,0,0,0,0,1,0
42.01198504,-87.77736931,1,0,0,0,0,0,0,0,0,0,0,0,0,0,0,0,1,0,1,0,0
42.01198963,-87.70335632,1,0,0,0,0,1,0,0,0,0,0,0,0,0,0,0,0,0,1,0,0
42.0119912,-87.7872271,4,0,0,1,1,0,0,0,0,0,0,0,0,1,0,0,0,0,1,1,0
42.01199138,-87.703176,1,0,0,0,0,0,0,0,0,0,0,0,0,0,0,0,0,0,1,0,0
42.0119951,-87.78746993,1,0,0,0,0,0,0,0,0,0,0,0,0,0,0,0,0,0,0,0,0
42.01199615,-87.70304348,1,0,0,0,0,0,0,0,0,0,0,1,0,0,0,0,0,0,1,0,0
42.0119984,-87.70295515,1,0,0,0,0,0,0,0,1,0,0,0,0,0,0,0,0,0,0,0,0
42.01200442,-87.78367242,1,0,0,0,0,0,0,0,0,1,0,0,0,0,0,0,0,0,1,0,0
42.01203087,-87.70137257,1,0,0,0,0,0,0,0,1,0,0,0,0,0,0,0,0,0,1,0,0
42.01203959,-87.70096404,1,0,0,1,0,0,0,0,0,0,0,0,0,0,0,0,0,0,0,0,0
42.01204401,-87.70076897,1,0,0,0,0,0,0,0,0,0,0,0,0,0,0,0,1,0,1,0,0
42.01205247,-87.70031261,3,0,0,1,0,1,0,0,0,0,0,0,0,0,0,0,0,0,1,1,1
42.01280742,-87.70737386,1,0,0,0,0,0,0,0,0,0,0,0,0,0,0,0,1,0,1,0,0
42.01284911,-87.70546,1,0,0,0,0,1,0,0,0,0,0,0,0,0,0,0,0,0,0,1,0
42.01285119,-87.70533855,1,0,0,0,0,0,0,0,0,0,0,0,0,0,0,0,0,0,0,0,0
42.01285341,-87.70524285,1,0,0,0,0,0,0,0,1,0,0,0,0,0,0,0,0,0,0,0,1
42.01285797,-87.70507354,1,0,0,1,0,0,0,0,0,0,0,0,0,0,0,0,0,0,1,0,0
42.01285823,-87.70512137,1,1,0,0,0,0,1,0,0,0,0,0,0,0,0,0,0,0,0,1,0
42.01296568,-87.7002042,1,0,0,0,0,0,0,0,0,0,0,0,0,0,0,0,1,0,0,0,0
42.01312763,-87.77757646,1,0,0,0,0,0,0,0,0,0,0,0,0,0,0,0,0,0,1,0,0
42.01314915,-87.77862132,1,0,0,1,0,0,0,0,0,0,0,0,0,0,0,0,0,0,1,0,0
42.01371342,-87.70744961,1,0,0,0,0,1,0,0,0,0,0,0,0,0,0,0,0,0,0,1,0
42.01371544,-87.70731712,1,0,0,0,0,0,0,0,0,0,0,0,0,0,0,0,0,0,0,0,1
42.01376385,-87.70512718,1,0,0,0,0,0,0,0,0,0,0,0,0,0,0,0,0,0,0,0,1
42.01376619,-87.70505356,2,0,0,0,1,0,0,0,0,0,0,0,0,0,0,0,1,0,0,1,0
42.0138058,-87.70326848,1,0,0,0,0,0,0,0,0,0,0,0,0,0,0,0,1,0,0,1,0
42.01380773,-87.70312127,1,0,0,0,0,0,0,0,0,0,0,0,0,0,0,0,1,0,0,0,0
42.01380995,-87.70302557,1,0,0,1,0,0,0,0,0,0,0,0,0,0,0,0,0,0,0,1,0
42.0138584,-87.70085771,2,0,0,0,0,1,0,0,1,0,0,0,0,0,0,0,0,0,0,1,1
42.01386074,-87.70078409,2,0,0,0,0,1,0,0,1,0,0,0,0,0,0,0,0,0,0,1,0
42.01386283,-87.70066631,1,0,0,0,0,0,0,0,1,0,0,0,0,0,0,0,0,0,1,0,0
42.01386465,-87.70049703,1,0,0,0,0,0,0,0,1,0,0,0,0,0,0,0,0,0,0,1,0
42.01472263,-87.70281785,1,0,0,0,0,0,0,0,0,0,0,0,0,0,0,0,1,0,0,0,1
42.01476428,-87.70091129,1,0,0,0,0,0,0,0,0,0,0,0,1,0,0,0,0,0,0,0,0
42.01552557,-87.70763056,1,0,0,0,0,0,0,0,0,0,0,0,0,0,0,0,0,0,0,1,0
42.01552731,-87.70744655,1,0,0,0,0,0,0,0,1,0,0,0,0,0,0,0,0,0,1,0,0
42.01552775,-87.7075275,1,0,0,0,0,0,0,0,0,0,0,0,0,0,0,0,1,0,1,0,0
42.01557142,-87.7054737,1,0,0,0,0,0,0,0,0,0,0,0,0,0,0,0,1,0,1,0,0
42.0155735,-87.70535224,1,0,0,0,0,0,0,0,0,0,0,0,0,0,0,0,0,0,0,0,1
42.01561948,-87.7032285,1,0,0,0,0,0,1,0,0,0,0,0,0,0,0,0,0,0,1,0,0
42.015626,-87.70291564,1,0,0,0,0,0,0,0,0,0,0,0,0,0,0,0,1,0,1,0,0
42.01562848,-87.70286778,2,0,0,0,0,0,0,0,0,0,0,0,0,1,0,0,1,0,1,0,1
42.01582333,-87.70437093,1,0,0,0,0,0,0,0,1,0,0,0,0,0,0,0,0,0,0,1,0
42.01643388,-87.70762901,1,0,0,0,0,0,0,0,1,0,0,0,0,0,0,0,0,0,0,1,0
42.01644033,-87.70730144,1,0,0,0,0,0,0,0,0,0,0,0,0,0,0,0,0,0,0,0,0
42.01658073,-87.70087489,1,0,0,0,0,0,0,0,1,0,0,0,0,0,0,0,0,0,0,0,0
42.01659112,-87.70027128,1,0,0,0,0,0,0,0,0,0,0,0,0,0,0,0,1,0,0,1,0
42.01733935,-87.7076091,1,0,0,0,0,1,0,0,0,0,0,0,0,0,0,0,0,0,0,0,1
42.01733969,-87.70767165,1,0,0,0,0,0,0,0,0,0,0,0,0,0,0,0,1,0,0,0,1
42.01734406,-87.70746553,1,0,0,0,0,0,0,0,0,0,0,0,0,0,0,0,1,0,1,0,0
42.01738577,-87.70555521,1,0,0,0,0,0,0,0,0,0,0,0,0,1,0,0,0,0,0,1,0
42.01739033,-87.70538589,2,0,0,0,0,1,0,0,1,0,0,0,0,0,0,0,0,0,0,1,0
42.01739725,-87.70514662,1,0,0,0,0,0,0,0,1,0,0,0,0,0,0,0,0,0,0,0,1
42.01740155,-87.70492946,1,0,0,0,0,0,0,0,0,0,0,0,0,0,0,0,1,0,1,0,0
42.01740181,-87.7049773,1,0,0,0,0,0,0,0,0,0,0,0,0,0,0,0,1,0,0,1,0
42.01743555,-87.70312225,3,0,0,0,0,0,0,0,1,0,0,0,0,0,0,0,1,0,0,0,0
42.01744676,-87.70266582,1,0,0,0,0,0,0,0,0,0,0,0,0,0,0,0,1,0,0,0,1
42.01748622,-87.70085856,1,0,0,0,0,0,0,0,0,0,0,1,0,0,0,0,0,0,0,1,0
42.01749037,-87.70061564,1,0,0,0,0,0,0,0,0,0,0,0,0,0,0,0,1,0,0,1,0
42.01825217,-87.70742719,1,0,0,0,0,1,0,0,0,0,0,0,0,0,0,0,0,0,1,0,0
42.01825402,-87.70726157,2,0,0,0,0,0,0,0,0,0,0,1,0,0,0,0,0,0,2,0,0
42.01830024,-87.70517453,2,0,0,0,0,0,0,0,2,0,0,0,0,0,0,0,0,0,0,1,1
42.01830258,-87.70510091,1,0,0,0,0,1,0,0,0,0,0,0,0,0,0,0,0,0,1,0,0
42.01830702,-87.7049095,1,0,0,0,0,0,0,0,0,0,0,0,0,0,0,0,1,0,1,0,0
42.01834169,-87.70322371,1,0,0,0,0,0,0,0,1,0,0,0,0,0,0,0,0,0,0,1,0
42.01834391,-87.703128,1,0,0,1,0,0,0,0,0,0,0,0,0,0,0,0,0,0,0,1,0
42.01834808,-87.70288876,1,0,0,0,0,0,0,0,0,0,0,0,0,0,0,0,1,0,1,0,0
42.01834846,-87.70295868,1,0,0,0,0,0,0,0,1,0,0,0,0,0,0,0,0,0,0,1,0
42.01839404,-87.7007686,1,1,1,0,0,0,0,0,0,0,0,0,0,0,0,0,0,0,0,1,0
42.01839445,-87.7008422,2,0,0,0,1,0,0,0,0,0,0,0,0,0,0,0,1,0,0,1,1
42.01839862,-87.70060296,1,0,0,0,0,0,1,0,0,0,0,0,0,0,0,0,0,0,1,0,0
42.01839888,-87.70065079,1,0,0,0,0,0,0,0,0,0,0,1,0,0,0,0,0,0,0,0,0
42.01840303,-87.70040787,1,0,0,0,0,0,0,0,0,0,0,0,0,0,0,0,1,0,1,0,0
42.01917595,-87.70724148,1,0,0,0,0,1,0,0,0,0,0,0,0,0,0,0,0,0,0,1,0
42.01925202,-87.7030896,2,0,1,0,0,0,0,0,0,0,0,0,0,0,0,0,1,0,0,0,1
42.01926101,-87.70272886,1,0,0,0,0,0,0,0,0,0,0,0,0,0,0,0,1,0,0,1,0
42.01930137,-87.70058665,1,0,0,0,0,0,0,0,1,0,0,0,0,0,0,0,0,0,0,0,0
42.01930814,-87.70032161,1,1,0,1,0,0,0,0,0,0,0,0,0,0,0,0,0,0,0,0,0
42.01930828,-87.70034737,1,0,0,0,0,0,0,0,0,0,0,0,0,0,0,0,1,0,0,0,1
